-- MySQL dump 10.13  Distrib 8.0.33, for Win64 (x86_64)
--
-- Host: localhost    Database: dogshelterdb
-- ------------------------------------------------------
-- Server version	8.0.33

/*!40101 SET @OLD_CHARACTER_SET_CLIENT=@@CHARACTER_SET_CLIENT */;
/*!40101 SET @OLD_CHARACTER_SET_RESULTS=@@CHARACTER_SET_RESULTS */;
/*!40101 SET @OLD_COLLATION_CONNECTION=@@COLLATION_CONNECTION */;
/*!50503 SET NAMES utf8mb4 */;
/*!40103 SET @OLD_TIME_ZONE=@@TIME_ZONE */;
/*!40103 SET TIME_ZONE='+00:00' */;
/*!40014 SET @OLD_UNIQUE_CHECKS=@@UNIQUE_CHECKS, UNIQUE_CHECKS=0 */;
/*!40014 SET @OLD_FOREIGN_KEY_CHECKS=@@FOREIGN_KEY_CHECKS, FOREIGN_KEY_CHECKS=0 */;
/*!40101 SET @OLD_SQL_MODE=@@SQL_MODE, SQL_MODE='NO_AUTO_VALUE_ON_ZERO' */;
/*!40111 SET @OLD_SQL_NOTES=@@SQL_NOTES, SQL_NOTES=0 */;

--
-- Table structure for table `auth_group`
--

DROP TABLE IF EXISTS `auth_group`;
/*!40101 SET @saved_cs_client     = @@character_set_client */;
/*!50503 SET character_set_client = utf8mb4 */;
CREATE TABLE `auth_group` (
  `id` int NOT NULL AUTO_INCREMENT,
  `name` varchar(150) NOT NULL,
  PRIMARY KEY (`id`),
  UNIQUE KEY `name` (`name`)
) ENGINE=InnoDB AUTO_INCREMENT=5 DEFAULT CHARSET=utf8mb3;
/*!40101 SET character_set_client = @saved_cs_client */;

--
-- Dumping data for table `auth_group`
--

LOCK TABLES `auth_group` WRITE;
/*!40000 ALTER TABLE `auth_group` DISABLE KEYS */;
INSERT INTO `auth_group` VALUES (4,'Vet'),(3,'Viewer');
/*!40000 ALTER TABLE `auth_group` ENABLE KEYS */;
UNLOCK TABLES;

--
-- Table structure for table `auth_group_permissions`
--

DROP TABLE IF EXISTS `auth_group_permissions`;
/*!40101 SET @saved_cs_client     = @@character_set_client */;
/*!50503 SET character_set_client = utf8mb4 */;
CREATE TABLE `auth_group_permissions` (
  `id` bigint NOT NULL AUTO_INCREMENT,
  `group_id` int NOT NULL,
  `permission_id` int NOT NULL,
  PRIMARY KEY (`id`),
  UNIQUE KEY `auth_group_permissions_group_id_permission_id_0cd325b0_uniq` (`group_id`,`permission_id`),
  KEY `auth_group_permissio_permission_id_84c5c92e_fk_auth_perm` (`permission_id`),
  CONSTRAINT `auth_group_permissio_permission_id_84c5c92e_fk_auth_perm` FOREIGN KEY (`permission_id`) REFERENCES `auth_permission` (`id`),
  CONSTRAINT `auth_group_permissions_group_id_b120cbf9_fk_auth_group_id` FOREIGN KEY (`group_id`) REFERENCES `auth_group` (`id`)
) ENGINE=InnoDB AUTO_INCREMENT=121 DEFAULT CHARSET=utf8mb3;
/*!40101 SET character_set_client = @saved_cs_client */;

--
-- Dumping data for table `auth_group_permissions`
--

LOCK TABLES `auth_group_permissions` WRITE;
/*!40000 ALTER TABLE `auth_group_permissions` DISABLE KEYS */;
INSERT INTO `auth_group_permissions` VALUES (62,3,4),(65,3,8),(66,3,12),(68,3,16),(70,3,20),(71,3,24),(72,3,28),(61,3,32),(63,3,36),(64,3,40),(67,3,44),(69,3,48),(73,4,1),(74,4,2),(75,4,3),(76,4,4),(77,4,5),(78,4,6),(79,4,7),(80,4,8),(81,4,9),(82,4,10),(83,4,11),(84,4,12),(85,4,13),(86,4,14),(87,4,15),(88,4,16),(89,4,17),(90,4,18),(91,4,19),(92,4,20),(93,4,21),(94,4,22),(95,4,23),(96,4,24),(97,4,25),(98,4,26),(99,4,27),(100,4,28),(101,4,29),(102,4,30),(103,4,31),(104,4,32),(105,4,33),(106,4,34),(107,4,35),(108,4,36),(109,4,37),(110,4,38),(111,4,39),(112,4,40),(113,4,41),(114,4,42),(115,4,43),(116,4,44),(117,4,45),(118,4,46),(119,4,47),(120,4,48);
/*!40000 ALTER TABLE `auth_group_permissions` ENABLE KEYS */;
UNLOCK TABLES;

--
-- Table structure for table `auth_permission`
--

DROP TABLE IF EXISTS `auth_permission`;
/*!40101 SET @saved_cs_client     = @@character_set_client */;
/*!50503 SET character_set_client = utf8mb4 */;
CREATE TABLE `auth_permission` (
  `id` int NOT NULL AUTO_INCREMENT,
  `name` varchar(255) NOT NULL,
  `content_type_id` int NOT NULL,
  `codename` varchar(100) NOT NULL,
  PRIMARY KEY (`id`),
  UNIQUE KEY `auth_permission_content_type_id_codename_01ab375a_uniq` (`content_type_id`,`codename`),
  CONSTRAINT `auth_permission_content_type_id_2f476e4b_fk_django_co` FOREIGN KEY (`content_type_id`) REFERENCES `django_content_type` (`id`)
) ENGINE=InnoDB AUTO_INCREMENT=77 DEFAULT CHARSET=utf8mb3;
/*!40101 SET character_set_client = @saved_cs_client */;

--
-- Dumping data for table `auth_permission`
--

LOCK TABLES `auth_permission` WRITE;
/*!40000 ALTER TABLE `auth_permission` DISABLE KEYS */;
INSERT INTO `auth_permission` VALUES (1,'Can add dog',1,'add_dog'),(2,'Can change dog',1,'change_dog'),(3,'Can delete dog',1,'delete_dog'),(4,'Can view dog',1,'view_dog'),(5,'Can add owner',2,'add_owner'),(6,'Can change owner',2,'change_owner'),(7,'Can delete owner',2,'delete_owner'),(8,'Can view owner',2,'view_owner'),(9,'Can add camera',3,'add_camera'),(10,'Can change camera',3,'change_camera'),(11,'Can delete camera',3,'delete_camera'),(12,'Can view camera',3,'view_camera'),(13,'Can add observes',4,'add_observes'),(14,'Can change observes',4,'change_observes'),(15,'Can delete observes',4,'delete_observes'),(16,'Can view observes',4,'view_observes'),(17,'Can add treatment',5,'add_treatment'),(18,'Can change treatment',5,'change_treatment'),(19,'Can delete treatment',5,'delete_treatment'),(20,'Can view treatment',5,'view_treatment'),(21,'Can add entrance examination',6,'add_entranceexamination'),(22,'Can change entrance examination',6,'change_entranceexamination'),(23,'Can delete entrance examination',6,'delete_entranceexamination'),(24,'Can view entrance examination',6,'view_entranceexamination'),(25,'Can add kennel',7,'add_kennel'),(26,'Can change kennel',7,'change_kennel'),(27,'Can delete kennel',7,'delete_kennel'),(28,'Can view kennel',7,'view_kennel'),(29,'Can add dog placement',8,'add_dogplacement'),(30,'Can change dog placement',8,'change_dogplacement'),(31,'Can delete dog placement',8,'delete_dogplacement'),(32,'Can view dog placement',8,'view_dogplacement'),(33,'Can add observation',9,'add_observation'),(34,'Can change observation',9,'change_observation'),(35,'Can delete observation',9,'delete_observation'),(36,'Can view observation',9,'view_observation'),(37,'Can add dog stance',10,'add_dogstance'),(38,'Can change dog stance',10,'change_dogstance'),(39,'Can delete dog stance',10,'delete_dogstance'),(40,'Can view dog stance',10,'view_dogstance'),(41,'Can add news',11,'add_news'),(42,'Can change news',11,'change_news'),(43,'Can delete news',11,'delete_news'),(44,'Can view news',11,'view_news'),(45,'Can add profile',12,'add_profile'),(46,'Can change profile',12,'change_profile'),(47,'Can delete profile',12,'delete_profile'),(48,'Can view profile',12,'view_profile'),(49,'Can add log entry',13,'add_logentry'),(50,'Can change log entry',13,'change_logentry'),(51,'Can delete log entry',13,'delete_logentry'),(52,'Can view log entry',13,'view_logentry'),(53,'Can add permission',14,'add_permission'),(54,'Can change permission',14,'change_permission'),(55,'Can delete permission',14,'delete_permission'),(56,'Can view permission',14,'view_permission'),(57,'Can add group',15,'add_group'),(58,'Can change group',15,'change_group'),(59,'Can delete group',15,'delete_group'),(60,'Can view group',15,'view_group'),(61,'Can add user',16,'add_user'),(62,'Can change user',16,'change_user'),(63,'Can delete user',16,'delete_user'),(64,'Can view user',16,'view_user'),(65,'Can add content type',17,'add_contenttype'),(66,'Can change content type',17,'change_contenttype'),(67,'Can delete content type',17,'delete_contenttype'),(68,'Can view content type',17,'view_contenttype'),(69,'Can add session',18,'add_session'),(70,'Can change session',18,'change_session'),(71,'Can delete session',18,'delete_session'),(72,'Can view session',18,'view_session'),(73,'Can add branch',19,'add_branch'),(74,'Can change branch',19,'change_branch'),(75,'Can delete branch',19,'delete_branch'),(76,'Can view branch',19,'view_branch');
/*!40000 ALTER TABLE `auth_permission` ENABLE KEYS */;
UNLOCK TABLES;

--
-- Table structure for table `auth_user`
--

DROP TABLE IF EXISTS `auth_user`;
/*!40101 SET @saved_cs_client     = @@character_set_client */;
/*!50503 SET character_set_client = utf8mb4 */;
CREATE TABLE `auth_user` (
  `id` int NOT NULL AUTO_INCREMENT,
  `password` varchar(128) NOT NULL,
  `last_login` datetime(6) DEFAULT NULL,
  `is_superuser` tinyint(1) NOT NULL,
  `username` varchar(150) NOT NULL,
  `first_name` varchar(150) NOT NULL,
  `last_name` varchar(150) NOT NULL,
  `email` varchar(254) NOT NULL,
  `is_staff` tinyint(1) NOT NULL,
  `is_active` tinyint(1) NOT NULL,
  `date_joined` datetime(6) NOT NULL,
  PRIMARY KEY (`id`),
  UNIQUE KEY `username` (`username`)
) ENGINE=InnoDB AUTO_INCREMENT=7 DEFAULT CHARSET=utf8mb3;
/*!40101 SET character_set_client = @saved_cs_client */;

--
-- Dumping data for table `auth_user`
--

LOCK TABLES `auth_user` WRITE;
/*!40000 ALTER TABLE `auth_user` DISABLE KEYS */;
INSERT INTO `auth_user` VALUES (1,'pbkdf2_sha256$600000$dYK6viisPEYaAS06EOqqKJ$35Zqk+1L3haLN+thwgw5G1IzdjbkDxrpJ2yu657QOo0=','2024-02-15 23:15:31.225582',1,'ZiadFa','Ziad','Fa','ziad.fa@gmail.com',1,1,'2023-07-02 14:42:48.901527'),(2,'pbkdf2_sha256$600000$ecsT0h4kNi5n3m3OqwBHtr$wCRSCf0vKywN0s97MLRdqp9YDAgbQg+201JXv9kC4cE=','2024-02-15 16:21:18.473613',0,'RegularJoe','Reggie','Joe','regular@joe.com',0,1,'2023-07-02 20:53:20.544552'),(3,'pbkdf2_sha256$600000$a855XJUg7wIg7IvHoa9814$90iJ6q257tjGjnHpkQn1Ob3DIRgzCqmfu4axvoys7+Q=','2023-07-28 14:26:07.959295',0,'VetUser','Martin','Martinson','vetty@gmail.com',0,1,'2023-07-02 20:58:55.718035'),(6,'pbkdf2_sha256$600000$IXEdk4bPz4zjFRqZgSrd4c$2c7rNlrNyy+Km9xJ5EHSW7ouhrKcd2tjqAYb/1Ywme8=','2023-12-17 11:59:13.419382',0,'Testguy','test','guy','test@guy.com',0,1,'2023-08-01 15:13:27.126545');
/*!40000 ALTER TABLE `auth_user` ENABLE KEYS */;
UNLOCK TABLES;

--
-- Table structure for table `auth_user_groups`
--

DROP TABLE IF EXISTS `auth_user_groups`;
/*!40101 SET @saved_cs_client     = @@character_set_client */;
/*!50503 SET character_set_client = utf8mb4 */;
CREATE TABLE `auth_user_groups` (
  `id` bigint NOT NULL AUTO_INCREMENT,
  `user_id` int NOT NULL,
  `group_id` int NOT NULL,
  PRIMARY KEY (`id`),
  UNIQUE KEY `auth_user_groups_user_id_group_id_94350c0c_uniq` (`user_id`,`group_id`),
  KEY `auth_user_groups_group_id_97559544_fk_auth_group_id` (`group_id`),
  CONSTRAINT `auth_user_groups_group_id_97559544_fk_auth_group_id` FOREIGN KEY (`group_id`) REFERENCES `auth_group` (`id`),
  CONSTRAINT `auth_user_groups_user_id_6a12ed8b_fk_auth_user_id` FOREIGN KEY (`user_id`) REFERENCES `auth_user` (`id`)
) ENGINE=InnoDB AUTO_INCREMENT=30 DEFAULT CHARSET=utf8mb3;
/*!40101 SET character_set_client = @saved_cs_client */;

--
-- Dumping data for table `auth_user_groups`
--

LOCK TABLES `auth_user_groups` WRITE;
/*!40000 ALTER TABLE `auth_user_groups` DISABLE KEYS */;
INSERT INTO `auth_user_groups` VALUES (29,2,3),(26,3,4),(27,6,3);
/*!40000 ALTER TABLE `auth_user_groups` ENABLE KEYS */;
UNLOCK TABLES;

--
-- Table structure for table `auth_user_user_permissions`
--

DROP TABLE IF EXISTS `auth_user_user_permissions`;
/*!40101 SET @saved_cs_client     = @@character_set_client */;
/*!50503 SET character_set_client = utf8mb4 */;
CREATE TABLE `auth_user_user_permissions` (
  `id` bigint NOT NULL AUTO_INCREMENT,
  `user_id` int NOT NULL,
  `permission_id` int NOT NULL,
  PRIMARY KEY (`id`),
  UNIQUE KEY `auth_user_user_permissions_user_id_permission_id_14a6b632_uniq` (`user_id`,`permission_id`),
  KEY `auth_user_user_permi_permission_id_1fbb5f2c_fk_auth_perm` (`permission_id`),
  CONSTRAINT `auth_user_user_permi_permission_id_1fbb5f2c_fk_auth_perm` FOREIGN KEY (`permission_id`) REFERENCES `auth_permission` (`id`),
  CONSTRAINT `auth_user_user_permissions_user_id_a95ead1b_fk_auth_user_id` FOREIGN KEY (`user_id`) REFERENCES `auth_user` (`id`)
) ENGINE=InnoDB DEFAULT CHARSET=utf8mb3;
/*!40101 SET character_set_client = @saved_cs_client */;

--
-- Dumping data for table `auth_user_user_permissions`
--

LOCK TABLES `auth_user_user_permissions` WRITE;
/*!40000 ALTER TABLE `auth_user_user_permissions` DISABLE KEYS */;
/*!40000 ALTER TABLE `auth_user_user_permissions` ENABLE KEYS */;
UNLOCK TABLES;

--
-- Table structure for table `django_admin_log`
--

DROP TABLE IF EXISTS `django_admin_log`;
/*!40101 SET @saved_cs_client     = @@character_set_client */;
/*!50503 SET character_set_client = utf8mb4 */;
CREATE TABLE `django_admin_log` (
  `id` int NOT NULL AUTO_INCREMENT,
  `action_time` datetime(6) NOT NULL,
  `object_id` longtext,
  `object_repr` varchar(200) NOT NULL,
  `action_flag` smallint unsigned NOT NULL,
  `change_message` longtext NOT NULL,
  `content_type_id` int DEFAULT NULL,
  `user_id` int NOT NULL,
  PRIMARY KEY (`id`),
  KEY `django_admin_log_content_type_id_c4bce8eb_fk_django_co` (`content_type_id`),
  KEY `django_admin_log_user_id_c564eba6_fk_auth_user_id` (`user_id`),
  CONSTRAINT `django_admin_log_content_type_id_c4bce8eb_fk_django_co` FOREIGN KEY (`content_type_id`) REFERENCES `django_content_type` (`id`),
  CONSTRAINT `django_admin_log_user_id_c564eba6_fk_auth_user_id` FOREIGN KEY (`user_id`) REFERENCES `auth_user` (`id`),
  CONSTRAINT `django_admin_log_chk_1` CHECK ((`action_flag` >= 0))
) ENGINE=InnoDB AUTO_INCREMENT=328 DEFAULT CHARSET=utf8mb3;
/*!40101 SET character_set_client = @saved_cs_client */;

--
-- Dumping data for table `django_admin_log`
--

LOCK TABLES `django_admin_log` WRITE;
/*!40000 ALTER TABLE `django_admin_log` DISABLE KEYS */;
INSERT INTO `django_admin_log` VALUES (1,'2023-07-02 14:47:35.631019','1','Longtail the Dalmatian',1,'[{\"added\": {}}]',1,1),(2,'2023-07-02 14:49:03.350030','1','Bran Stark',1,'[{\"added\": {}}]',2,1),(3,'2023-07-02 14:49:11.727306','1','Longtail the Dalmatian',2,'[{\"changed\": {\"fields\": [\"Owner\"]}}]',1,1),(4,'2023-07-02 14:55:14.239094','1','Treatment: \'Viral Rash\' on Longtail the Dalmatian, by Gianna',1,'[{\"added\": {}}]',5,1),(5,'2023-07-02 14:56:16.834428','1','Longtail the Dalmatian, examined by Gianna on: 30-06-2023',1,'[{\"added\": {}}]',6,1),(6,'2023-07-02 14:56:32.120739','1','Camera #1',1,'[{\"added\": {}}]',3,1),(7,'2023-07-02 14:56:36.335117','2','Camera #2',1,'[{\"added\": {}}]',3,1),(8,'2023-07-02 14:57:22.515989','1','Camera #1 on Longtail the Dalmatian',1,'[{\"added\": {}}]',4,1),(9,'2023-07-02 14:57:46.519673','1','Kennel #1',1,'[{\"added\": {}}]',7,1),(10,'2023-07-02 14:58:25.349374','1','Longtail the Dalmatian in Kennel #1 entered on 01-07-2023',1,'[{\"added\": {}}]',8,1),(11,'2023-07-02 14:59:06.505769','1','Camera #1 on Longtail the Dalmatian, on 01-07-2023 at 17:58',1,'[{\"added\": {}}]',9,1),(12,'2023-07-02 16:21:19.565282','3','Camera #3',1,'[{\"added\": {}}]',3,1),(13,'2023-07-02 16:21:24.043533','4','Camera #4',1,'[{\"added\": {}}]',3,1),(14,'2023-07-02 16:21:29.148802','5','Camera #5',1,'[{\"added\": {}}]',3,1),(15,'2023-07-02 16:21:33.545055','6','Camera #6',1,'[{\"added\": {}}]',3,1),(16,'2023-07-02 16:21:38.560592','7','Camera #7',1,'[{\"added\": {}}]',3,1),(17,'2023-07-02 16:22:09.583243','2','Camera #2 on Timmy',1,'[{\"added\": {}}]',4,1),(18,'2023-07-02 16:22:18.002005','3','Camera #3 on Timmy',1,'[{\"added\": {}}]',4,1),(19,'2023-07-02 16:22:24.328517','4','Camera #3 on Max the German Shepherd',1,'[{\"added\": {}}]',4,1),(20,'2023-07-02 16:22:30.460373','2','Camera #2 on Timmy',2,'[]',4,1),(21,'2023-07-02 16:22:40.989400','5','Camera #4 on Oscar the Husky',1,'[{\"added\": {}}]',4,1),(22,'2023-07-02 16:22:47.310057','6','Camera #5 on Ryan the Golden Retriever',1,'[{\"added\": {}}]',4,1),(23,'2023-07-02 16:22:52.780759','7','Camera #6 on Bryan the Mastiff',1,'[{\"added\": {}}]',4,1),(24,'2023-07-02 16:22:58.707649','8','Camera #7 on Craig the Husky',1,'[{\"added\": {}}]',4,1),(25,'2023-07-02 16:23:04.842683','9','Camera #7 on Timmy',1,'[{\"added\": {}}]',4,1),(26,'2023-07-02 16:23:11.663333','10','Camera #6 on Timmy',1,'[{\"added\": {}}]',4,1),(27,'2023-07-02 18:16:41.964357','2','Kennel #2',1,'[{\"added\": {}}]',7,1),(28,'2023-07-02 18:18:04.112141','3','Kennel #3',1,'[{\"added\": {}}]',7,1),(29,'2023-07-02 18:18:08.432752','4','Kennel #4',1,'[{\"added\": {}}]',7,1),(30,'2023-07-02 18:18:13.595303','5','Kennel #5',1,'[{\"added\": {}}]',7,1),(31,'2023-07-02 18:18:17.512953','6','Kennel #6',1,'[{\"added\": {}}]',7,1),(32,'2023-07-02 18:18:22.738647','7','Kennel #7',1,'[{\"added\": {}}]',7,1),(33,'2023-07-02 18:18:27.378719','8','Kennel #8',1,'[{\"added\": {}}]',7,1),(34,'2023-07-02 18:18:32.153974','9','Kennel #9',1,'[{\"added\": {}}]',7,1),(35,'2023-07-02 18:18:37.130944','10','Kennel #10',1,'[{\"added\": {}}]',7,1),(36,'2023-07-02 18:18:50.285183','2','Kennel #2',2,'[{\"changed\": {\"fields\": [\"KennelImage\"]}}]',7,1),(37,'2023-07-02 18:20:56.503833','3','Kennel #3',2,'[{\"changed\": {\"fields\": [\"KennelImage\"]}}]',7,1),(38,'2023-07-02 18:21:02.001151','4','Kennel #4',2,'[{\"changed\": {\"fields\": [\"KennelImage\"]}}]',7,1),(39,'2023-07-02 18:21:07.612609','5','Kennel #5',2,'[{\"changed\": {\"fields\": [\"KennelImage\"]}}]',7,1),(40,'2023-07-02 18:21:13.368908','6','Kennel #6',2,'[{\"changed\": {\"fields\": [\"KennelImage\"]}}]',7,1),(41,'2023-07-02 18:21:18.334720','7','Kennel #7',2,'[{\"changed\": {\"fields\": [\"KennelImage\"]}}]',7,1),(42,'2023-07-02 18:21:23.263724','8','Kennel #8',2,'[{\"changed\": {\"fields\": [\"KennelImage\"]}}]',7,1),(43,'2023-07-02 18:21:31.847905','9','Kennel #9',2,'[{\"changed\": {\"fields\": [\"KennelImage\"]}}]',7,1),(44,'2023-07-02 18:21:37.752738','10','Kennel #10',2,'[{\"changed\": {\"fields\": [\"KennelImage\"]}}]',7,1),(45,'2023-07-02 18:21:41.949516','11','Kennel #11',1,'[{\"added\": {}}]',7,1),(46,'2023-07-02 18:21:44.582163','12','Kennel #12',1,'[{\"added\": {}}]',7,1),(47,'2023-07-02 18:21:46.832311','13','Kennel #13',1,'[{\"added\": {}}]',7,1),(48,'2023-07-02 18:21:49.055074','14','Kennel #14',1,'[{\"added\": {}}]',7,1),(49,'2023-07-02 18:21:51.335439','15','Kennel #15',1,'[{\"added\": {}}]',7,1),(50,'2023-07-02 20:54:58.557785','1','Vet',1,'[{\"added\": {}}]',15,1),(51,'2023-07-02 20:55:39.240983','2','Regular',1,'[{\"added\": {}}]',15,1),(52,'2023-07-02 22:45:05.088006','7','Longtail the Dalmatian in Kennel #4 entered on 25-01-2023',2,'[{\"changed\": {\"fields\": [\"Dog\", \"Kennel\"]}}]',8,1),(53,'2023-07-02 22:50:37.660028','18','Unknown camera on Unknown dog, on 02-07-2023 at 01:50',1,'[{\"added\": {}}]',9,1),(54,'2023-07-02 22:50:58.240751','19','Unknown camera on Unknown dog, on 29-04-2023 at 18:00',1,'[{\"added\": {}}]',9,1),(55,'2023-07-02 22:51:19.703283','20','Unknown camera on Unknown dog, on 23-06-2023 at 00:00',1,'[{\"added\": {}}]',9,1),(56,'2023-07-02 22:51:35.121395','21','Unknown camera on Unknown dog, on 15-06-2023 at 12:00',1,'[{\"added\": {}}]',9,1),(57,'2023-07-02 22:51:52.460734','22','Unknown camera on Unknown dog, on 16-06-2023 at 00:00',1,'[{\"added\": {}}]',9,1),(58,'2023-07-02 22:52:07.225289','23','Unknown camera on Unknown dog, on 01-07-2023 at 01:51',1,'[{\"added\": {}}]',9,1),(59,'2023-07-02 22:52:56.453132','1','Craig the Husky in Kennel #6 entered on 01-07-2023',2,'[{\"changed\": {\"fields\": [\"Dog\", \"Kennel\"]}}]',8,1),(60,'2023-07-02 22:53:25.764272','10','Camera #6 on Darlene the Dachshund',2,'[{\"changed\": {\"fields\": [\"Dog\", \"Camera\"]}}]',4,1),(61,'2023-07-03 08:11:18.252350','11','Longtail the Dalmatian in Kennel #2 entered on 29-05-2023',2,'[{\"changed\": {\"fields\": [\"Dog\", \"Kennel\"]}}]',8,1),(62,'2023-07-03 08:11:23.152217','2','Oscar the Husky in Kennel #2 entered on 01-05-2023',2,'[{\"changed\": {\"fields\": [\"Dog\", \"Kennel\"]}}]',8,1),(63,'2023-07-03 08:11:28.577016','8','Ryan the Golden Retriever in Kennel #4 entered on 13-04-2023',2,'[{\"changed\": {\"fields\": [\"Dog\", \"Kennel\"]}}]',8,1),(64,'2023-07-03 08:11:30.616369','8','Ryan the Golden Retriever in Kennel #4 entered on 13-04-2023',2,'[]',8,1),(65,'2023-07-03 08:11:37.564278','9','Craig the Husky in Kennel #5 entered on 01-03-2023',2,'[{\"changed\": {\"fields\": [\"Dog\", \"Kennel\"]}}]',8,1),(66,'2023-07-03 08:11:45.365567','3','Darlene the Dachshund in Kennel #6 entered on 10-02-2023',2,'[{\"changed\": {\"fields\": [\"Dog\", \"Kennel\"]}}]',8,1),(67,'2023-07-03 08:11:53.098311','14','Julie the Husky in Kennel #7 entered on 12-01-2023',2,'[{\"changed\": {\"fields\": [\"Dog\", \"Kennel\"]}}]',8,1),(68,'2023-07-03 08:11:58.758135','5','Cynthia the Boxer in Kennel #8 entered on 16-12-2022',2,'[{\"changed\": {\"fields\": [\"Dog\", \"Kennel\"]}}]',8,1),(69,'2023-07-03 08:12:04.997832','4','Bonnie the Boxer in Kennel #9 entered on 06-12-2022',2,'[{\"changed\": {\"fields\": [\"Dog\", \"Kennel\"]}}]',8,1),(70,'2023-07-03 08:12:10.884446','13','Bryan the Mastiff in Kennel #9 entered on 04-05-2022',2,'[{\"changed\": {\"fields\": [\"Dog\", \"Kennel\"]}}]',8,1),(71,'2023-07-03 08:12:17.257398','15','Paige the Dachshund in Kennel #10 entered on 07-04-2022',2,'[{\"changed\": {\"fields\": [\"Dog\", \"Kennel\"]}}]',8,1),(72,'2023-07-03 08:12:23.936101','12','Lindsay the Dachshund in Kennel #11 entered on 22-04-2021',2,'[{\"changed\": {\"fields\": [\"Dog\", \"Kennel\"]}}]',8,1),(73,'2023-07-03 08:12:31.073383','10','Leah the Husky in Kennel #12 entered on 13-11-2020',2,'[{\"changed\": {\"fields\": [\"Dog\", \"Kennel\"]}}]',8,1),(74,'2023-07-03 08:13:33.750470','22','Max the German Shepherd, examined by Rob on: 24-06-2022',2,'[{\"changed\": {\"fields\": [\"Dog\"]}}]',6,1),(75,'2023-07-03 08:13:36.523577','21','Longtail the Dalmatian, examined by Michael on: 20-02-2023',2,'[]',6,1),(76,'2023-07-03 08:13:41.416431','20','Oscar the Husky, examined by Anastasia on: 09-03-2023',2,'[{\"changed\": {\"fields\": [\"Dog\"]}}]',6,1),(77,'2023-07-03 08:13:46.057165','21','Julie the Husky, examined by Michael on: 20-02-2023',2,'[{\"changed\": {\"fields\": [\"Dog\"]}}]',6,1),(78,'2023-07-03 08:13:50.290268','19','Darlene the Dachshund, examined by Ali on: 06-01-2023',2,'[{\"changed\": {\"fields\": [\"Dog\"]}}]',6,1),(79,'2023-07-03 08:13:54.408354','18','Julie the Husky, examined by Samantha on: 13-12-2022',2,'[{\"changed\": {\"fields\": [\"Dog\"]}}]',6,1),(80,'2023-07-03 08:13:58.978466','17','Cynthia the Boxer, examined by Charlie on: 08-05-2022',2,'[{\"changed\": {\"fields\": [\"Dog\"]}}]',6,1),(81,'2023-07-03 08:14:03.879904','16','Bonnie the Boxer, examined by Charlie on: 10-05-2021',2,'[{\"changed\": {\"fields\": [\"Dog\"]}}]',6,1),(82,'2023-07-03 08:14:08.103147','15','Paige the Dachshund, examined by Shelly on: 29-09-2022',2,'[{\"changed\": {\"fields\": [\"Dog\"]}}]',6,1),(83,'2023-07-03 08:14:12.291277','14','Christopher the Dachshund, examined by Meirav on: 23-06-2022',2,'[{\"changed\": {\"fields\": [\"Dog\"]}}]',6,1),(84,'2023-07-03 08:14:34.252547','13','Timmy, examined by Shelly on: 13-03-2021',2,'[{\"changed\": {\"fields\": [\"Dog\"]}}]',6,1),(85,'2023-07-03 08:14:37.718827','12','James the Golden Retriever, examined by Roey on: 18-05-2021',2,'[{\"changed\": {\"fields\": [\"Dog\"]}}]',6,1),(86,'2023-07-03 08:14:41.097129','11','Leah the Husky, examined by Charlie on: 30-05-2023',2,'[{\"changed\": {\"fields\": [\"Dog\"]}}]',6,1),(87,'2023-07-03 08:14:44.599675','10','Jessica the Golden Retriever, examined by Charlie on: 03-05-2022',2,'[{\"changed\": {\"fields\": [\"Dog\"]}}]',6,1),(88,'2023-07-03 08:14:48.001172','9','James the Golden Retriever, examined by Michael on: 11-07-2021',2,'[{\"changed\": {\"fields\": [\"Dog\"]}}]',6,1),(89,'2023-07-03 08:14:51.369726','8','Lindsay the Dachshund, examined by Ali on: 26-08-2021',2,'[{\"changed\": {\"fields\": [\"Dog\"]}}]',6,1),(90,'2023-07-03 08:14:55.430758','7','Leah the Husky, examined by George on: 10-01-2021',2,'[{\"changed\": {\"fields\": [\"Dog\"]}}]',6,1),(91,'2023-07-03 08:14:59.685060','6','Christopher the Dachshund, examined by Sami on: 14-12-2022',2,'[{\"changed\": {\"fields\": [\"Dog\"]}}]',6,1),(92,'2023-07-03 08:15:03.864855','5','Melissa the Golden Retriever, examined by Roey on: 05-01-2019',2,'[{\"changed\": {\"fields\": [\"Dog\"]}}]',6,1),(93,'2023-07-03 08:15:07.620059','4','Paige the Dachshund, examined by George on: 10-01-2021',2,'[{\"changed\": {\"fields\": [\"Dog\"]}}]',6,1),(94,'2023-07-03 08:15:11.538937','3','Max the German Shepherd, examined by Sami on: 14-12-2022',2,'[{\"changed\": {\"fields\": [\"Dog\"]}}]',6,1),(95,'2023-07-03 08:15:15.138667','2','Ryan the Golden Retriever, examined by Roey on: 05-01-2019',2,'[{\"changed\": {\"fields\": [\"Dog\"]}}]',6,1),(96,'2023-07-03 08:15:33.655024','9','Camera #7 on Max the German Shepherd',2,'[{\"changed\": {\"fields\": [\"Dog\", \"Camera\"]}}]',4,1),(97,'2023-07-03 08:15:37.959569','8','Camera #1 on Longtail the Dalmatian',2,'[{\"changed\": {\"fields\": [\"Dog\", \"Camera\"]}}]',4,1),(98,'2023-07-03 08:15:45.754984','7','Camera #4 on Bryan the Mastiff',2,'[{\"changed\": {\"fields\": [\"Dog\", \"Camera\"]}}]',4,1),(99,'2023-07-03 08:15:50.026415','6','Camera #4 on Julie the Husky',2,'[{\"changed\": {\"fields\": [\"Dog\", \"Camera\"]}}]',4,1),(100,'2023-07-03 08:15:55.602113','5','Camera #5 on Cynthia the Boxer',2,'[{\"changed\": {\"fields\": [\"Dog\", \"Camera\"]}}]',4,1),(101,'2023-07-03 08:16:02.412659','4','Camera #6 on Bonnie the Boxer',2,'[{\"changed\": {\"fields\": [\"Dog\", \"Camera\"]}}]',4,1),(102,'2023-07-03 08:16:09.188017','3','Camera #6 on Ryan the Golden Retriever',2,'[{\"changed\": {\"fields\": [\"Dog\", \"Camera\"]}}]',4,1),(103,'2023-07-03 08:16:14.484305','2','Camera #7 on Oscar the Husky',2,'[{\"changed\": {\"fields\": [\"Dog\", \"Camera\"]}}]',4,1),(104,'2023-07-03 08:16:25.788743','1','Camera #1 on Oscar the Husky',2,'[{\"changed\": {\"fields\": [\"Dog\", \"Camera\"]}}]',4,1),(105,'2023-07-03 08:27:37.342500','11','Longtail the Dalmatian in Kennel #2 entered on 29-05-2023',2,'[]',8,1),(106,'2023-07-03 08:28:32.795777','14','Camera #6 on Darlene the Dachshund, on 23-05-2023 at 12:53',2,'[{\"changed\": {\"fields\": [\"Observes\"]}}]',9,1),(107,'2023-07-03 09:23:42.762316','19','Treatment: \'Underweight\' on Longtail the Dalmatian, by Johnathan',2,'[]',5,1),(108,'2023-07-03 09:23:46.930321','18','Treatment: \'Infection\' on Max the German Shepherd, by Meirav',2,'[{\"changed\": {\"fields\": [\"Dog\"]}}]',5,1),(109,'2023-07-03 09:23:51.500949','17','Treatment: \'Coughing\' on Oscar the Husky, by Meirav',2,'[{\"changed\": {\"fields\": [\"Dog\"]}}]',5,1),(110,'2023-07-03 09:23:55.855361','16','Treatment: \'Underweight\' on Ryan the Golden Retriever, by Anastasia',2,'[{\"changed\": {\"fields\": [\"Dog\"]}}]',5,1),(111,'2023-07-03 09:24:00.977101','15','Treatment: \'Coughing\' on Bryan the Mastiff, by Charlie',2,'[{\"changed\": {\"fields\": [\"Dog\"]}}]',5,1),(112,'2023-07-03 09:24:06.572082','14','Treatment: \'Rash Treatment\' on Craig the Husky, by Charlie',2,'[{\"changed\": {\"fields\": [\"Dog\"]}}]',5,1),(113,'2023-07-03 09:24:11.077445','13','Treatment: \'Rash Treatment\' on Darlene the Dachshund, by Charlie',2,'[{\"changed\": {\"fields\": [\"Dog\"]}}]',5,1),(114,'2023-07-03 09:24:16.490432','12','Treatment: \'Sneezing\' on Julie the Husky, by Samantha',2,'[{\"changed\": {\"fields\": [\"Dog\"]}}]',5,1),(115,'2023-07-03 09:24:22.181016','11','Treatment: \'Sneezing\' on Cynthia the Boxer, by Rob',2,'[{\"changed\": {\"fields\": [\"Dog\"]}}]',5,1),(116,'2023-07-03 09:24:35.653679','10','Treatment: \'Fatigue\' on Timmy, by Meirav',2,'[{\"changed\": {\"fields\": [\"Dog\"]}}]',5,1),(117,'2023-07-03 09:24:41.791118','9','Treatment: \'High Fever\' on James the Golden Retriever, by Mac',2,'[{\"changed\": {\"fields\": [\"Dog\"]}}]',5,1),(118,'2023-07-03 09:24:46.099035','8','Treatment: \'Fleas\' on Leah the Husky, by Rob',2,'[{\"changed\": {\"fields\": [\"Dog\"]}}]',5,1),(119,'2023-07-03 09:24:49.915022','7','Treatment: \'Coughing\' on Jessica the Golden Retriever, by Ali',2,'[{\"changed\": {\"fields\": [\"Dog\"]}}]',5,1),(120,'2023-07-03 09:24:52.758812','6','Treatment: \'Fatigue\' on Lindsay the Dachshund, by Meirav',2,'[{\"changed\": {\"fields\": [\"Dog\"]}}]',5,1),(121,'2023-07-03 09:24:56.032022','5','Treatment: \'Rash Treatment\' on Christopher the Dachshund, by Meirav',2,'[{\"changed\": {\"fields\": [\"Dog\"]}}]',5,1),(122,'2023-07-03 09:24:59.524205','4','Treatment: \'Fatigue\' on Melissa the Golden Retriever, by Shelly',2,'[{\"changed\": {\"fields\": [\"Dog\"]}}]',5,1),(123,'2023-07-03 09:25:03.675933','2','Treatment: \'Rash Treatment\' on Ryan the Golden Retriever, by Roey',2,'[{\"changed\": {\"fields\": [\"Dog\"]}}]',5,1),(124,'2023-07-03 09:25:18.670884','10','Treatment: \'Fatigue\' on Longtail the Dalmatian, by Meirav',2,'[{\"changed\": {\"fields\": [\"Dog\"]}}]',5,1),(125,'2023-07-03 09:45:50.890915','13','Longtail the Dalmatian, examined by Shelly on: 13-03-2021',2,'[{\"changed\": {\"fields\": [\"Dog\"]}}]',6,1),(126,'2023-07-03 10:15:55.146588','16','Camera #1 on Longtail the Dalmatian, on 02-03-2023 at 02:32',2,'[{\"changed\": {\"fields\": [\"Observes\"]}}]',9,1),(127,'2023-07-03 10:16:03.048275','15','Camera #1 on Longtail the Dalmatian, on 13-02-2023 at 20:15',2,'[{\"changed\": {\"fields\": [\"Observes\"]}}]',9,1),(128,'2023-07-03 10:18:06.398380','9','Camera #1 on Longtail the Dalmatian, on 19-06-2023 at 14:26',2,'[{\"changed\": {\"fields\": [\"IsKong\"]}}]',9,1),(129,'2023-07-03 13:32:31.794114','19','Timmy',2,'[{\"changed\": {\"fields\": [\"DogImage\"]}}]',1,1),(130,'2023-07-03 21:40:23.394573','2','Camera #6 on Darlene the Dachshund, on 23-05-2023 at 09:53, starting at 16:12',2,'[{\"changed\": {\"fields\": [\"DogLocation\"]}}]',10,1),(131,'2023-07-03 22:01:15.165308','3','Camera #6 on Ryan the Golden Retriever, on 31-03-2023 at 18:39, starting at 22:45',2,'[{\"changed\": {\"fields\": [\"DogLocation\"]}}]',10,1),(132,'2023-07-03 22:01:18.878557','10','Camera #6 on Ryan the Golden Retriever, on 21-08-2022 at 16:10, starting at 18:45',2,'[]',10,1),(133,'2023-07-03 22:01:26.773533','15','Camera #7 on Max the German Shepherd, on 15-06-2023 at 09:00, starting at 12:20',2,'[]',10,1),(134,'2023-07-03 22:01:30.560254','4','Camera #7 on Max the German Shepherd, on 16-06-2023 at 02:53, starting at 10:26',2,'[]',10,1),(135,'2023-07-03 22:01:41.004963','9','Camera #1 on Longtail the Dalmatian, on 19-06-2023 at 14:26',2,'[{\"changed\": {\"fields\": [\"IsKong\"]}}]',9,1),(136,'2023-07-03 22:11:43.557456','5','Camera #6 on Bonnie the Boxer, on 26-03-2022 at 00:00',2,'[{\"changed\": {\"fields\": [\"IsKong\"]}}]',9,1),(137,'2023-07-03 22:12:55.149952','21','Camera #6 on Bonnie the Boxer, on 25-03-2022 at 21:00, starting at 01:12',1,'[{\"added\": {}}]',10,1),(138,'2023-07-04 00:09:52.637370','6','Oscar the Husky in Kennel #5 entered on 02-08-2020',2,'[{\"changed\": {\"fields\": [\"Dog\", \"Kennel\"]}}]',8,1),(139,'2023-07-28 14:41:41.137383','1','Vet',2,'[{\"changed\": {\"fields\": [\"Permissions\"]}}]',15,1),(140,'2023-07-28 14:47:22.842672','1','Vet',3,'',15,1),(141,'2023-07-28 14:47:22.846623','2','Viewer',3,'',15,1),(142,'2023-09-14 14:58:39.629920','18','Camera #1 on Longtail the Dalmatian, on 02-07-2023 at 01:50',2,'[{\"changed\": {\"fields\": [\"Observes\"]}}]',9,1),(143,'2023-09-14 14:58:56.294481','20','Camera #1 on Longtail the Dalmatian, on 23-06-2023 at 00:00',2,'[{\"changed\": {\"fields\": [\"Observes\"]}}]',9,1),(144,'2023-09-14 14:59:18.592499','22','Camera #1 on Longtail the Dalmatian, on 16-06-2023 at 00:00',2,'[{\"changed\": {\"fields\": [\"Observes\"]}}]',9,1),(145,'2023-09-14 14:59:30.127911','7','Camera #1 on Longtail the Dalmatian, on 31-03-2023 at 21:39',2,'[{\"changed\": {\"fields\": [\"Observes\"]}}]',9,1),(146,'2023-09-14 14:59:48.828939','12','Camera #1 on Longtail the Dalmatian, on 24-01-2023 at 11:20',2,'[{\"changed\": {\"fields\": [\"Observes\"]}}]',9,1),(147,'2023-09-14 15:00:14.419988','14','Camera #1 on Longtail the Dalmatian, on 23-05-2023 at 12:53',2,'[{\"changed\": {\"fields\": [\"Observes\"]}}]',9,1),(148,'2023-09-16 17:43:53.312660','13','Kennel #13',3,'',7,1),(149,'2023-09-17 12:28:04.705557','1','Camera #7 on Longtail the Dalmatian, on 01-07-2023 at 17:58',2,'[{\"changed\": {\"fields\": [\"Observes\"]}}]',9,1),(150,'2023-09-17 16:17:43.904872','12','Camera #1 on Longtail on 16-09-2023, on 24-01-2023 at 11:20',2,'[{\"changed\": {\"fields\": [\"SessionDurationInMins\"]}}]',9,1),(151,'2023-09-17 16:18:05.131675','12','Camera #1 on Longtail on 16-09-2023, on 24-01-2023 at 11:20',2,'[{\"changed\": {\"fields\": [\"SessionDurationInMins\"]}}]',9,1),(152,'2023-09-17 16:18:22.598958','12','Camera #1 on Longtail on 16-09-2023, on 24-01-2023 at 11:20',2,'[{\"changed\": {\"fields\": [\"SessionDurationInMins\"]}}]',9,1),(153,'2023-09-18 22:02:33.955594','8','Camera #1 on Longtail on 19-09-2023',2,'[{\"changed\": {\"fields\": [\"SessionDate\"]}}]',4,1),(154,'2023-09-18 22:02:57.633712','22','Camera #3 on Longtail on 07-09-2023',2,'[{\"changed\": {\"fields\": [\"SessionDate\"]}}]',4,1),(155,'2023-09-20 12:36:40.297210','12','Camera #1 on Longtail on 19-09-2023, on 20-09-2023 at 11:20',2,'[{\"changed\": {\"fields\": [\"ObsDateTime\"]}}]',9,1),(156,'2023-09-20 12:37:34.765492','15','Camera #1 on Longtail on 19-09-2023, on 15-09-2023 at 20:15',2,'[{\"changed\": {\"fields\": [\"ObsDateTime\"]}}]',9,1),(157,'2023-09-20 12:38:12.083383','14','Camera #1 on Longtail on 19-09-2023, on 08-09-2023 at 12:53',2,'[{\"changed\": {\"fields\": [\"ObsDateTime\"]}}]',9,1),(158,'2023-09-20 12:38:47.232565','14','Camera #1 on Longtail on 19-09-2023, on 08-09-2023 at 12:53',2,'[{\"changed\": {\"fields\": [\"IsKong\"]}}]',9,1),(159,'2023-09-23 13:23:24.280678','3','Camera #1 on Longtail on 19-09-2023, on 02-03-2023 at 02:32, starting at 22:45',2,'[{\"changed\": {\"fields\": [\"Observation\"]}}]',10,1),(160,'2023-09-23 13:23:31.901733','9','Camera #1 on Longtail on 19-09-2023, on 02-03-2023 at 02:32, starting at 22:03',2,'[{\"changed\": {\"fields\": [\"Observation\"]}}]',10,1),(161,'2023-09-23 13:23:38.534449','7','Camera #1 on Longtail on 19-09-2023, on 02-03-2023 at 02:32, starting at 19:00',2,'[{\"changed\": {\"fields\": [\"Observation\"]}}]',10,1),(162,'2023-09-23 13:23:43.409315','10','Camera #1 on Longtail on 19-09-2023, on 02-03-2023 at 02:32, starting at 18:45',2,'[{\"changed\": {\"fields\": [\"Observation\"]}}]',10,1),(163,'2023-09-23 13:23:47.325744','10','Camera #1 on Longtail on 19-09-2023, on 02-03-2023 at 02:32, starting at 18:45',2,'[]',10,1),(164,'2023-09-23 13:23:57.791441','18','Camera #1 on Longtail on 19-09-2023, on 02-03-2023 at 02:32, starting at 16:39',2,'[{\"changed\": {\"fields\": [\"Observation\"]}}]',10,1),(165,'2023-09-23 13:24:09.222059','2','Camera #1 on Longtail on 19-09-2023, on 02-03-2023 at 02:32, starting at 16:12',2,'[{\"changed\": {\"fields\": [\"Observation\"]}}]',10,1),(166,'2023-09-23 13:24:17.025092','14','Camera #1 on Longtail on 19-09-2023, on 02-03-2023 at 02:32, starting at 15:48',2,'[{\"changed\": {\"fields\": [\"Observation\"]}}]',10,1),(167,'2023-09-23 13:24:28.161061','15','Camera #1 on Longtail on 19-09-2023, on 02-03-2023 at 02:32, starting at 12:20',2,'[{\"changed\": {\"fields\": [\"Observation\"]}}]',10,1),(168,'2023-09-23 13:24:37.416934','11','Camera #1 on Longtail on 19-09-2023, on 02-03-2023 at 02:32, starting at 10:55',2,'[{\"changed\": {\"fields\": [\"Observation\"]}}]',10,1),(169,'2023-09-23 13:24:44.596319','4','Camera #1 on Longtail on 19-09-2023, on 02-03-2023 at 02:32, starting at 10:26',2,'[{\"changed\": {\"fields\": [\"Observation\"]}}]',10,1),(170,'2023-09-23 13:25:29.295653','16','Camera #1 on Longtail on 19-09-2023, on 07-10-2023 at 02:32',2,'[{\"changed\": {\"fields\": [\"ObsDateTime\"]}}]',9,1),(171,'2023-09-27 00:50:30.356225','58','Camera #1 on Oscar on 16-09-2023, on 05-11-2023 at 01:00',1,'[{\"added\": {}}]',9,1),(172,'2023-09-27 00:50:46.968388','59','Camera #7 on Oscar on 16-09-2023, on 06-11-2023 at 02:00',1,'[{\"added\": {}}]',9,1),(173,'2023-09-27 00:51:05.035335','60','Camera #6 on Ryan on 16-09-2023, on 07-11-2023 at 03:00',1,'[{\"added\": {}}]',9,1),(174,'2023-09-27 00:51:25.516811','61','Camera #6 on Bonnie on 16-09-2023, on 08-11-2023 at 04:00',1,'[{\"added\": {}}]',9,1),(175,'2023-09-27 00:51:52.596101','62','Camera #4 on Julie on 16-09-2023, on 09-11-2023 at 05:00',1,'[{\"added\": {}}]',9,1),(176,'2023-09-27 00:52:31.192452','79','Camera #1 on Oscar on 16-09-2023, on 05-11-2023 at 01:00, starting at 03:52',1,'[{\"added\": {}}]',10,1),(177,'2023-09-27 00:54:18.577038','80','Camera #1 on Oscar on 16-09-2023, on 05-11-2023 at 01:00, starting at 03:54',1,'[{\"added\": {}}]',10,1),(178,'2023-09-27 00:54:31.684531','81','Camera #1 on Oscar on 16-09-2023, on 05-11-2023 at 01:00, starting at 03:54',1,'[{\"added\": {}}]',10,1),(179,'2023-09-27 00:55:27.294203','82','Camera #7 on Oscar on 16-09-2023, on 06-11-2023 at 02:00, starting at 03:55',1,'[{\"added\": {}}]',10,1),(180,'2023-09-27 00:55:37.515952','83','Camera #6 on Ryan on 16-09-2023, on 07-11-2023 at 03:00, starting at 03:55',1,'[{\"added\": {}}]',10,1),(181,'2023-09-27 00:55:44.999005','25','Camera #1 on Longtail on 19-09-2023, on 07-10-2023 at 02:32, starting at 22:59',2,'[{\"changed\": {\"fields\": [\"DogStance\"]}}]',10,1),(182,'2023-09-27 00:55:52.381739','24','Camera #1 on Longtail on 19-09-2023, on 07-10-2023 at 02:32, starting at 22:47',2,'[{\"changed\": {\"fields\": [\"DogStance\"]}}]',10,1),(183,'2023-09-27 00:55:55.543414','26','Camera #1 on Longtail on 19-09-2023, on 07-10-2023 at 02:32, starting at 23:00',2,'[]',10,1),(184,'2023-09-27 00:56:01.232961','23','Camera #1 on Longtail on 19-09-2023, on 07-10-2023 at 02:32, starting at 22:46',2,'[{\"changed\": {\"fields\": [\"DogStance\"]}}]',10,1),(185,'2023-09-27 00:57:00.272232','84','Camera #4 on Julie on 16-09-2023, on 09-11-2023 at 05:00, starting at 03:56',1,'[{\"added\": {}}]',10,1),(186,'2023-09-27 00:58:16.760906','85','Camera #7 on Oscar on 16-09-2023, on 06-11-2023 at 02:00, starting at 03:58',1,'[{\"added\": {}}]',10,1),(187,'2023-09-27 00:59:39.768473','86','Camera #6 on Bonnie on 16-09-2023, on 08-11-2023 at 04:00, starting at 03:59',1,'[{\"added\": {}}]',10,1),(188,'2023-09-27 01:00:34.955200','87','Camera #6 on Bonnie on 16-09-2023, on 08-11-2023 at 04:00, starting at 04:00',1,'[{\"added\": {}}]',10,1),(189,'2023-09-27 01:01:36.669416','88','Camera #6 on Bonnie on 16-09-2023, on 08-11-2023 at 04:00, starting at 04:01',1,'[{\"added\": {}}]',10,1),(190,'2023-09-27 01:05:32.923088','89','Camera #6 on Bonnie on 16-09-2023, on 08-11-2023 at 04:00, starting at 12:00',1,'[{\"added\": {}}]',10,1),(191,'2023-09-27 01:12:58.581050','90','Camera #6 on Bonnie on 16-09-2023, on 08-11-2023 at 04:00, starting at 04:12',1,'[{\"added\": {}}]',10,1),(192,'2023-09-27 01:15:08.930862','91','Camera #6 on Bonnie on 16-09-2023, on 08-11-2023 at 04:00, starting at 04:15',1,'[{\"added\": {}}]',10,1),(193,'2023-09-27 01:15:47.875654','92','Camera #4 on Julie on 16-09-2023, on 09-11-2023 at 05:00, starting at 04:15',1,'[{\"added\": {}}]',10,1),(194,'2023-09-27 01:16:19.888680','93','Camera #1 on Oscar on 16-09-2023, on 05-11-2023 at 01:00, starting at 04:16',1,'[{\"added\": {}}]',10,1),(195,'2023-09-27 01:39:44.737447','26','Camera #1 on Oscar on 16-09-2023, on 05-11-2023 at 01:00, starting at 04:39',2,'[{\"changed\": {\"fields\": [\"Observation\", \"StanceStartTime\"]}}]',10,1),(196,'2023-09-27 01:48:23.919950','94','Camera #1 on Oscar on 16-09-2023, on 05-11-2023 at 01:00, starting at 04:48',1,'[{\"added\": {}}]',10,1),(197,'2023-09-27 01:50:42.268454','95','Camera #1 on Longtail on 19-09-2023, on 07-10-2023 at 02:32, starting at 04:50',1,'[{\"added\": {}}]',10,1),(198,'2023-09-27 01:51:43.877183','96','Camera #7 on Oscar on 16-09-2023, on 06-11-2023 at 02:00, starting at 04:51',1,'[{\"added\": {}}]',10,1),(199,'2023-09-27 01:53:12.449655','97','Camera #1 on Longtail on 19-09-2023, on 29-09-2023 at 17:56, starting at 04:53',1,'[{\"added\": {}}]',10,1),(200,'2023-09-27 02:00:00.108011','98','Camera #1 on Oscar on 16-09-2023, on 05-11-2023 at 01:00, starting at 04:59',1,'[{\"added\": {}}]',10,1),(201,'2023-09-27 02:00:51.221828','99','Camera #1 on Oscar on 16-09-2023, on 05-11-2023 at 01:00, starting at 05:00',1,'[{\"added\": {}}]',10,1),(202,'2023-09-27 02:01:01.780943','100','Camera #1 on Oscar on 16-09-2023, on 05-11-2023 at 01:00, starting at 05:00',1,'[{\"added\": {}}]',10,1),(203,'2023-09-27 02:01:15.769126','101','Camera #1 on Oscar on 16-09-2023, on 05-11-2023 at 01:00, starting at 05:01',1,'[{\"added\": {}}]',10,1),(204,'2023-09-27 02:01:25.811489','102','Camera #1 on Oscar on 16-09-2023, on 05-11-2023 at 01:00, starting at 05:01',1,'[{\"added\": {}}]',10,1),(205,'2023-09-27 02:02:06.727073','103','Camera #1 on Oscar on 16-09-2023, on 05-11-2023 at 01:00, starting at 05:02',1,'[{\"added\": {}}]',10,1),(206,'2023-09-27 02:02:16.994104','104','Camera #1 on Oscar on 16-09-2023, on 05-11-2023 at 01:00, starting at 05:02',1,'[{\"added\": {}}]',10,1),(207,'2023-09-27 02:02:25.810587','105','Camera #1 on Oscar on 16-09-2023, on 05-11-2023 at 01:00, starting at 05:02',1,'[{\"added\": {}}]',10,1),(208,'2023-09-27 02:02:34.291462','106','Camera #1 on Oscar on 16-09-2023, on 05-11-2023 at 01:00, starting at 05:02',1,'[{\"added\": {}}]',10,1),(209,'2023-09-27 02:02:44.541187','107','Camera #1 on Oscar on 16-09-2023, on 05-11-2023 at 01:00, starting at 05:02',1,'[{\"added\": {}}]',10,1),(210,'2023-09-27 02:02:54.322798','108','Camera #1 on Oscar on 16-09-2023, on 05-11-2023 at 01:00, starting at 05:02',1,'[{\"added\": {}}]',10,1),(211,'2023-09-27 02:03:35.151306','109','Camera #7 on Oscar on 16-09-2023, on 06-11-2023 at 02:00, starting at 05:03',1,'[{\"added\": {}}]',10,1),(212,'2023-09-27 02:03:44.082696','110','Camera #7 on Oscar on 16-09-2023, on 06-11-2023 at 02:00, starting at 05:03',1,'[{\"added\": {}}]',10,1),(213,'2023-09-27 02:03:53.518205','111','Camera #7 on Oscar on 16-09-2023, on 06-11-2023 at 02:00, starting at 05:03',1,'[{\"added\": {}}]',10,1),(214,'2023-09-27 02:04:01.847154','112','Camera #7 on Oscar on 16-09-2023, on 06-11-2023 at 02:00, starting at 05:03',1,'[{\"added\": {}}]',10,1),(215,'2023-09-27 02:04:11.227928','113','Camera #7 on Oscar on 16-09-2023, on 06-11-2023 at 02:00, starting at 05:04',1,'[{\"added\": {}}]',10,1),(216,'2023-09-27 02:04:19.476605','114','Camera #7 on Oscar on 16-09-2023, on 06-11-2023 at 02:00, starting at 05:04',1,'[{\"added\": {}}]',10,1),(217,'2023-09-27 02:04:27.674613','115','Camera #7 on Oscar on 16-09-2023, on 06-11-2023 at 02:00, starting at 05:04',1,'[{\"added\": {}}]',10,1),(218,'2023-09-27 02:04:37.258793','116','Camera #7 on Oscar on 16-09-2023, on 06-11-2023 at 02:00, starting at 05:04',1,'[{\"added\": {}}]',10,1),(219,'2023-09-27 02:04:45.422142','117','Camera #7 on Oscar on 16-09-2023, on 06-11-2023 at 02:00, starting at 05:04',1,'[{\"added\": {}}]',10,1),(220,'2023-09-27 02:04:52.541479','118','Camera #6 on Ryan on 16-09-2023, on 07-11-2023 at 03:00, starting at 05:04',1,'[{\"added\": {}}]',10,1),(221,'2023-09-27 02:05:00.655661','119','Camera #6 on Ryan on 16-09-2023, on 07-11-2023 at 03:00, starting at 05:04',1,'[{\"added\": {}}]',10,1),(222,'2023-09-27 02:05:10.854392','120','Camera #6 on Bonnie on 16-09-2023, on 08-11-2023 at 04:00, starting at 05:05',1,'[{\"added\": {}}]',10,1),(223,'2023-09-27 02:05:20.401117','121','Camera #6 on Bonnie on 16-09-2023, on 08-11-2023 at 04:00, starting at 05:05',1,'[{\"added\": {}}]',10,1),(224,'2023-09-27 02:05:27.386615','122','Camera #6 on Bonnie on 16-09-2023, on 08-11-2023 at 04:00, starting at 05:05',1,'[{\"added\": {}}]',10,1),(225,'2023-09-27 02:05:34.819535','123','Camera #6 on Bonnie on 16-09-2023, on 08-11-2023 at 04:00, starting at 05:05',1,'[{\"added\": {}}]',10,1),(226,'2023-09-27 02:05:41.454960','124','Camera #4 on Julie on 16-09-2023, on 09-11-2023 at 05:00, starting at 05:05',1,'[{\"added\": {}}]',10,1),(227,'2023-09-27 02:05:47.546563','125','Camera #4 on Julie on 16-09-2023, on 09-11-2023 at 05:00, starting at 05:05',1,'[{\"added\": {}}]',10,1),(228,'2023-09-27 02:05:54.565541','126','Camera #4 on Julie on 16-09-2023, on 09-11-2023 at 05:00, starting at 05:05',1,'[{\"added\": {}}]',10,1),(229,'2023-09-27 02:06:03.580010','127','Camera #6 on Bonnie on 16-09-2023, on 08-11-2023 at 04:00, starting at 05:06',1,'[{\"added\": {}}]',10,1),(230,'2023-09-27 02:06:11.011699','128','Camera #6 on Ryan on 16-09-2023, on 07-11-2023 at 03:00, starting at 05:06',1,'[{\"added\": {}}]',10,1),(231,'2023-09-27 02:06:17.844981','129','Camera #6 on Ryan on 16-09-2023, on 07-11-2023 at 03:00, starting at 05:06',1,'[{\"added\": {}}]',10,1),(232,'2023-09-27 02:06:28.803065','130','Camera #6 on Ryan on 16-09-2023, on 07-11-2023 at 03:00, starting at 05:06',1,'[{\"added\": {}}]',10,1),(233,'2023-09-27 02:06:36.654524','131','Camera #6 on Bonnie on 16-09-2023, on 08-11-2023 at 04:00, starting at 05:06',1,'[{\"added\": {}}]',10,1),(234,'2023-09-27 02:06:44.705772','132','Camera #6 on Bonnie on 16-09-2023, on 08-11-2023 at 04:00, starting at 05:06',1,'[{\"added\": {}}]',10,1),(235,'2023-09-27 02:06:53.741503','133','Camera #6 on Bonnie on 16-09-2023, on 08-11-2023 at 04:00, starting at 05:06',1,'[{\"added\": {}}]',10,1),(236,'2023-09-27 02:07:01.104726','134','Camera #4 on Julie on 16-09-2023, on 09-11-2023 at 05:00, starting at 05:06',1,'[{\"added\": {}}]',10,1),(237,'2023-09-27 02:59:15.268937','135','Camera #1 on Oscar on 16-09-2023, on 05-11-2023 at 01:00, starting at 05:59',1,'[{\"added\": {}}]',10,1),(238,'2023-09-27 02:59:25.922601','136','Camera #1 on Oscar on 16-09-2023, on 05-11-2023 at 01:00, starting at 05:59',1,'[{\"added\": {}}]',10,1),(239,'2023-09-27 02:59:37.571333','137','Camera #1 on Oscar on 16-09-2023, on 05-11-2023 at 01:00, starting at 05:59',1,'[{\"added\": {}}]',10,1),(240,'2023-09-27 02:59:46.894211','138','Camera #1 on Oscar on 16-09-2023, on 05-11-2023 at 01:00, starting at 05:59',1,'[{\"added\": {}}]',10,1),(241,'2023-09-27 03:00:04.589505','139','Camera #1 on Oscar on 16-09-2023, on 05-11-2023 at 01:00, starting at 05:59',1,'[{\"added\": {}}]',10,1),(242,'2023-09-27 03:00:16.232025','140','Camera #1 on Oscar on 16-09-2023, on 05-11-2023 at 01:00, starting at 06:00',1,'[{\"added\": {}}]',10,1),(243,'2023-09-27 03:00:24.640995','141','Camera #7 on Oscar on 16-09-2023, on 06-11-2023 at 02:00, starting at 06:00',1,'[{\"added\": {}}]',10,1),(244,'2023-09-27 03:00:32.771581','142','Camera #7 on Oscar on 16-09-2023, on 06-11-2023 at 02:00, starting at 06:00',1,'[{\"added\": {}}]',10,1),(245,'2023-09-27 03:00:42.516115','143','Camera #7 on Oscar on 16-09-2023, on 06-11-2023 at 02:00, starting at 06:00',1,'[{\"added\": {}}]',10,1),(246,'2023-09-27 03:00:52.817817','144','Camera #6 on Ryan on 16-09-2023, on 07-11-2023 at 03:00, starting at 06:00',1,'[{\"added\": {}}]',10,1),(247,'2023-09-27 03:01:02.602388','145','Camera #6 on Ryan on 16-09-2023, on 07-11-2023 at 03:00, starting at 06:00',1,'[{\"added\": {}}]',10,1),(248,'2023-09-27 03:01:13.016989','146','Camera #6 on Ryan on 16-09-2023, on 07-11-2023 at 03:00, starting at 06:01',1,'[{\"added\": {}}]',10,1),(249,'2023-09-27 03:01:24.014585','147','Camera #4 on Julie on 16-09-2023, on 09-11-2023 at 05:00, starting at 06:01',1,'[{\"added\": {}}]',10,1),(250,'2023-09-27 03:01:34.964293','148','Camera #4 on Julie on 16-09-2023, on 09-11-2023 at 05:00, starting at 06:01',1,'[{\"added\": {}}]',10,1),(251,'2023-09-27 03:01:43.542015','149','Camera #4 on Julie on 16-09-2023, on 09-11-2023 at 05:00, starting at 06:01',1,'[{\"added\": {}}]',10,1),(252,'2023-09-27 03:01:53.381903','150','Camera #4 on Julie on 16-09-2023, on 09-11-2023 at 05:00, starting at 06:01',1,'[{\"added\": {}}]',10,1),(253,'2023-09-27 03:02:02.194311','151','Camera #4 on Julie on 16-09-2023, on 09-11-2023 at 05:00, starting at 06:01',1,'[{\"added\": {}}]',10,1),(254,'2023-09-30 13:53:09.917654','16','Longtail, examined by Charlie on: 10-05-2021',2,'[{\"changed\": {\"fields\": [\"Dog\"]}}]',6,1),(255,'2023-09-30 14:42:17.263630','4','Camera #6 on James on 16-09-2023',2,'[{\"changed\": {\"fields\": [\"Dog\"]}}]',4,1),(256,'2023-09-30 14:42:31.786387','4','James in Kennel #9 entered on 06-12-2022',2,'[{\"changed\": {\"fields\": [\"Dog\"]}}]',8,1),(257,'2023-09-30 21:08:04.114077','90','Axel',3,'',1,1),(258,'2023-10-03 19:21:02.390190','25','Camera #1 on Longtail on 19-09-2023, on 07-10-2023 at 02:32, starting at 22:59',2,'[{\"changed\": {\"fields\": [\"DogStance\", \"DogLocation\"]}}]',10,1),(259,'2023-10-03 19:21:11.273241','24','Camera #1 on Longtail on 19-09-2023, on 07-10-2023 at 02:32, starting at 22:47',2,'[{\"changed\": {\"fields\": [\"DogStance\", \"DogLocation\"]}}]',10,1),(260,'2023-10-03 19:22:05.422110','39','Camera #1 on Longtail on 19-09-2023, on 07-10-2023 at 02:32, starting at 22:01',2,'[{\"changed\": {\"fields\": [\"DogStance\"]}}]',10,1),(261,'2023-10-03 19:22:26.550302','18','Camera #1 on Longtail on 19-09-2023, on 07-10-2023 at 02:32, starting at 16:39',2,'[{\"changed\": {\"fields\": [\"DogStance\"]}}]',10,1),(262,'2023-10-03 19:22:36.415803','2','Camera #1 on Longtail on 19-09-2023, on 07-10-2023 at 02:32, starting at 16:12',2,'[{\"changed\": {\"fields\": [\"DogStance\", \"DogLocation\"]}}]',10,1),(263,'2023-10-03 19:23:19.011142','42','Camera #1 on Longtail on 19-09-2023, on 05-10-2023 at 18:21, starting at 14:00',2,'[{\"changed\": {\"fields\": [\"DogStance\"]}}]',10,1),(264,'2023-10-03 19:23:39.083203','41','Camera #1 on Longtail on 19-09-2023, on 05-10-2023 at 18:21, starting at 14:00',2,'[{\"changed\": {\"fields\": [\"DogStance\", \"DogLocation\"]}}]',10,1),(265,'2023-10-03 19:23:48.391400','61','Camera #1 on Longtail on 19-09-2023, on 29-09-2023 at 17:56, starting at 12:02',2,'[{\"changed\": {\"fields\": [\"DogStance\", \"DogLocation\"]}}]',10,1),(266,'2023-10-03 19:23:54.155181','60','Camera #1 on Longtail on 19-09-2023, on 30-09-2023 at 15:56, starting at 12:02',2,'[{\"changed\": {\"fields\": [\"DogStance\", \"DogLocation\"]}}]',10,1),(267,'2023-10-03 19:24:16.487131','95','Camera #1 on Longtail on 19-09-2023, on 07-10-2023 at 02:32, starting at 04:50',2,'[{\"changed\": {\"fields\": [\"DogStance\", \"DogLocation\"]}}]',10,1),(268,'2023-10-03 19:24:40.634241','97','Camera #1 on Longtail on 19-09-2023, on 29-09-2023 at 17:56, starting at 04:53',2,'[{\"changed\": {\"fields\": [\"DogLocation\"]}}]',10,1),(269,'2023-10-03 19:26:33.836164','118','Camera #6 on Ryan on 16-09-2023, on 07-11-2023 at 03:00, starting at 05:04',2,'[{\"changed\": {\"fields\": [\"DogStance\", \"DogLocation\"]}}]',10,1),(270,'2023-10-03 19:26:48.384031','120','Camera #6 on James on 16-09-2023, on 08-11-2023 at 04:00, starting at 05:05',2,'[{\"changed\": {\"fields\": [\"DogStance\", \"DogLocation\"]}}]',10,1),(271,'2023-10-03 19:26:57.835403','121','Camera #6 on James on 16-09-2023, on 08-11-2023 at 04:00, starting at 05:05',2,'[{\"changed\": {\"fields\": [\"DogStance\", \"DogLocation\"]}}]',10,1),(272,'2023-10-03 19:27:06.823067','122','Camera #6 on James on 16-09-2023, on 08-11-2023 at 04:00, starting at 05:05',2,'[{\"changed\": {\"fields\": [\"DogStance\", \"DogLocation\"]}}]',10,1),(273,'2023-10-03 19:27:12.730727','123','Camera #6 on James on 16-09-2023, on 08-11-2023 at 04:00, starting at 05:05',2,'[{\"changed\": {\"fields\": [\"DogStance\", \"DogLocation\"]}}]',10,1),(274,'2023-10-03 19:27:19.840508','125','Camera #4 on Julie on 16-09-2023, on 09-11-2023 at 05:00, starting at 05:05',2,'[{\"changed\": {\"fields\": [\"DogStance\", \"DogLocation\"]}}]',10,1),(275,'2023-10-03 19:28:28.171850','152','Camera #4 on Julie on 16-09-2023, on 09-11-2023 at 05:00, starting at 22:28',1,'[{\"added\": {}}]',10,1),(276,'2023-10-03 19:28:36.603765','153','Camera #4 on Julie on 16-09-2023, on 09-11-2023 at 05:00, starting at 22:28',1,'[{\"added\": {}}]',10,1),(277,'2023-10-03 19:28:54.969084','154','Camera #4 on Julie on 16-09-2023, on 09-11-2023 at 05:00, starting at 22:28',1,'[{\"added\": {}}]',10,1),(278,'2023-10-03 19:29:15.816240','155','Camera #4 on Julie on 16-09-2023, on 09-11-2023 at 05:00, starting at 22:29',1,'[{\"added\": {}}]',10,1),(279,'2023-10-03 19:30:26.583039','156','Camera #6 on James on 16-09-2023, on 08-11-2023 at 04:00, starting at 22:30',1,'[{\"added\": {}}]',10,1),(280,'2023-10-03 19:30:38.289863','157','Camera #6 on James on 16-09-2023, on 08-11-2023 at 04:00, starting at 22:30',1,'[{\"added\": {}}]',10,1),(281,'2023-10-03 19:30:59.291701','158','Camera #6 on James on 16-09-2023, on 08-11-2023 at 04:00, starting at 22:30',1,'[{\"added\": {}}]',10,1),(282,'2023-10-03 19:31:14.666207','159','Camera #6 on James on 16-09-2023, on 08-11-2023 at 04:00, starting at 22:31',1,'[{\"added\": {}}]',10,1),(283,'2023-10-03 19:31:34.544322','160','Camera #6 on James on 16-09-2023, on 08-11-2023 at 04:00, starting at 22:31',1,'[{\"added\": {}}]',10,1),(284,'2023-10-03 19:31:48.847699','161','Camera #6 on James on 16-09-2023, on 08-11-2023 at 04:00, starting at 22:31',1,'[{\"added\": {}}]',10,1),(285,'2023-10-03 19:31:59.062293','162','Camera #6 on James on 16-09-2023, on 08-11-2023 at 04:00, starting at 22:31',1,'[{\"added\": {}}]',10,1),(286,'2023-10-03 19:34:15.209473','27','Camera #1 on Longtail on 19-09-2023, on 07-10-2023 at 02:32, starting at 11:50',2,'[{\"changed\": {\"fields\": [\"DogStance\", \"DogLocation\"]}}]',10,1),(287,'2023-10-03 19:35:39.559558','130','Camera #6 on Ryan on 16-09-2023, on 07-11-2023 at 03:00, starting at 05:06',2,'[{\"changed\": {\"fields\": [\"DogStance\", \"DogLocation\"]}}]',10,1),(288,'2023-10-03 19:36:54.168109','106','Camera #1 on Oscar on 16-09-2023, on 05-11-2023 at 01:00, starting at 05:02',2,'[{\"changed\": {\"fields\": [\"DogStance\", \"DogLocation\"]}}]',10,1),(289,'2023-10-03 19:37:00.920028','105','Camera #1 on Oscar on 16-09-2023, on 05-11-2023 at 01:00, starting at 05:02',2,'[{\"changed\": {\"fields\": [\"DogStance\", \"DogLocation\"]}}]',10,1),(290,'2023-10-03 19:37:47.135728','26','Camera #1 on Oscar on 16-09-2023, on 05-11-2023 at 01:00, starting at 04:39',2,'[{\"changed\": {\"fields\": [\"DogStance\", \"DogLocation\"]}}]',10,1),(291,'2023-10-03 19:38:12.693982','8','Camera #1 on Oscar on 16-09-2023, on 19-02-2023 at 00:00, starting at 04:18',2,'[{\"changed\": {\"fields\": [\"DogStance\"]}}]',10,1),(292,'2023-10-03 19:38:54.439874','40','Camera #1 on Longtail on 19-09-2023, on 05-10-2023 at 18:21, starting at 00:59',2,'[{\"changed\": {\"fields\": [\"DogStance\"]}}]',10,1),(293,'2023-10-03 19:38:59.812135','28','Camera #1 on Longtail on 19-09-2023, on 05-10-2023 at 18:21, starting at 01:00',2,'[{\"changed\": {\"fields\": [\"DogStance\"]}}]',10,1),(294,'2023-10-03 19:40:13.763014','159','Camera #6 on James on 16-09-2023, on 08-11-2023 at 04:00, starting at 22:31',2,'[{\"changed\": {\"fields\": [\"DogStance\"]}}]',10,1),(295,'2023-10-03 19:40:18.130869','158','Camera #6 on James on 16-09-2023, on 08-11-2023 at 04:00, starting at 22:30',2,'[{\"changed\": {\"fields\": [\"DogStance\"]}}]',10,1),(296,'2023-10-03 19:40:43.837408','155','Camera #4 on Julie on 16-09-2023, on 09-11-2023 at 05:00, starting at 22:29',2,'[{\"changed\": {\"fields\": [\"DogLocation\"]}}]',10,1),(297,'2023-10-03 19:40:48.341313','154','Camera #4 on Julie on 16-09-2023, on 09-11-2023 at 05:00, starting at 22:28',2,'[{\"changed\": {\"fields\": [\"DogLocation\"]}}]',10,1),(298,'2023-10-03 19:41:01.624219','154','Camera #4 on Julie on 16-09-2023, on 09-11-2023 at 05:00, starting at 22:28',2,'[{\"changed\": {\"fields\": [\"DogLocation\"]}}]',10,1),(299,'2023-12-12 14:28:46.448391','102','ExcelImp',3,'',1,1),(300,'2023-12-12 14:28:46.457241','101','ExcelImp',3,'',1,1),(301,'2023-12-12 14:28:46.462587','100','ExcelImp',3,'',1,1),(302,'2023-12-12 14:28:46.465055','99','ExcelImp',3,'',1,1),(303,'2023-12-12 14:28:46.469999','98','ExcelImp',3,'',1,1),(304,'2023-12-12 14:28:46.473526','95','Axelll',3,'',1,1),(305,'2023-12-12 14:28:46.477564','93','Axel',3,'',1,1),(306,'2023-12-12 14:28:46.481546','91','Axels',3,'',1,1),(307,'2024-01-05 22:37:22.479665','108','Treatment: \'\' on Longtail, by ',3,'',5,1),(308,'2024-01-09 23:50:34.555855','2','Camera #2',2,'[{\"changed\": {\"fields\": [\"CamID\"]}}]',3,1),(309,'2024-01-09 23:50:45.455076','1','Camera #1',2,'[{\"changed\": {\"fields\": [\"CamID\"]}}]',3,1),(310,'2024-01-09 23:50:56.169327','10','Camera #10',2,'[{\"changed\": {\"fields\": [\"CamID\"]}}]',3,1),(311,'2024-01-09 23:51:07.897893','1','Camera #1',2,'[{\"changed\": {\"fields\": [\"CamID\"]}}]',3,1),(312,'2024-01-09 23:51:20.832965','11','Camera #11',2,'[{\"changed\": {\"fields\": [\"CamID\"]}}]',3,1),(313,'2024-01-09 23:51:41.835631','12344','Camera #12344',3,'',3,1),(314,'2024-01-09 23:51:55.740353','1234','Camera #1234',3,'',3,1),(315,'2024-01-09 23:52:01.680087','12','Camera #12',3,'',3,1),(316,'2024-01-09 23:52:04.703948','11','Camera #11',3,'',3,1),(317,'2024-01-09 23:52:08.039043','10','Camera #10',3,'',3,1),(318,'2024-01-14 01:22:37.549956','56','Camera #3 on Longtail on 07-09-2023, on 13-12-2023 at 17:55',2,'[{\"changed\": {\"fields\": [\"Session\"]}}]',9,1),(319,'2024-02-08 00:05:19.387584','1','Israel Branch',1,'[{\"added\": {}}]',19,1),(320,'2024-02-08 00:05:26.447513','2','Italy Branch',1,'[{\"added\": {}}]',19,1),(321,'2024-02-11 17:49:52.196701','34','Larry David',2,'[{\"changed\": {\"fields\": [\"Branch\"]}}]',2,1),(322,'2024-02-11 17:49:59.109902','34','Larry David',2,'[{\"changed\": {\"fields\": [\"Branch\"]}}]',2,1),(323,'2024-02-11 22:28:13.025917','19','Timmy',2,'[{\"changed\": {\"fields\": [\"Gender\"]}}]',1,1),(324,'2024-02-11 22:30:13.443050','19','Timmy',2,'[{\"changed\": {\"fields\": [\"Gender\"]}}]',1,1),(325,'2024-02-11 22:33:56.292112','19','Timmy',2,'[{\"changed\": {\"fields\": [\"Gender\"]}}]',1,1),(326,'2024-02-11 22:34:12.390775','19','Timmy',2,'[{\"changed\": {\"fields\": [\"Gender\"]}}]',1,1),(327,'2024-02-17 00:35:51.809283','59','Darry Lavid in 2 entered on 17/02/2024',1,'[{\"added\": {}}]',8,1);
/*!40000 ALTER TABLE `django_admin_log` ENABLE KEYS */;
UNLOCK TABLES;

--
-- Table structure for table `django_content_type`
--

DROP TABLE IF EXISTS `django_content_type`;
/*!40101 SET @saved_cs_client     = @@character_set_client */;
/*!50503 SET character_set_client = utf8mb4 */;
CREATE TABLE `django_content_type` (
  `id` int NOT NULL AUTO_INCREMENT,
  `app_label` varchar(100) NOT NULL,
  `model` varchar(100) NOT NULL,
  PRIMARY KEY (`id`),
  UNIQUE KEY `django_content_type_app_label_model_76bd3d3b_uniq` (`app_label`,`model`)
) ENGINE=InnoDB AUTO_INCREMENT=20 DEFAULT CHARSET=utf8mb3;
/*!40101 SET character_set_client = @saved_cs_client */;

--
-- Dumping data for table `django_content_type`
--

LOCK TABLES `django_content_type` WRITE;
/*!40000 ALTER TABLE `django_content_type` DISABLE KEYS */;
INSERT INTO `django_content_type` VALUES (13,'admin','logentry'),(15,'auth','group'),(14,'auth','permission'),(16,'auth','user'),(17,'contenttypes','contenttype'),(19,'dogs_app','branch'),(3,'dogs_app','camera'),(1,'dogs_app','dog'),(8,'dogs_app','dogplacement'),(10,'dogs_app','dogstance'),(6,'dogs_app','entranceexamination'),(7,'dogs_app','kennel'),(11,'dogs_app','news'),(9,'dogs_app','observation'),(4,'dogs_app','observes'),(2,'dogs_app','owner'),(12,'dogs_app','profile'),(5,'dogs_app','treatment'),(18,'sessions','session');
/*!40000 ALTER TABLE `django_content_type` ENABLE KEYS */;
UNLOCK TABLES;

--
-- Table structure for table `django_migrations`
--

DROP TABLE IF EXISTS `django_migrations`;
/*!40101 SET @saved_cs_client     = @@character_set_client */;
/*!50503 SET character_set_client = utf8mb4 */;
CREATE TABLE `django_migrations` (
  `id` bigint NOT NULL AUTO_INCREMENT,
  `app` varchar(255) NOT NULL,
  `name` varchar(255) NOT NULL,
  `applied` datetime(6) NOT NULL,
  PRIMARY KEY (`id`)
) ENGINE=InnoDB AUTO_INCREMENT=79 DEFAULT CHARSET=utf8mb3;
/*!40101 SET character_set_client = @saved_cs_client */;

--
-- Dumping data for table `django_migrations`
--

LOCK TABLES `django_migrations` WRITE;
/*!40000 ALTER TABLE `django_migrations` DISABLE KEYS */;
INSERT INTO `django_migrations` VALUES (1,'contenttypes','0001_initial','2023-07-02 14:42:19.738205'),(2,'auth','0001_initial','2023-07-02 14:42:20.062707'),(3,'admin','0001_initial','2023-07-02 14:42:20.140549'),(4,'admin','0002_logentry_remove_auto_add','2023-07-02 14:42:20.141671'),(5,'admin','0003_logentry_add_action_flag_choices','2023-07-02 14:42:20.141671'),(6,'contenttypes','0002_remove_content_type_name','2023-07-02 14:42:20.188415'),(7,'auth','0002_alter_permission_name_max_length','2023-07-02 14:42:20.235302'),(8,'auth','0003_alter_user_email_max_length','2023-07-02 14:42:20.266859'),(9,'auth','0004_alter_user_username_opts','2023-07-02 14:42:20.282546'),(10,'auth','0005_alter_user_last_login_null','2023-07-02 14:42:20.313810'),(11,'auth','0006_require_contenttypes_0002','2023-07-02 14:42:20.313810'),(12,'auth','0007_alter_validators_add_error_messages','2023-07-02 14:42:20.313810'),(13,'auth','0008_alter_user_username_max_length','2023-07-02 14:42:20.360618'),(14,'auth','0009_alter_user_last_name_max_length','2023-07-02 14:42:20.391890'),(15,'auth','0010_alter_group_name_max_length','2023-07-02 14:42:20.423318'),(16,'auth','0011_update_proxy_permissions','2023-07-02 14:42:20.443221'),(17,'auth','0012_alter_user_first_name_max_length','2023-07-02 14:42:20.475684'),(18,'dogs_app','0001_initial','2023-07-02 14:42:20.569535'),(19,'dogs_app','0002_camera_observes','2023-07-02 14:42:20.663457'),(20,'dogs_app','0003_alter_observes_options','2023-07-02 14:42:20.663457'),(21,'dogs_app','0004_treatment_entranceexamination','2023-07-02 14:42:20.757699'),(22,'dogs_app','0005_kennel_dogplacement','2023-07-02 14:42:20.851530'),(23,'dogs_app','0006_alter_dogplacement_entrancedate_and_more','2023-07-02 14:42:20.851530'),(24,'dogs_app','0007_alter_camera_options','2023-07-02 14:42:20.867165'),(25,'dogs_app','0008_alter_dog_dogimageurl_observation_dogstance','2023-07-02 14:42:21.091609'),(26,'dogs_app','0009_rename_sessiondurationsinmins_observation_sessiondurationinmins','2023-07-02 14:42:21.154248'),(27,'dogs_app','0010_alter_dog_dateofarrival','2023-07-02 14:42:21.169838'),(28,'dogs_app','0011_alter_dog_ownerserialnum','2023-07-02 14:42:21.169838'),(29,'dogs_app','0012_alter_dog_dogname','2023-07-02 14:42:21.279221'),(30,'dogs_app','0013_alter_dog_gender_alter_dog_isdangerous_and_more','2023-07-02 14:42:21.294831'),(31,'dogs_app','0014_news','2023-07-02 14:42:21.310449'),(32,'dogs_app','0015_profile','2023-07-02 14:42:21.341727'),(33,'dogs_app','0016_alter_profile_image','2023-07-02 14:42:21.357325'),(34,'dogs_app','0017_alter_profile_image','2023-07-02 14:42:21.357325'),(35,'dogs_app','0018_remove_dog_dogimageurl_dog_dogimage','2023-07-02 14:42:21.435530'),(36,'dogs_app','0019_alter_dog_dogimage','2023-07-02 14:42:21.471507'),(37,'dogs_app','0020_alter_dog_dogimage_alter_profile_image','2023-07-02 14:42:21.487140'),(38,'dogs_app','0021_alter_profile_image','2023-07-02 14:42:21.487140'),(39,'dogs_app','0022_alter_profile_image','2023-07-02 14:42:21.502793'),(40,'dogs_app','0023_remove_kennel_kennelimageurl_and_more','2023-07-02 14:42:21.596512'),(41,'dogs_app','0024_alter_observation_unique_together_and_more','2023-07-02 14:42:21.799958'),(42,'dogs_app','0025_alter_observation_observes','2023-07-02 14:42:21.878049'),(43,'sessions','0001_initial','2023-07-02 14:42:21.909302'),(44,'dogs_app','0026_alter_dogstance_unique_together_and_more','2023-07-02 19:03:32.798600'),(45,'dogs_app','0027_alter_observes_unique_together_observes_camera_and_more','2023-07-02 21:30:01.667510'),(46,'dogs_app','0028_rename_ownerserialnum_dog_owner_and_more','2023-07-02 22:31:17.754622'),(47,'dogs_app','0029_create_groups','2023-07-28 14:52:29.825569'),(48,'dogs_app','0030_observes_sessiondate','2023-09-16 18:29:37.425354'),(49,'dogs_app','0031_alter_observes_unique_together','2023-09-16 19:39:00.279456'),(50,'dogs_app','0032_alter_observation_sessiondurationinmins','2023-09-17 16:16:09.246358'),(51,'dogs_app','0033_alter_dog_gender_alter_dogstance_doglocation_and_more','2023-10-03 23:39:56.258741'),(52,'dogs_app','0034_alter_dog_gender','2023-10-03 23:43:00.852358'),(53,'dogs_app','0035_alter_owner_phonenum','2023-12-09 13:48:32.116673'),(54,'dogs_app','0036_alter_dog_gender','2023-12-12 14:54:43.788386'),(55,'dogs_app','0037_alter_dog_gender','2023-12-12 14:55:46.085976'),(56,'dogs_app','0038_alter_dog_gender','2023-12-15 11:09:27.097391'),(57,'dogs_app','0039_alter_owner_ownerid','2023-12-17 16:55:06.587717'),(58,'dogs_app','0040_alter_owner_phonenum','2023-12-17 16:56:20.671425'),(59,'dogs_app','0041_remove_owner_phonenum_check_and_more','2024-01-07 07:19:31.791863'),(60,'dogs_app','0042_alter_owner_ownerid','2024-01-07 07:38:55.430876'),(61,'dogs_app','0043_alter_camera_camid_and_more','2024-01-10 17:16:03.590387'),(62,'dogs_app','0044_alter_entranceexamination_dogtemperature','2024-01-10 17:17:17.230365'),(63,'dogs_app','0045_alter_dogplacement_dog_and_more','2024-01-14 02:51:36.002644'),(64,'dogs_app','0046_branch_alter_observation_obsdatetime','2024-02-07 23:54:59.951411'),(65,'dogs_app','0047_alter_branch_options_alter_news_options_news_branch','2024-02-08 00:07:22.340893'),(66,'dogs_app','0048_owner_branch','2024-02-09 20:20:06.225606'),(67,'dogs_app','0049_kennel_branch_alter_dog_gender','2024-02-11 18:44:47.591371'),(68,'dogs_app','0050_alter_kennel_options_alter_kennel_unique_together','2024-02-11 21:32:24.673911'),(69,'dogs_app','0051_alter_kennel_options','2024-02-11 21:37:25.976713'),(70,'dogs_app','0052_alter_kennel_options','2024-02-11 21:44:54.044173'),(71,'dogs_app','0053_alter_kennel_unique_together_remove_kennel_branch_and_more','2024-02-11 22:02:39.132553'),(72,'dogs_app','0054_kennel_dogplacement','2024-02-11 22:04:18.418949'),(73,'dogs_app','0055_camera_branch_alter_camera_unique_together','2024-02-12 18:13:25.998588'),(74,'dogs_app','0056_alter_dogstance_unique_together_and_more','2024-02-14 19:48:13.694590'),(75,'dogs_app','0057_camera_observes_observation_dogstance','2024-02-14 19:49:45.923124'),(76,'dogs_app','0058_alter_camera_options_alter_kennel_options_dog_branch','2024-02-15 16:05:39.513632'),(77,'dogs_app','0059_alter_dog_unique_together','2024-02-15 16:57:51.093447'),(78,'dogs_app','0060_alter_dog_dateofarrival_and_more','2024-02-20 18:24:09.014624');
/*!40000 ALTER TABLE `django_migrations` ENABLE KEYS */;
UNLOCK TABLES;

--
-- Table structure for table `django_session`
--

DROP TABLE IF EXISTS `django_session`;
/*!40101 SET @saved_cs_client     = @@character_set_client */;
/*!50503 SET character_set_client = utf8mb4 */;
CREATE TABLE `django_session` (
  `session_key` varchar(40) NOT NULL,
  `session_data` longtext NOT NULL,
  `expire_date` datetime(6) NOT NULL,
  PRIMARY KEY (`session_key`),
  KEY `django_session_expire_date_a5c62663` (`expire_date`)
) ENGINE=InnoDB DEFAULT CHARSET=utf8mb3;
/*!40101 SET character_set_client = @saved_cs_client */;

--
-- Dumping data for table `django_session`
--

LOCK TABLES `django_session` WRITE;
/*!40000 ALTER TABLE `django_session` DISABLE KEYS */;
INSERT INTO `django_session` VALUES ('00qceq3xxjbqo1nq43jgz4bnfhiw35o3','.eJxVjDsOwjAQBe_iGln2ev1ZSnrOYPmLA8iR4qRC3B0ipYD2zcx7MR-2tfltlMVPmZ2ZZKffLYb0KH0H-R76beZp7usyRb4r_KCDX-dcnpfD_TtoYbRvnYwJmZyuosqqyAASCQOQEdEpRFBaAwGEZFxFRbEImUq0lC0AWsneH7I3NmQ:1qcDZC:RNSX5zChbAO4IbPkf43lGyEfpHmvzaXkJt1C6f5Qs5c','2023-09-15 23:28:42.761549'),('01o34amv19czv35hc206ffpvifwn60ax','.eJxVjDsOwjAQBe_iGln2ev1ZSnrOYPmLA8iR4qRC3B0ipYD2zcx7MR-2tfltlMVPmZ2ZZKffLYb0KH0H-R76beZp7usyRb4r_KCDX-dcnpfD_TtoYbRvnYwJmZyuosqqyAASCQOQEdEpRFBaAwGEZFxFRbEImUq0lC0AWsneH7I3NmQ:1qhqb6:oJK3Z5TQeP6M5_YbANtmiQhZfdBIlQ1sE8Rei8hB4HY','2023-10-01 12:09:56.399038'),('0nxqhst9btogtkzwj26gelzekhda6hh1','.eJxVjDsOwjAQBe_iGln2ev1ZSnrOYPmLA8iR4qRC3B0ipYD2zcx7MR-2tfltlMVPmZ2ZZKffLYb0KH0H-R76beZp7usyRb4r_KCDX-dcnpfD_TtoYbRvnYwJmZyuosqqyAASCQOQEdEpRFBaAwGEZFxFRbEImUq0lC0AWsneH7I3NmQ:1qhZK5:dpppR4A9ru3tLG0M9Pl7bnmYxz51TsAqE2AXjxzhZlU','2023-09-30 17:43:13.421176'),('0nyxy948flwo48kts4o4ysp32trhdige','.eJxVjDsOwjAQBe_iGln2ev1ZSnrOYPmLA8iR4qRC3B0ipYD2zcx7MR-2tfltlMVPmZ2ZZKffLYb0KH0H-R76beZp7usyRb4r_KCDX-dcnpfD_TtoYbRvnYwJmZyuosqqyAASCQOQEdEpRFBaAwGEZFxFRbEImUq0lC0AWsneH7I3NmQ:1qh5d6:8N1CNYvwVSZtncDySZFuQSNsRjZGbTeivcOHOth_Wo4','2023-09-29 10:00:52.845119'),('0v7m21flzq22r8zyj8lbo4nk0djj81gt','.eJxVjr0OgzAQg98l8wn18kOAsXufoKrQkbsALQKJwFT13RskhnbxYH-2_FYt7dvQ7knWdmTVKFTw63UUXjIfAT9p7pciLPO2jl1xIMWZpuK2sEzXk_0bGCgNue1El1FzEKxrz85FJ6RNJApVhcaSZlNGK-i89ciuixRDJQHJRzJB-zwax2mTVbjlpU_5bFLNHcGAhRrQAWpABKyhAiwBsxpAD3iBLBYclI_PF5mLSbA:1rPlRE:dkUldTTXLLjWgDahBec_6nHZiTSxFWkq8vet-PUIUc8','2024-01-30 15:33:16.184558'),('0w51s6ngq07ujzkx5te4grqka59l18un','.eJxVjDsOwjAQBe_iGln2ev1ZSnrOYPmLA8iR4qRC3B0ipYD2zcx7MR-2tfltlMVPmZ2ZZKffLYb0KH0H-R76beZp7usyRb4r_KCDX-dcnpfD_TtoYbRvnYwJmZyuosqqyAASCQOQEdEpRFBaAwGEZFxFRbEImUq0lC0AWsneH7I3NmQ:1qeP98:hiZF2e6E7hJA7MxpNNceirjkGIxHfxeYUW4YVz6Lf6A','2023-09-22 00:14:50.976272'),('17j07nui0n8homnvoy49i375tndpfd7h','.eJxVjDsOwjAQBe_iGln2ev1ZSnrOYPmLA8iR4qRC3B0ipYD2zcx7MR-2tfltlMVPmZ2ZZKffLYb0KH0H-R76beZp7usyRb4r_KCDX-dcnpfD_TtoYbRvnYwJmZyuosqqyAASCQOQEdEpRFBaAwGEZFxFRbEImUq0lC0AWsneH7I3NmQ:1qc0kh:cc4e9fzWMva_94O2v-0s8WYtAVT6ucj-3qY2NmADns0','2023-09-15 09:47:43.470578'),('1csofkpu8dp0c9jqxr85lyn6og40pztq','.eJxVjDsOwjAQBe_iGln2ev1ZSnrOYPmLA8iR4qRC3B0ipYD2zcx7MR-2tfltlMVPmZ2ZZKffLYb0KH0H-R76beZp7usyRb4r_KCDX-dcnpfD_TtoYbRvnYwJmZyuosqqyAASCQOQEdEpRFBaAwGEZFxFRbEImUq0lC0AWsneH7I3NmQ:1qh889:6EJcR2LRmp21j1r6y8JKLsT3cyHjBPa03yzkq1VFWhg','2023-09-29 12:41:05.952172'),('2anfoza4i07dilcr2cmgx918letv0fe8','.eJxVjr0OgzAQg98l8wn18kOAsXufoKrQkbsALQKJwFT13RskhnbxYH-2_FYt7dvQ7knWdmTVKFTw63UUXjIfAT9p7pciLPO2jl1xIMWZpuK2sEzXk_0bGCgNue1El1FzEKxrz85FJ6RNJApVhcaSZlNGK-i89ciuixRDJQHJRzJB-zwax2mTVbjlpU_5bFLNHcGAhRrQAWpABKyhAiwBsxpAD3iBLBYclI_PF5mLSbA:1rMKYt:iOeh3xWDZOwivgd5qhdjATGFkR9ZsGUzG7Qxtvrdnxg','2024-01-21 04:14:59.199547'),('31xxti2ioou54uapv09m7c9eirfry7yl','.eJxVjDsOwjAQBe_iGln2ev1ZSnrOYPmLA8iR4qRC3B0ipYD2zcx7MR-2tfltlMVPmZ2ZZKffLYb0KH0H-R76beZp7usyRb4r_KCDX-dcnpfD_TtoYbRvnYwJmZyuosqqyAASCQOQEdEpRFBaAwGEZFxFRbEImUq0lC0AWsneH7I3NmQ:1qh4wK:jc-vAxgXKy8iL2OSv0uGHKd5I5gohoKxtmFF1JiMMPU','2023-09-29 09:16:40.473643'),('3bpf19t06sf2165ss5zipsefapki1cnu','.eJxVjDsOwjAQBe_iGln2ev1ZSnrOYPmLA8iR4qRC3B0ipYD2zcx7MR-2tfltlMVPmZ2ZZKffLYb0KH0H-R76beZp7usyRb4r_KCDX-dcnpfD_TtoYbRvnYwJmZyuosqqyAASCQOQEdEpRFBaAwGEZFxFRbEImUq0lC0AWsneH7I3NmQ:1qcv5u:3Mv1N-vIdGu8vdBFUWcsCFp4kcbptP-NeQu3-qtxN9U','2023-09-17 21:57:22.597178'),('3i7mtxexcvaz62jtijmhfwbvrtzhckdh','eyJicmFuY2giOiJJc3JhZWwifQ:1rXlx8:Tk0XgHSk4W9ApYCFUEYoP73sPR_bR4dAEmTfo4omoew','2024-02-21 17:43:18.694247'),('479u44owze0xynmh8h80o5593hpl2raj','.eJxVjruOg0AUQ_9lagtx7zzgpkyfL4giNMwjsIlAYkgV5d93kFLsNi7sY8tvNfjXPg2vkrZhjuqkSOGvN_rwSMsRxB-_3NcmrMu-zWNzIM03Lc1ljel5_rL_BiZfptoOzvkovc1tpqzFsRFpHXM0xvTaGNbWsjD74PpstIyppZDGTmLHbLrjVZ6fe9pSHOJ6L_VsUacrQcNAQBbEIAIJepADVdWgDtSiSmUIoiEWFu72-QU03UkW:1r5ua8:wbleNQDim4ut-DHsggrOj81fmd3ghZrwDkLGC9vS004','2023-12-06 21:16:24.546939'),('4mo6nr4o027fme6mtvt5vvw640f4jxev','.eJxVjDsOwjAQBe_iGln2ev1ZSnrOYPmLA8iR4qRC3B0ipYD2zcx7MR-2tfltlMVPmZ2ZZKffLYb0KH0H-R76beZp7usyRb4r_KCDX-dcnpfD_TtoYbRvnYwJmZyuosqqyAASCQOQEdEpRFBaAwGEZFxFRbEImUq0lC0AWsneH7I3NmQ:1qc6I1:J9rqvjGpdFTWpM1PGSRySCEXvWIvEZMpsUL_05-Id94','2023-09-15 15:42:29.147347'),('50i7ob9noyku0wq25427uoge9zg832rd','.eJxVjr0OgzAQg98l8wn18kOAsXufoKrQkbsALQKJwFT13RskhnbxYH-2_FYt7dvQ7knWdmTVKFTw63UUXjIfAT9p7pciLPO2jl1xIMWZpuK2sEzXk_0bGCgNue1El1FzEKxrz85FJ6RNJApVhcaSZlNGK-i89ciuixRDJQHJRzJB-zwax2mTVbjlpU_5bFLNHcGAhRrQAWpABKyhAiwBsxpAD3iBLBYclI_PF5mLSbA:1rIWjV:2jgljA-4jrh_5Q_tz_DFWKUW4PVfSNbDmm2rC8t1ouE','2024-01-10 16:26:13.928001'),('52oj71z1jtj6eupeq3beewkgcf49s80f','.eJxVjDsOwjAQBe_iGln2ev1ZSnrOYPmLA8iR4qRC3B0ipYD2zcx7MR-2tfltlMVPmZ2ZZKffLYb0KH0H-R76beZp7usyRb4r_KCDX-dcnpfD_TtoYbRvnYwJmZyuosqqyAASCQOQEdEpRFBaAwGEZFxFRbEImUq0lC0AWsneH7I3NmQ:1qcsvj:o4WXVGXIlptznQ75WNMfnVhASgT86n4GJ1MD-bJRIIg','2023-09-17 19:38:43.941966'),('5wk3mzkev1672y1byd4pl3kfnjx49g1b','.eJxVjDsOwjAQBe_iGln2ev1ZSnrOYPmLA8iR4qRC3B0ipYD2zcx7MR-2tfltlMVPmZ2ZZKffLYb0KH0H-R76beZp7usyRb4r_KCDX-dcnpfD_TtoYbRvnYwJmZyuosqqyAASCQOQEdEpRFBaAwGEZFxFRbEImUq0lC0AWsneH7I3NmQ:1qcwZM:L3kpyjObrLKpnkGFdWhtC_H_1IrtbDB9WmCafCEETjI','2023-09-17 23:31:52.483165'),('6r0mo0heltiyze9h3tfvum8u80vyb4qg','.eJxVjDsOwjAQBe_iGln2ev1ZSnrOYPmLA8iR4qRC3B0ipYD2zcx7MR-2tfltlMVPmZ2ZZKffLYb0KH0H-R76beZp7usyRb4r_KCDX-dcnpfD_TtoYbRvnYwJmZyuosqqyAASCQOQEdEpRFBaAwGEZFxFRbEImUq0lC0AWsneH7I3NmQ:1qez8C:M9cb9adAwOdQ0L7dV1C09UQZ_A6kO069uYUH0aFt84w','2023-09-23 14:40:16.791064'),('77n1p8ebzegdx4h1s4v6lgcl145okreu','.eJxVjr0OgzAQg98l8wn18kOAsXufoKrQkbsALQKJwFT13RskhnbxYH-2_FYt7dvQ7knWdmTVKFTw63UUXjIfAT9p7pciLPO2jl1xIMWZpuK2sEzXk_0bGCgNue1El1FzEKxrz85FJ6RNJApVhcaSZlNGK-i89ciuixRDJQHJRzJB-zwax2mTVbjlpU_5bFLNHcGAhRrQAWpABKyhAiwBsxpAD3iBLBYclI_PF5mLSbA:1rLiCq:Ds0wbDdxCxobp-ABs_9X2EG6UF_ULOsg-94Y2QvYvPU','2024-01-19 11:17:40.070220'),('8do9pn9rzar3fezzaash3lu9kqgxlfyb','.eJxVjDsOwjAQBe_iGln2ev1ZSnrOYPmLA8iR4qRC3B0ipYD2zcx7MR-2tfltlMVPmZ2ZZKffLYb0KH0H-R76beZp7usyRb4r_KCDX-dcnpfD_TtoYbRvnYwJmZyuosqqyAASCQOQEdEpRFBaAwGEZFxFRbEImUq0lC0AWsneH7I3NmQ:1qcwYH:bUEGuFyLDDhjEFx2gNj52Zz3jWjigMJP-xt6QexbFv4','2023-09-17 23:30:45.159464'),('8epzos0kwrvi6h5mn7o38h4dhgrx8exq','.eJxVjDsOwjAQBe_iGln2ev1ZSnrOYPmLA8iR4qRC3B0ipYD2zcx7MR-2tfltlMVPmZ2ZZKffLYb0KH0H-R76beZp7usyRb4r_KCDX-dcnpfD_TtoYbRvnYwJmZyuosqqyAASCQOQEdEpRFBaAwGEZFxFRbEImUq0lC0AWsneH7I3NmQ:1qgssV:HVDKgAW7k68MF9_7-ftxXy_b3ngnkT5BlGB74iXXBAU','2023-09-28 20:23:55.603707'),('8mg0hyh0dyjnb34acu1gxca81r18vsk3','.eJxVjrEOwjAMRP8ls1XhJE5aRna-AKHKjR1aQK3UlAnx7wSJAZYb7t6d7ml6fmxj_yi69pOYvUEDv97A6abzJ5Arz5elScu8rdPQfJDmm5bmuIjeD1_2b2DkMtY2qQ3ZSlLsuihEmZSty8ypbdF5tuJC9ooUfUShIXNOrSbkmNklG-tonu6briq9LJdSzxazPyFQcOChAyRAC4iAHbSAAbCqA4yAO6jigSCcX28uU0ob:1rQgNa:bS6cXpiT9vFpUmnXvUvrQRBFpYIaL5cQLEXUxJWN3cc','2024-02-02 04:21:18.940713'),('8oht380xns7bstkpzjkjxltmjkgrvz0a','.eJxVjDsOwjAQBe_iGln2ev1ZSnrOYPmLA8iR4qRC3B0ipYD2zcx7MR-2tfltlMVPmZ2ZZKffLYb0KH0H-R76beZp7usyRb4r_KCDX-dcnpfD_TtoYbRvnYwJmZyuosqqyAASCQOQEdEpRFBaAwGEZFxFRbEImUq0lC0AWsneH7I3NmQ:1qeNeS:_I_g7du0ZblUjcFVx4XdoFYefvHZca78xoCPrNz6hAQ','2023-09-21 22:39:04.795995'),('9apaug3asngr6qeo8du7mvca5twal6d9','.eJxVjDsOwjAQBe_iGln2ev1ZSnrOYPmLA8iR4qRC3B0ipYD2zcx7MR-2tfltlMVPmZ2ZZKffLYb0KH0H-R76beZp7usyRb4r_KCDX-dcnpfD_TtoYbRvnYwJmZyuosqqyAASCQOQEdEpRFBaAwGEZFxFRbEImUq0lC0AWsneH7I3NmQ:1qdH6C:XNy7s4Czg-bi7_sS-eo3ahbEHOYof6D177Y63vrJ9OU','2023-09-18 21:27:08.257028'),('a5qiqyzu6iigmka97reyr6dutwrm0q1k','.eJxVjr0OgzAQg98l8wn18kOAsXufoKrQkbsALQKJwFT13RskhnbxYH-2_FYt7dvQ7knWdmTVKFTw63UUXjIfAT9p7pciLPO2jl1xIMWZpuK2sEzXk_0bGCgNue1El1FzEKxrz85FJ6RNJApVhcaSZlNGK-i89ciuixRDJQHJRzJB-zwax2mTVbjlpU_5bFLNHcGAhRrQAWpABKyhAiwBsxpAD3iBLBYclI_PF5mLSbA:1rJud2:vXIUL2K2k_8l_nXoa-b5e8xvmZAiRkOUU6hjMTa6Qyc','2024-01-14 12:09:16.588692'),('a7iu4j70ikeox9xeifrnlra97l1hm5mv','.eJxVjDsOwjAQBe_iGln2ev1ZSnrOYPmLA8iR4qRC3B0ipYD2zcx7MR-2tfltlMVPmZ2ZZKffLYb0KH0H-R76beZp7usyRb4r_KCDX-dcnpfD_TtoYbRvnYwJmZyuosqqyAASCQOQEdEpRFBaAwGEZFxFRbEImUq0lC0AWsneH7I3NmQ:1qf5Al:BLcIJMUzF6ZEbh8KlhykpRdPNIOaoEViD9CFUrvdLKE','2023-09-23 21:07:19.208910'),('aafzdk0rrpfj38o4fnao62a6fkdwnbxt','.eJxVjb0OgyAURt-FuSEBRLRjtw59BnK5P8XWYAI6NX331sTF9Tsn5_uoVKFgVld1bxV4VhcVYVtz3BrXONEfmPOWAN9cdkAvKM9F41LWOiW9K_qgTT8W4vl2uKdAhrb_eba9WEI24xjIe_EM1gkADoNxHVhyvXRsfOiCIZ8EBAdGA0HAoQ3q-wMLWD6C:1rXxfV:_XCHsbyd0yebqIZdh8WU9311qjbN6WelLXUyASyFbuI','2024-02-22 06:13:53.614323'),('adh5i7ngptdramg6n8hvz3y46h8s7fqs','.eJxVjruOg0AUQ_9lagtx7zzgpkyfL4giNMwjsIlAYkgV5d93kFLsNi7sY8tvNfjXPg2vkrZhjuqkSOGvN_rwSMsRxB-_3NcmrMu-zWNzIM03Lc1ljel5_rL_BiZfptoOzvkovc1tpqzFsRFpHXM0xvTaGNbWsjD74PpstIyppZDGTmLHbLrjVZ6fe9pSHOJ6L_VsUacrQcNAQBbEIAIJepADVdWgDtSiSmUIoiEWFu72-QU03UkW:1qnwQ3:ufVAIXZvfoXWorhsoPMD7FaMmcsnZpMAfWjG83hBYzY','2023-10-18 07:35:43.376731'),('adrg66w93zkghyrb6i3lhjazgll7nsti','.eJxVjDsOwjAQBe_iGln2ev1ZSnrOYPmLA8iR4qRC3B0ipYD2zcx7MR-2tfltlMVPmZ2ZZKffLYb0KH0H-R76beZp7usyRb4r_KCDX-dcnpfD_TtoYbRvnYwJmZyuosqqyAASCQOQEdEpRFBaAwGEZFxFRbEImUq0lC0AWsneH7I3NmQ:1qZv70:3Xt4D0rMF1fEZnf8a59m0HnWIt5WnjGgZPhWkYWOMWI','2023-09-09 15:22:06.761142'),('awc75qpxtztvo0853g13h93jky77r9i3','.eJxVjr0OgzAQg98l8wn18kOAsXufoKrQkbsALQKJwFT13RskhnbxYH-2_FYt7dvQ7knWdmTVKFTw63UUXjIfAT9p7pciLPO2jl1xIMWZpuK2sEzXk_0bGCgNue1El1FzEKxrz85FJ6RNJApVhcaSZlNGK-i89ciuixRDJQHJRzJB-zwax2mTVbjlpU_5bFLNHcGAhRrQAWpABKyhAiwBsxpAD3iBLBYclI_PF5mLSbA:1rJui2:TP4dg9TAMgyiCmbWiKo3gmDcNia-sPfuTFV6e9bYuw8','2024-01-14 12:14:26.855906'),('bdpw04gk8k7812pg7ilfxd1txtlel7pa','eyJicmFuY2giOiJUZXN0In0:1rXlxO:wn7n3FhemY46StpsAj_eiYpdZ4iZDo7gq5ybSRGHdgc','2024-02-21 17:43:34.297473'),('btsg3x6x19icmqmx76b576i65iurrx3j','.eJxVjr0OgzAQg98l8wn18kOAsXufoKrQkbsALQKJwFT13RskhnbxYH-2_FYt7dvQ7knWdmTVKFTw63UUXjIfAT9p7pciLPO2jl1xIMWZpuK2sEzXk_0bGCgNue1El1FzEKxrz85FJ6RNJApVhcaSZlNGK-i89ciuixRDJQHJRzJB-zwax2mTVbjlpU_5bFLNHcGAhRrQAWpABKyhAiwBsxpAD3iBLBYclI_PF5mLSbA:1rPlNt:hsViD8kjoFFiDLMhoIoJzR0dRrAlBt78BHmFINCPB-g','2024-01-30 15:29:49.512088'),('c09u6qdnh00nryca35ilxjn19ih5ofd7','.eJxVjDsOwjAQBe_iGln2ev1ZSnrOYPmLA8iR4qRC3B0ipYD2zcx7MR-2tfltlMVPmZ2ZZKffLYb0KH0H-R76beZp7usyRb4r_KCDX-dcnpfD_TtoYbRvnYwJmZyuosqqyAASCQOQEdEpRFBaAwGEZFxFRbEImUq0lC0AWsneH7I3NmQ:1qfMHp:m8jCClOdB49j4kDJ_mtSbmfEmS_Rt55IKLskSKxae28','2023-09-24 15:23:45.060294'),('c5w9yvau21g3m8cq4o56bollqzvuct7f','.eJxVjDsOwjAQBe_iGln2ev1ZSnrOYPmLA8iR4qRC3B0ipYD2zcx7MR-2tfltlMVPmZ2ZZKffLYb0KH0H-R76beZp7usyRb4r_KCDX-dcnpfD_TtoYbRvnYwJmZyuosqqyAASCQOQEdEpRFBaAwGEZFxFRbEImUq0lC0AWsneH7I3NmQ:1rBxbh:DZO-Irac581sS2lsFxlJeKE4gr0EEePH73UjtGkpHN8','2023-12-23 13:43:01.031269'),('cx7lhfydpamaheaj2ymsjnzsxwvr7qh3','.eJxVjDsOwjAQBe_iGln2ev1ZSnrOYPmLA8iR4qRC3B0ipYD2zcx7MR-2tfltlMVPmZ2ZZKffLYb0KH0H-R76beZp7usyRb4r_KCDX-dcnpfD_TtoYbRvnYwJmZyuosqqyAASCQOQEdEpRFBaAwGEZFxFRbEImUq0lC0AWsneH7I3NmQ:1qhwBC:RRwRDNgm7adcfc1HF4pX5AjJPxTJYW8UsEpjNeJW0R8','2023-10-01 18:07:34.767917'),('d7ee0i1n33ej2ehy3xa317m4fpqxw6jz','.eJxVjrGKwzAQRP9F9WKyklayU153xX1BCGatXcW-MzZYThFC_v1kSJNmipnHzDzNsPGSRnM23zvPDwOm5_s-9veiWz9J9fHTGzj96XIE8svLbW3SuuzbNDQH0rzT0vysovPXm_0oGLkcc6Q2ZCtJseuiEGVSti4zp7ZF59mKC9krUvQRhYbMObWakGNml2yspXmad91UellvpZ4t5nxBoODAQwdIgBYQATtoAQNgVQcYAU9QxQNBuL7-AXGPT3o:1rXlyU:I8Eox3QRtN2Wia1v72V4FgrPxUV5xrkrluIMfYmrzYM','2024-02-21 17:44:42.948113'),('db9dkb2yty9cujm81zqxoi7q50njv8e4','.eJxVjr0OgzAQg98l8wn18kOAsXufoKrQkbsALQKJwFT13RskhnbxYH-2_FYt7dvQ7knWdmTVKFTw63UUXjIfAT9p7pciLPO2jl1xIMWZpuK2sEzXk_0bGCgNue1El1FzEKxrz85FJ6RNJApVhcaSZlNGK-i89ciuixRDJQHJRzJB-zwax2mTVbjlpU_5bFLNHcGAhRrQAWpABKyhAiwBsxpAD3iBLBYclI_PF5mLSbA:1rIFWO:VMjZIq2YmjWzBWBycHb38lsAGhwICRDxbBGrXXVpPHA','2024-01-09 22:03:32.932429'),('ex0yxqzwmckcpbk3mqewzghx36cc3uah','.eJxVjDsOwjAQBe_iGln2ev1ZSnrOYPmLA8iR4qRC3B0ipYD2zcx7MR-2tfltlMVPmZ2ZZKffLYb0KH0H-R76beZp7usyRb4r_KCDX-dcnpfD_TtoYbRvnYwJmZyuosqqyAASCQOQEdEpRFBaAwGEZFxFRbEImUq0lC0AWsneH7I3NmQ:1qfMno:PIunqDSBQjdvPiSXwNfN6221N-D9Zken-j1mIWqG4IY','2023-09-24 15:56:48.409093'),('eyk2y1vbmmtb5iu1zmai7rutz9xw3hs4','.eJxVjr0OgzAQg98l8wn18kOAsXufoKrQkbsALQKJwFT13RskhnbxYH-2_FYt7dvQ7knWdmTVKFTw63UUXjIfAT9p7pciLPO2jl1xIMWZpuK2sEzXk_0bGCgNue1El1FzEKxrz85FJ6RNJApVhcaSZlNGK-i89ciuixRDJQHJRzJB-zwax2mTVbjlpU_5bFLNHcGAhRrQAWpABKyhAiwBsxpAD3iBLBYclI_PF5mLSbA:1rPYVm:qjhSXvVnTuMtU-w99IRnTyvLqP15XUrfDrhVCty7UQM','2024-01-30 01:45:06.235927'),('ffcruyh1xx9v6hjlna7mf8xlklx77eib','.eJxVjDsOwjAQBe_iGln2ev1ZSnrOYPmLA8iR4qRC3B0ipYD2zcx7MR-2tfltlMVPmZ2ZZKffLYb0KH0H-R76beZp7usyRb4r_KCDX-dcnpfD_TtoYbRvnYwJmZyuosqqyAASCQOQEdEpRFBaAwGEZFxFRbEImUq0lC0AWsneH7I3NmQ:1qcwVM:yqubPhd5LwN9t2psgK346cSWGCKnqpXL_1EoWoBk6G8','2023-09-17 23:27:44.432736'),('fq5u3yo4dck71hinc81yilpyw51yg34i','.eJxVjr0OgzAQg98l8wn18kOAsXufoKrQkbsALQKJwFT13RskhnbxYH-2_FYt7dvQ7knWdmTVKFTw63UUXjIfAT9p7pciLPO2jl1xIMWZpuK2sEzXk_0bGCgNue1El1FzEKxrz85FJ6RNJApVhcaSZlNGK-i89ciuixRDJQHJRzJB-zwax2mTVbjlpU_5bFLNHcGAhRrQAWpABKyhAiwBsxpAD3iBLBYclI_PF5mLSbA:1rHYYB:5CKh5oPX-lN8JYmBS1yjA6NFScQ2hEZJNXadHA0xM04','2024-01-08 00:10:31.644070'),('fs9csti0fyfi5e1yuzckyleypoiu4uel','.eJxVjrEOwjAMRP8ls1XhJE5aRna-AKHKjR1aQK3UlAnx7wSJAZYb7t6d7ml6fmxj_yi69pOYvUEDv97A6abzJ5Arz5elScu8rdPQfJDmm5bmuIjeD1_2b2DkMtY2qQ3ZSlLsuihEmZSty8ypbdF5tuJC9ooUfUShIXNOrSbkmNklG-tonu6briq9LJdSzxazPyFQcOChAyRAC4iAHbSAAbCqA4yAO6jigSCcX28uU0ob:1rQdx9:aWkRP-fOgYKxrglDrx1e9vZEePMxV104xUVngNIXoqA','2024-02-02 01:45:51.578020'),('g0pmp2yieu5bwh8a7nsgmmb7pd6y5cvs','.eJxVjr0OgzAQg98l8wn18kOAsXufoKrQkbsALQKJwFT13RskhnbxYH-2_FYt7dvQ7knWdmTVKFTw63UUXjIfAT9p7pciLPO2jl1xIMWZpuK2sEzXk_0bGCgNue1El1FzEKxrz85FJ6RNJApVhcaSZlNGK-i89ciuixRDJQHJRzJB-zwax2mTVbjlpU_5bFLNHcGAhRrQAWpABKyhAiwBsxpAD3iBLBYclI_PF5mLSbA:1rHnok:kbgYC6QKoNL0uJx0zIySdvPmFMmXDuUnkq1s09NDLxE','2024-01-08 16:28:38.021949'),('galkvn8ivf6a2qulva1047k4t0uei217','.eJxVjDsOwjAQBe_iGln2ev1ZSnrOYPmLA8iR4qRC3B0ipYD2zcx7MR-2tfltlMVPmZ2ZZKffLYb0KH0H-R76beZp7usyRb4r_KCDX-dcnpfD_TtoYbRvnYwJmZyuosqqyAASCQOQEdEpRFBaAwGEZFxFRbEImUq0lC0AWsneH7I3NmQ:1qctfs:H4r6HNwCLZKS_W1fevehxYYrNDwLidDSGuHJC8ayfOw','2023-09-17 20:26:24.139284'),('gku2zn4rnmqglwp3x02y2ovs7kqp308h','.eJxVjDsOwjAQBe_iGln2ev1ZSnrOYPmLA8iR4qRC3B0ipYD2zcx7MR-2tfltlMVPmZ2ZZKffLYb0KH0H-R76beZp7usyRb4r_KCDX-dcnpfD_TtoYbRvnYwJmZyuosqqyAASCQOQEdEpRFBaAwGEZFxFRbEImUq0lC0AWsneH7I3NmQ:1qeyRx:Rm-EVWIFLcOxYSOW5gCSCTmcNkF9xMe76vcesh59s-w','2023-09-23 13:56:37.647804'),('gmv8ym4gvlbpf52le5o4p1pm1chsmdee','.eJxVjDsOwjAQBe_iGln2ev1ZSnrOYPmLA8iR4qRC3B0ipYD2zcx7MR-2tfltlMVPmZ2ZZKffLYb0KH0H-R76beZp7usyRb4r_KCDX-dcnpfD_TtoYbRvnYwJmZyuosqqyAASCQOQEdEpRFBaAwGEZFxFRbEImUq0lC0AWsneH7I3NmQ:1qewdF:1J50dGMWy701FmfSY7gq-Qr5XbDgYQeYNKRmngrc6N8','2023-09-23 12:00:09.703941'),('gqiwxfab9zs593q1q0diyw8kkdd0iqvg','.eJxVjMsOwiAUBf-FtSEBSqEu3fsN5HIfUjWQlHZl_Hdt0oVuz8ycl0qwrSVtnZc0kzoro06_WwZ8cN0B3aHemsZW12XOelf0Qbu-NuLn5XD_Dgr08q0921EsIZtpCuS9eAbrBABjNG4AS26UgY0PQzDks4BgZDQQBBzaoN4f-6s4xg:1rLQf8:PB7IGhQ21URZS5MF0X-JqU9oLPstz91czwPonokLlvs','2024-01-18 16:33:42.220626'),('grnyz0ecuzy46tc87fxbdwcg92t7rkgd','.eJxVjDsOwjAQBe_iGln2ev1ZSnrOYPmLA8iR4qRC3B0ipYD2zcx7MR-2tfltlMVPmZ2ZZKffLYb0KH0H-R76beZp7usyRb4r_KCDX-dcnpfD_TtoYbRvnYwJmZyuosqqyAASCQOQEdEpRFBaAwGEZFxFRbEImUq0lC0AWsneH7I3NmQ:1qfMQL:exeiIGbT7g8BpDsXlen2_tJqzYJZKFma0AQattLqOms','2023-09-24 15:32:33.357033'),('h7zlk9iomi0yfis0pjxom580afo8v996','.eJxVjDsOwjAQBe_iGln2ev1ZSnrOYPmLA8iR4qRC3B0ipYD2zcx7MR-2tfltlMVPmZ2ZZKffLYb0KH0H-R76beZp7usyRb4r_KCDX-dcnpfD_TtoYbRvnYwJmZyuosqqyAASCQOQEdEpRFBaAwGEZFxFRbEImUq0lC0AWsneH7I3NmQ:1qcC4e:feq8Cxolf06qFmUXrJAiDVb0jSgpGY_1j3-ThH2dPPM','2023-09-15 21:53:04.860438'),('hb3qzm195cqyys06dpfab526x6wah8yb','.eJxVjDsOwjAQBe_iGln2ev1ZSnrOYPmLA8iR4qRC3B0ipYD2zcx7MR-2tfltlMVPmZ2ZZKffLYb0KH0H-R76beZp7usyRb4r_KCDX-dcnpfD_TtoYbRvnYwJmZyuosqqyAASCQOQEdEpRFBaAwGEZFxFRbEImUq0lC0AWsneH7I3NmQ:1qcD2F:doujw_lzyDQKTFq_UVC-F8cfYhDBmtwUyEVjPuShlgo','2023-09-15 22:54:39.208981'),('hep4xh15ytyt2gilv2ejregt0gabvjn0','.eJxVjDsOwjAQBe_iGln2ev1ZSnrOYPmLA8iR4qRC3B0ipYD2zcx7MR-2tfltlMVPmZ2ZZKffLYb0KH0H-R76beZp7usyRb4r_KCDX-dcnpfD_TtoYbRvnYwJmZyuosqqyAASCQOQEdEpRFBaAwGEZFxFRbEImUq0lC0AWsneH7I3NmQ:1qhwBD:lnKg-Nfrw7QpuD2d5S0crFmaniG9ppw3yzqIyf-JP3k','2023-10-01 18:07:35.069396'),('hf2w3jet9m0iiozkihylbm0e3v3mwre5','.eJxVjMsOwiAUBf-FtSEBSqEu3fsN5HIfUjWQlHZl_Hdt0oVuz8ycl0qwrSVtnZc0kzoro06_WwZ8cN0B3aHemsZW12XOelf0Qbu-NuLn5XD_Dgr08q0921EsIZtpCuS9eAbrBABjNG4AS26UgY0PQzDks4BgZDQQBBzaoN4f-6s4xg:1rOsLK:ci07gJEFS74NgPXWCxSwu3O0AW6lcec-OHxC-EuNCr8','2024-01-28 04:43:30.892340'),('igmkyv3rnrqtqdul8zrf2k6j5hvk5q5a','.eJxVjDsOwjAQBe_iGln2ev1ZSnrOYPmLA8iR4qRC3B0ipYD2zcx7MR-2tfltlMVPmZ2ZZKffLYb0KH0H-R76beZp7usyRb4r_KCDX-dcnpfD_TtoYbRvnYwJmZyuosqqyAASCQOQEdEpRFBaAwGEZFxFRbEImUq0lC0AWsneH7I3NmQ:1qeP0I:2eEkV2JfQZCjMBOoq6GrLhZTRyL4P9twYiPRy1vDp0M','2023-09-22 00:05:42.056057'),('ine0r2ruy6rar0syojm3yd5urd7c8f32','.eJxVjDsOwjAQBe_iGln2ev1ZSnrOYPmLA8iR4qRC3B0ipYD2zcx7MR-2tfltlMVPmZ2ZZKffLYb0KH0H-R76beZp7usyRb4r_KCDX-dcnpfD_TtoYbRvnYwJmZyuosqqyAASCQOQEdEpRFBaAwGEZFxFRbEImUq0lC0AWsneH7I3NmQ:1qdKPx:06iHnjtK78AP8XUxX_X7Gx-B51kIyyLfyHsVRm-ycqw','2023-09-19 00:59:45.781289'),('j5jr176ergi582pybbrduu08o6tmkoqu','.eJxVjDsOwjAQBe_iGln2ev1ZSnrOYPmLA8iR4qRC3B0ipYD2zcx7MR-2tfltlMVPmZ2ZZKffLYb0KH0H-R76beZp7usyRb4r_KCDX-dcnpfD_TtoYbRvnYwJmZyuosqqyAASCQOQEdEpRFBaAwGEZFxFRbEImUq0lC0AWsneH7I3NmQ:1qc3PU:1XhVNeyQUKVpk6Q4Nq_lV68_fHJeS2eS04EVs02oauk','2023-09-15 12:38:00.256673'),('j8hoydfsummdhaxl03vzowuk9pzl3fej','.eJxVjDsOwjAQBe_iGln2ev1ZSnrOYPmLA8iR4qRC3B0ipYD2zcx7MR-2tfltlMVPmZ2ZZKffLYb0KH0H-R76beZp7usyRb4r_KCDX-dcnpfD_TtoYbRvnYwJmZyuosqqyAASCQOQEdEpRFBaAwGEZFxFRbEImUq0lC0AWsneH7I3NmQ:1qeiN2:kRrvupqtcW9dNK6ao3_cljoVCSHy3bXYz-8MRQdMh1U','2023-09-22 20:46:28.635753'),('j9j9neb41lwfd9mw74r1vf8q6579na2z','.eJxVjDsOwjAQBe_iGln2ev1ZSnrOYPmLA8iR4qRC3B0ipYD2zcx7MR-2tfltlMVPmZ2ZZKffLYb0KH0H-R76beZp7usyRb4r_KCDX-dcnpfD_TtoYbRvnYwJmZyuosqqyAASCQOQEdEpRFBaAwGEZFxFRbEImUq0lC0AWsneH7I3NmQ:1qHO5b:TqsZ_9iIqC-ZWKvF6rj-Dbp8TLfZRm9c-o4oK1xBJ88','2023-07-20 12:28:03.640079'),('jf405map0z9pdx760hmsa8ynxx6o2d67','.eJxVjDsOwjAQBe_iGln2ev1ZSnrOYPmLA8iR4qRC3B0ipYD2zcx7MR-2tfltlMVPmZ2ZZKffLYb0KH0H-R76beZp7usyRb4r_KCDX-dcnpfD_TtoYbRvnYwJmZyuosqqyAASCQOQEdEpRFBaAwGEZFxFRbEImUq0lC0AWsneH7I3NmQ:1qcvrT:TUv-JHL3ETu9c9XT2idRpZc2y-5YoZvA7hPFhkdS1Hk','2023-09-17 22:46:31.901100'),('k53c9ozq2lyg9uh5auhedoh9r6f840ch','.eJxVjDsOwjAQBe_iGln2ev1ZSnrOYPmLA8iR4qRC3B0ipYD2zcx7MR-2tfltlMVPmZ2ZZKffLYb0KH0H-R76beZp7usyRb4r_KCDX-dcnpfD_TtoYbRvnYwJmZyuosqqyAASCQOQEdEpRFBaAwGEZFxFRbEImUq0lC0AWsneH7I3NmQ:1qgrga:ywLotT_LWLPpZPc-WgzEdJ_EIKHhTAjYJbanRehDtU0','2023-09-28 19:07:32.006226'),('k6adhi6vh5lz9z8uavpuyee01fbc9bkc','.eJxVjDsOwjAQBe_iGln2ev1ZSnrOYPmLA8iR4qRC3B0ipYD2zcx7MR-2tfltlMVPmZ2ZZKffLYb0KH0H-R76beZp7usyRb4r_KCDX-dcnpfD_TtoYbRvnYwJmZyuosqqyAASCQOQEdEpRFBaAwGEZFxFRbEImUq0lC0AWsneH7I3NmQ:1qcxPv:7AgjF-zKSg2C0DV57ebcmrcV56f4ihpLkvSmGBUd9nA','2023-09-18 00:26:11.774003'),('kglycrjh7yomyt7hcy8lsolnoqj8c0dx','.eJxVjDsOwjAQBe_iGln2ev1ZSnrOYPmLA8iR4qRC3B0ipYD2zcx7MR-2tfltlMVPmZ2ZZKffLYb0KH0H-R76beZp7usyRb4r_KCDX-dcnpfD_TtoYbRvnYwJmZyuosqqyAASCQOQEdEpRFBaAwGEZFxFRbEImUq0lC0AWsneH7I3NmQ:1qc6AK:IpCTPngGAlYesnoKqVl6YbhU8-os3wQTPSEWhUaMwn4','2023-09-15 15:34:32.406084'),('kslry6xuati67g4cvgegls8tkjawqchz','.eJxVjDsOwjAQBe_iGln2ev1ZSnrOYPmLA8iR4qRC3B0ipYD2zcx7MR-2tfltlMVPmZ2ZZKffLYb0KH0H-R76beZp7usyRb4r_KCDX-dcnpfD_TtoYbRvnYwJmZyuosqqyAASCQOQEdEpRFBaAwGEZFxFRbEImUq0lC0AWsneH7I3NmQ:1qcn5i:-gidfMwZbkOTgEXyM6MA45T1d2y6rIJnumCeBWZFYzM','2023-09-17 13:24:38.429929'),('kyfrebgp3uwle16c62x9t3dprrb4r1yb','eyJicmFuY2giOiJJc3JhZWwifQ:1rXlvA:ZGqSKQOTIhZgFL_wv7B9-9d5GPACcgMnfSanSuiaUmI','2024-02-21 17:41:16.451101'),('mqcs2k5kkwdput2ro1oivcvny3xyvisy','.eJxVjrFuwzAMRP9FM2GUkijZGbtl6BcUgUGLVOzWsAHJmYL-e2UgS5Yb7h3u7mmmwluazcVca2FdDZiRH8c8PqqWcZEG8N2bOP3qdgL54e2-d2nfjrJM3RnpXrR2X7vo-vnKvhXMXM89UhuylaQ4DFGIMilbl5lT36PzbMWF7BUp-ohCU-acek3IMbNLNrbSvKyHFpVR9nttZ6u5fCNQcOBhACRAC4iAA_SAAbCpA4yAH9DEA0G4_f0Dz2hP1w:1rd8of:WGe5NIxO3ijQtqx9UKvaKCgzkCWoGNxHpl4VWURcL9E','2024-03-07 13:08:45.070828'),('nhgc836j2wura6x0waxbkde8vcw9ifpz','.eJxVjDsOwjAQBe_iGln2ev1ZSnrOYPmLA8iR4qRC3B0ipYD2zcx7MR-2tfltlMVPmZ2ZZKffLYb0KH0H-R76beZp7usyRb4r_KCDX-dcnpfD_TtoYbRvnYwJmZyuosqqyAASCQOQEdEpRFBaAwGEZFxFRbEImUq0lC0AWsneH7I3NmQ:1qGTDt:o0LJS7h8_wn7zdHVklHubhvNllBfdOMKIhqx4AR6KoU','2023-07-17 23:44:49.315833'),('nl0nkxjxcrucau2bn5cib7oyfod9b78o','.eJxVjDsOwjAQBe_iGln2ev1ZSnrOYPmLA8iR4qRC3B0ipYD2zcx7MR-2tfltlMVPmZ2ZZKffLYb0KH0H-R76beZp7usyRb4r_KCDX-dcnpfD_TtoYbRvnYwJmZyuosqqyAASCQOQEdEpRFBaAwGEZFxFRbEImUq0lC0AWsneH7I3NmQ:1qiB6K:ovNF67Iur7XurwFxpzei-EgVwVgLqXY-ngqbU_9sUYA','2023-10-02 10:03:32.854561'),('nq3dz5cw1yaihbs0og0e3rg9ak3l5nmx','.eJxVjDsOwjAQBe_iGln2ev1ZSnrOYPmLA8iR4qRC3B0ipYD2zcx7MR-2tfltlMVPmZ2ZZKffLYb0KH0H-R76beZp7usyRb4r_KCDX-dcnpfD_TtoYbRvnYwJmZyuosqqyAASCQOQEdEpRFBaAwGEZFxFRbEImUq0lC0AWsneH7I3NmQ:1qiwO3:pNbys7uNi7Iyx9LECz8l_MY9EqAjMX6hacWWbC8OZig','2023-10-04 12:32:59.931024'),('nsd73np94r4dq7cbfx8nu58wl7ig1f5v','.eJxVjr0OgzAQg98l8wn18kOAsXufoKrQkbsALQKJwFT13RskhnbxYH-2_FYt7dvQ7knWdmTVKFTw63UUXjIfAT9p7pciLPO2jl1xIMWZpuK2sEzXk_0bGCgNue1El1FzEKxrz85FJ6RNJApVhcaSZlNGK-i89ciuixRDJQHJRzJB-zwax2mTVbjlpU_5bFLNHcGAhRrQAWpABKyhAiwBsxpAD3iBLBYclI_PF5mLSbA:1rM7t9:iUVspZlpKQOlAmGRfwmk-06Yzkge1woQhg-pTfJfyBQ','2024-01-20 14:43:03.044259'),('o0kg0kqqppyfsr694jgys4e2zwqzejw7','.eJxVjDsOwjAQBe_iGln2ev1ZSnrOYPmLA8iR4qRC3B0ipYD2zcx7MR-2tfltlMVPmZ2ZZKffLYb0KH0H-R76beZp7usyRb4r_KCDX-dcnpfD_TtoYbRvnYwJmZyuosqqyAASCQOQEdEpRFBaAwGEZFxFRbEImUq0lC0AWsneH7I3NmQ:1qdKTA:n1DPDaFq69_U76QOVpLmPHQpRv7ngrRa7b8-pQoadcY','2023-09-19 01:03:04.911091'),('o7kajrwfxoo7vhnnwg8ye0uu6ldr44pc','.eJxVjDsOwjAQBe_iGln2ev1ZSnrOYPmLA8iR4qRC3B0ipYD2zcx7MR-2tfltlMVPmZ2ZZKffLYb0KH0H-R76beZp7usyRb4r_KCDX-dcnpfD_TtoYbRvnYwJmZyuosqqyAASCQOQEdEpRFBaAwGEZFxFRbEImUq0lC0AWsneH7I3NmQ:1qdJeX:ylNT0ZjNerI210TZXR2eXv5NIckSQko-FggbQQMij1o','2023-09-19 00:10:45.151384'),('okh70skabyepypkgiqvhfb9kw05i3za1','.eJxVjDsOwjAQBe_iGln2ev1ZSnrOYPmLA8iR4qRC3B0ipYD2zcx7MR-2tfltlMVPmZ2ZZKffLYb0KH0H-R76beZp7usyRb4r_KCDX-dcnpfD_TtoYbRvnYwJmZyuosqqyAASCQOQEdEpRFBaAwGEZFxFRbEImUq0lC0AWsneH7I3NmQ:1qfnnu:3yhGxx4YxL9U99v3m_ZYI_HKrukgI5ni2GZ1qHGG_FE','2023-09-25 20:46:42.523340'),('p9evkx0t7p5c1shz56wwdh3av7rmwxzl','.eJxVjDsOwjAQBe_iGln2ev1ZSnrOYPmLA8iR4qRC3B0ipYD2zcx7MR-2tfltlMVPmZ2ZZKffLYb0KH0H-R76beZp7usyRb4r_KCDX-dcnpfD_TtoYbRvnYwJmZyuosqqyAASCQOQEdEpRFBaAwGEZFxFRbEImUq0lC0AWsneH7I3NmQ:1qc6Fm:8HNLijxZ9Y4-blQwZt_7yh5Q5wDYbC5uMX_BkM6LdRY','2023-09-15 15:40:10.553899'),('pnbaaxmigacywpby9gwcj7dikz5up9ba','.eJxVjDsOwjAQBe_iGln2ev1ZSnrOYPmLA8iR4qRC3B0ipYD2zcx7MR-2tfltlMVPmZ2ZZKffLYb0KH0H-R76beZp7usyRb4r_KCDX-dcnpfD_TtoYbRvnYwJmZyuosqqyAASCQOQEdEpRFBaAwGEZFxFRbEImUq0lC0AWsneH7I3NmQ:1qUqHG:ls2Taf0VIxgfKN5Hr3oouQaNTTN2OO-mWtdClNBr5fs','2023-08-26 15:11:42.029293'),('py1symy5h8jud3zi5510qvkhb2vbgdt0','.eJxVjDsOwjAQBe_iGln2ev1ZSnrOYPmLA8iR4qRC3B0ipYD2zcx7MR-2tfltlMVPmZ2ZZKffLYb0KH0H-R76beZp7usyRb4r_KCDX-dcnpfD_TtoYbRvnYwJmZyuosqqyAASCQOQEdEpRFBaAwGEZFxFRbEImUq0lC0AWsneH7I3NmQ:1qhHAU:OQWhz9PsqtCJ1Ae2eSPh7NDjm9O1g9yn0Nwqn_NknoI','2023-09-29 22:20:06.278488'),('qe8cntij9ais1n48i5skvxnhwekaupfy','.eJxVjMsOwiAUBf-FtSEBSqEu3fsN5HIfUjWQlHZl_Hdt0oVuz8ycl0qwrSVtnZc0kzoro06_WwZ8cN0B3aHemsZW12XOelf0Qbu-NuLn5XD_Dgr08q0921EsIZtpCuS9eAbrBABjNG4AS26UgY0PQzDks4BgZDQQBBzaoN4f-6s4xg:1rP3Gx:OOjbE8XtyqqWsTeQXljusEpF2qltDSCYNNn8QPZpKWQ','2024-01-28 16:23:43.843633'),('qecy4ben8iq123ro5m2qbxojil3d503b','.eJxVjDsOwjAQBe_iGln2ev1ZSnrOYPmLA8iR4qRC3B0ipYD2zcx7MR-2tfltlMVPmZ2ZZKffLYb0KH0H-R76beZp7usyRb4r_KCDX-dcnpfD_TtoYbRvnYwJmZyuosqqyAASCQOQEdEpRFBaAwGEZFxFRbEImUq0lC0AWsneH7I3NmQ:1qhzr6:4LaN6Cf08ClQTHxnFSpCuNGNkxKbbnT0pXCS3MzhXEM','2023-10-01 22:03:04.563610'),('qlveo5ilg3g8tas3li5jugfsdkmgo73m','.eJxVjr0OgzAQg98l8wn18kOAsXufoKrQkbsALQKJwFT13RskhnbxYH-2_FYt7dvQ7knWdmTVKFTw63UUXjIfAT9p7pciLPO2jl1xIMWZpuK2sEzXk_0bGCgNue1El1FzEKxrz85FJ6RNJApVhcaSZlNGK-i89ciuixRDJQHJRzJB-zwax2mTVbjlpU_5bFLNHcGAhRrQAWpABKyhAiwBsxpAD3iBLBYclI_PF5mLSbA:1rLQfE:Me3KoT8zom2F1lRhN0XpysP1xFsN_xACjlCPWw7Znnk','2024-01-18 16:33:48.336928'),('qmqkmbtsw0zplfyz9cbbj3thi504j06h','.eJxVjDsOwjAQBe_iGln2ev1ZSnrOYPmLA8iR4qRC3B0ipYD2zcx7MR-2tfltlMVPmZ2ZZKffLYb0KH0H-R76beZp7usyRb4r_KCDX-dcnpfD_TtoYbRvnYwJmZyuosqqyAASCQOQEdEpRFBaAwGEZFxFRbEImUq0lC0AWsneH7I3NmQ:1qdH4s:B8I2yYIArejQPc3zVRS7m4uIMDL4Do7u1jyZp__6nDs','2023-09-18 21:25:46.862538'),('qyhlvc67j84afv47jneb1xgans55h1go','.eJxVjDsOwjAQBe_iGln2ev1ZSnrOYPmLA8iR4qRC3B0ipYD2zcx7MR-2tfltlMVPmZ2ZZKffLYb0KH0H-R76beZp7usyRb4r_KCDX-dcnpfD_TtoYbRvnYwJmZyuosqqyAASCQOQEdEpRFBaAwGEZFxFRbEImUq0lC0AWsneH7I3NmQ:1qfOI3:hApB_P8qdqvFThgDBINi-bEMbcSqk0XgHTDL08Ai-sE','2023-09-24 17:32:07.273896'),('r2lnebsksv1wfrysiq7gtzsy3ewht4d8','.eJxVjr0OgzAQg98l8wn18kOAsXufoKrQkbsALQKJwFT13RskhnbxYH-2_FYt7dvQ7knWdmTVKFTw63UUXjIfAT9p7pciLPO2jl1xIMWZpuK2sEzXk_0bGCgNue1El1FzEKxrz85FJ6RNJApVhcaSZlNGK-i89ciuixRDJQHJRzJB-zwax2mTVbjlpU_5bFLNHcGAhRrQAWpABKyhAiwBsxpAD3iBLBYclI_PF5mLSbA:1rJvda:dHJvAbtfFMlophZi0AY9Tee5IVn39SI0_dRTO0LHqzA','2024-01-14 13:13:54.475475'),('rjtwgdruzue0stku5u87z2y9wnq2syf8','.eJxVjrEOwjAMRP8ls1XhJE5aRna-AKHKjR1aQK3UlAnx7wSJAZYb7t6d7ml6fmxj_yi69pOYvUEDv97A6abzJ5Arz5elScu8rdPQfJDmm5bmuIjeD1_2b2DkMtY2qQ3ZSlLsuihEmZSty8ypbdF5tuJC9ooUfUShIXNOrSbkmNklG-tonu6briq9LJdSzxazPyFQcOChAyRAC4iAHbSAAbCqA4yAO6jigSCcX28uU0ob:1rWh7A:WgOxyyBzFVnhTGn2MSJa2WE3pmJ1LIXoxDBFvCokIZM','2024-02-18 18:21:12.294263'),('ske47ygudstuiuso31qc6yym2igmchzb','.eJxVjTsOwjAUBO_iGlmyHccJJR0FZ4jW70MCyJHyKRDi7hApTdqZ0e7H5AmFenM21wWvtzmZDuvSd-ssUzfwn7sjy6CnlE3wA-U-WhrLMg3Zbond7WxvI8vrsreHgR7zdhfF1-qZxLVt4hg1CnxQgJrGhQqeQ62VuJiq5DhmhVIj5JAUgXwy3x_G3j4l:1rXlyQ:kClDR-uj21LVgxxfaWydhMibUgjeqYtW1wgaUwEW5Fo','2024-02-21 17:44:38.576784'),('sli747b2da2ktvigldllfww9ndt97q8q','.eJxVjDsOwjAQBe_iGln2ev1ZSnrOYPmLA8iR4qRC3B0ipYD2zcx7MR-2tfltlMVPmZ2ZZKffLYb0KH0H-R76beZp7usyRb4r_KCDX-dcnpfD_TtoYbRvnYwJmZyuosqqyAASCQOQEdEpRFBaAwGEZFxFRbEImUq0lC0AWsneH7I3NmQ:1qc69N:BvY04HpIjMb6-WPyX4VkxGczpfMcfMYgLJfH-wWpTfw','2023-09-15 15:33:33.921758'),('sncnzvaefpilbrekjwojzuzs257yptae','.eJxVjDsOwjAQBe_iGln2ev1ZSnrOYPmLA8iR4qRC3B0ipYD2zcx7MR-2tfltlMVPmZ2ZZKffLYb0KH0H-R76beZp7usyRb4r_KCDX-dcnpfD_TtoYbRvnYwJmZyuosqqyAASCQOQEdEpRFBaAwGEZFxFRbEImUq0lC0AWsneH7I3NmQ:1qlLT6:NuDRqefP0Dh9VX952WTZPplVoa9rFnbEtXLXqP6xqWg','2023-10-11 03:44:08.893871'),('tlkd04jax1he5iayu3zrjnnkl3g8brqw','.eJxVjr0OgzAQg98l8wn18kOAsXufoKrQkbsALQKJwFT13RskhnbxYH-2_FYt7dvQ7knWdmTVKFTw63UUXjIfAT9p7pciLPO2jl1xIMWZpuK2sEzXk_0bGCgNue1El1FzEKxrz85FJ6RNJApVhcaSZlNGK-i89ciuixRDJQHJRzJB-zwax2mTVbjlpU_5bFLNHcGAhRrQAWpABKyhAiwBsxpAD3iBLBYclI_PF5mLSbA:1rMFzo:fVANA8sZykpwF2oReiWHuGrmqqwvk0OVUtqG6bxfU1g','2024-01-20 23:22:28.199597'),('tmi7ufp9bj9d75960xsk9c5nqkvwasuf','.eJxVjDsOwjAQBe_iGln2ev1ZSnrOYPmLA8iR4qRC3B0ipYD2zcx7MR-2tfltlMVPmZ2ZZKffLYb0KH0H-R76beZp7usyRb4r_KCDX-dcnpfD_TtoYbRvnYwJmZyuosqqyAASCQOQEdEpRFBaAwGEZFxFRbEImUq0lC0AWsneH7I3NmQ:1qiFn0:aNQIh_tYjY4wcVamS0bfGNhqavMM4lbW-HOJmXnnx_o','2023-10-02 15:03:54.301876'),('tu3v9qp5lpxcqadb9lx3lxb811hdee7b','.eJxVjDsOwjAQBe_iGln2ev1ZSnrOYPmLA8iR4qRC3B0ipYD2zcx7MR-2tfltlMVPmZ2ZZKffLYb0KH0H-R76beZp7usyRb4r_KCDX-dcnpfD_TtoYbRvnYwJmZyuosqqyAASCQOQEdEpRFBaAwGEZFxFRbEImUq0lC0AWsneH7I3NmQ:1qjQpY:a_2NuQf4yXVLt4bxN3B85Ornn0GkSAB2K6burq6oUOQ','2023-10-05 21:03:24.664818'),('tuek5n4joexsedog15nj4jbd66pvgvpp','.eJxVjDsOwjAQBe_iGln2ev1ZSnrOYPmLA8iR4qRC3B0ipYD2zcx7MR-2tfltlMVPmZ2ZZKffLYb0KH0H-R76beZp7usyRb4r_KCDX-dcnpfD_TtoYbRvnYwJmZyuosqqyAASCQOQEdEpRFBaAwGEZFxFRbEImUq0lC0AWsneH7I3NmQ:1qc6H4:sPl-cPEskx5JXc008eJbZydmAY1BKYUIdmwEAAbOWwo','2023-09-15 15:41:30.026079'),('ue8k4t5fd2ies6g9r6vut14vrykqunez','.eJxVjDsOwjAQBe_iGln2ev1ZSnrOYPmLA8iR4qRC3B0ipYD2zcx7MR-2tfltlMVPmZ2ZZKffLYb0KH0H-R76beZp7usyRb4r_KCDX-dcnpfD_TtoYbRvnYwJmZyuosqqyAASCQOQEdEpRFBaAwGEZFxFRbEImUq0lC0AWsneH7I3NmQ:1qf4Zp:BIX1wR2v9p9SvFi-UAa2EibUV4rLLMkAx1Ym2Ha_5bQ','2023-09-23 20:29:09.262650'),('v00cotagwhets88i2hm10528jxfo1thp','.eJxVjDsOwjAQBe_iGln2ev1ZSnrOYPmLA8iR4qRC3B0ipYD2zcx7MR-2tfltlMVPmZ2ZZKffLYb0KH0H-R76beZp7usyRb4r_KCDX-dcnpfD_TtoYbRvnYwJmZyuosqqyAASCQOQEdEpRFBaAwGEZFxFRbEImUq0lC0AWsneH7I3NmQ:1qiF2D:Z2LYKmlIsPLphWu5TDFeID8Pwk95VdBQAKO0pjV7S1w','2023-10-02 14:15:33.691962'),('w7j21x3f9rbi793qmne5njgkaclwlblv','.eJxVjDsOwjAQBe_iGln2ev1ZSnrOYPmLA8iR4qRC3B0ipYD2zcx7MR-2tfltlMVPmZ2ZZKffLYb0KH0H-R76beZp7usyRb4r_KCDX-dcnpfD_TtoYbRvnYwJmZyuosqqyAASCQOQEdEpRFBaAwGEZFxFRbEImUq0lC0AWsneH7I3NmQ:1qGRv7:1F8KxXpHK7N2UaLx1CnOFy5dCwPPHO1Tz3a1Al9Aqug','2023-07-17 22:21:21.118460'),('wzm0yr6qlzbw8rjjzi1vjx6gbw0fwdf8','eyJicmFuY2giOiJJc3JhZWwifQ:1rXlvi:t5zORGv2Q1MUIzUeH2SX38DMIDqkvUlvvWTYbFzF4eQ','2024-02-21 17:41:50.420169'),('x4gryhe0lw50h6ripwu051yeg0vlkpyn','.eJxVjDsOwjAQBe_iGln2ev1ZSnrOYPmLA8iR4qRC3B0ipYD2zcx7MR-2tfltlMVPmZ2ZZKffLYb0KH0H-R76beZp7usyRb4r_KCDX-dcnpfD_TtoYbRvnYwJmZyuosqqyAASCQOQEdEpRFBaAwGEZFxFRbEImUq0lC0AWsneH7I3NmQ:1qcDZB:McxLzfybhMuUxnaxOWuqJo0BxXQRh3DYw6EEUjxUh9E','2023-09-15 23:28:41.999462'),('xf2e5esawcspqq55892seso5e34kp6ov','.eJxVjDsOwjAQBe_iGln2ev1ZSnrOYPmLA8iR4qRC3B0ipYD2zcx7MR-2tfltlMVPmZ2ZZKffLYb0KH0H-R76beZp7usyRb4r_KCDX-dcnpfD_TtoYbRvnYwJmZyuosqqyAASCQOQEdEpRFBaAwGEZFxFRbEImUq0lC0AWsneH7I3NmQ:1qiKdf:QMaA2HlrUK8h34VbiiDgp9dETd59ODQ_iiQIjr4RR-w','2023-10-02 20:14:35.111002'),('xvaymeidrgf013oc1ssf323rbfxjws5r','.eJxVjDsOwjAQBe_iGln2ev1ZSnrOYPmLA8iR4qRC3B0ipYD2zcx7MR-2tfltlMVPmZ2ZZKffLYb0KH0H-R76beZp7usyRb4r_KCDX-dcnpfD_TtoYbRvnYwJmZyuosqqyAASCQOQEdEpRFBaAwGEZFxFRbEImUq0lC0AWsneH7I3NmQ:1qiDmW:CL1M6PWonvnohYcf8K_5jKtVrdcWGnkv9ovCD6ttulg','2023-10-02 12:55:16.407149'),('zfj4m3gq1es3hlqptonsvf7zkmuh17zc','.eJxVjDsOwjAQBe_iGln2ev1ZSnrOYPmLA8iR4qRC3B0ipYD2zcx7MR-2tfltlMVPmZ2ZZKffLYb0KH0H-R76beZp7usyRb4r_KCDX-dcnpfD_TtoYbRvnYwJmZyuosqqyAASCQOQEdEpRFBaAwGEZFxFRbEImUq0lC0AWsneH7I3NmQ:1qgsag:JYFcjDNb5WCu3w3cfq4Ib9rBDswJMOOdV2evrUo8obY','2023-09-28 20:05:30.314051');
/*!40000 ALTER TABLE `django_session` ENABLE KEYS */;
UNLOCK TABLES;

--
-- Table structure for table `dogs_app_branch`
--

DROP TABLE IF EXISTS `dogs_app_branch`;
/*!40101 SET @saved_cs_client     = @@character_set_client */;
/*!50503 SET character_set_client = utf8mb4 */;
CREATE TABLE `dogs_app_branch` (
  `id` bigint NOT NULL AUTO_INCREMENT,
  `branchName` varchar(20) NOT NULL,
  PRIMARY KEY (`id`),
  UNIQUE KEY `branchName` (`branchName`)
) ENGINE=InnoDB AUTO_INCREMENT=3 DEFAULT CHARSET=utf8mb3;
/*!40101 SET character_set_client = @saved_cs_client */;

--
-- Dumping data for table `dogs_app_branch`
--

LOCK TABLES `dogs_app_branch` WRITE;
/*!40000 ALTER TABLE `dogs_app_branch` DISABLE KEYS */;
INSERT INTO `dogs_app_branch` VALUES (1,'Israel'),(2,'Italy');
/*!40000 ALTER TABLE `dogs_app_branch` ENABLE KEYS */;
UNLOCK TABLES;

--
-- Table structure for table `dogs_app_camera`
--

DROP TABLE IF EXISTS `dogs_app_camera`;
/*!40101 SET @saved_cs_client     = @@character_set_client */;
/*!50503 SET character_set_client = utf8mb4 */;
CREATE TABLE `dogs_app_camera` (
  `id` bigint NOT NULL AUTO_INCREMENT,
  `camID` smallint unsigned NOT NULL,
  `branch_id` bigint NOT NULL,
  PRIMARY KEY (`id`),
  UNIQUE KEY `dogs_app_camera_camID_branch_id_3afef489_uniq` (`camID`,`branch_id`),
  KEY `dogs_app_camera_branch_id_be487941_fk_dogs_app_branch_id` (`branch_id`),
  CONSTRAINT `dogs_app_camera_branch_id_be487941_fk_dogs_app_branch_id` FOREIGN KEY (`branch_id`) REFERENCES `dogs_app_branch` (`id`),
  CONSTRAINT `dogs_app_camera_chk_1` CHECK ((`camID` >= 0))
) ENGINE=InnoDB AUTO_INCREMENT=17 DEFAULT CHARSET=utf8mb3;
/*!40101 SET character_set_client = @saved_cs_client */;

--
-- Dumping data for table `dogs_app_camera`
--

LOCK TABLES `dogs_app_camera` WRITE;
/*!40000 ALTER TABLE `dogs_app_camera` DISABLE KEYS */;
INSERT INTO `dogs_app_camera` VALUES (1,1,1),(15,1,2),(2,2,1),(3,3,1),(4,4,1),(5,5,1),(6,6,1),(7,7,1),(8,8,1),(9,9,1),(10,10,1),(11,11,1),(12,12,1),(13,13,1),(16,77,2),(14,90,2);
/*!40000 ALTER TABLE `dogs_app_camera` ENABLE KEYS */;
UNLOCK TABLES;

--
-- Table structure for table `dogs_app_dog`
--

DROP TABLE IF EXISTS `dogs_app_dog`;
/*!40101 SET @saved_cs_client     = @@character_set_client */;
/*!50503 SET character_set_client = utf8mb4 */;
CREATE TABLE `dogs_app_dog` (
  `dogID` int NOT NULL AUTO_INCREMENT,
  `chipNum` varchar(30) DEFAULT NULL,
  `dogName` varchar(35) NOT NULL,
  `dateOfBirthEst` date DEFAULT NULL,
  `dateOfArrival` date DEFAULT NULL,
  `dateOfVaccination` date DEFAULT NULL,
  `breed` varchar(30) DEFAULT NULL,
  `gender` varchar(1) DEFAULT NULL,
  `furColor` varchar(20) DEFAULT NULL,
  `isNeutered` varchar(1) DEFAULT NULL,
  `isDangerous` varchar(1) DEFAULT NULL,
  `kongDateAdded` date DEFAULT NULL,
  `owner_id` int DEFAULT NULL,
  `dogImage` varchar(100) DEFAULT NULL,
  `branch_id` bigint NOT NULL,
  PRIMARY KEY (`dogID`),
  UNIQUE KEY `chipNum` (`chipNum`),
  UNIQUE KEY `dogs_app_dog_chipNum_branch_id_e7509143_uniq` (`chipNum`,`branch_id`),
  KEY `dogs_app_dog_owner_id_c6b52089_fk_dogs_app_owner_ownerSerialNum` (`owner_id`),
  KEY `dogs_app_dog_branch_id_4b5390d1_fk_dogs_app_branch_id` (`branch_id`),
  CONSTRAINT `dogs_app_dog_branch_id_4b5390d1_fk_dogs_app_branch_id` FOREIGN KEY (`branch_id`) REFERENCES `dogs_app_branch` (`id`),
  CONSTRAINT `dogs_app_dog_owner_id_c6b52089_fk_dogs_app_owner_ownerSerialNum` FOREIGN KEY (`owner_id`) REFERENCES `dogs_app_owner` (`ownerSerialNum`)
) ENGINE=InnoDB AUTO_INCREMENT=567 DEFAULT CHARSET=utf8mb3;
/*!40101 SET character_set_client = @saved_cs_client */;

--
-- Dumping data for table `dogs_app_dog`
--

LOCK TABLES `dogs_app_dog` WRITE;
/*!40000 ALTER TABLE `dogs_app_dog` DISABLE KEYS */;
INSERT INTO `dogs_app_dog` VALUES (1,'1231231234','Longtail','2019-03-06','2023-08-23','2023-06-10','Dalmatian','M','White','Y','N','2023-06-29',1,'dog_pictures/longtail_elJzWez.jpg',1),(4,'98765432101','Oscar','2020-03-11','2023-08-14','2021-05-05','Husky','M','Black','Y','Y','2020-10-15',2,'dog_pictures/oscar_s79qzsj.jpg',1),(5,'5678901234','Ryan','2019-03-15','2019-01-14','2011-06-06','Golden Retriever','F','White','N','','2021-09-06',1,'dog_pictures/ryan_cmHzRon.jpg',1),(6,'987650143','Bryan','2021-03-10','2018-04-14','2022-01-01','Mastiff','F','Gray','N','','2022-12-12',3,'dog_pictures/bryan_YhZkRw1.jpg',1),(7,'18893700','Craig','2023-02-18','2020-10-10','2022-06-19','Husky','F','Gray','N','N','2023-06-12',9,'dog_pictures/christian-bowen-JTq2E4A5fWs-unsplash.jpg',1),(8,'71718691','Darlene','2019-09-05','2021-05-22','2022-10-14','Dachshund','F','Gray','N','N','2022-09-27',9,'dog_pictures/andre-tan-ZQ_0jk66-1E-unsplash.jpg',1),(9,'45082623','Julie','2019-11-09','2022-04-06','2022-12-31','Husky','F','Brown','N','N','2023-02-24',10,'dog_pictures/jamie-street-n4TfO-ITgPc-unsplash.jpg',1),(10,'19735153','Cynthia','2022-01-09','2020-10-16','2022-02-03','Boxer','M','Black','N','Y','2022-09-14',8,'dog_pictures/kojirou-sasaki-DLdDrb2d4F4-unsplash.jpg',1),(11,'20991443','Bonnie','2018-08-30','2021-06-14','2023-03-21','Boxer','M','White','Y','N','2022-08-19',3,'dog_pictures/minnie-zhou-E_YBgxDRVbM-unsplash.jpg',1),(12,'54029988','Paige','2020-06-11','2021-07-16','2023-03-10','Dachshund','F','Black','N','N','2023-06-27',9,'dog_pictures/charlesdeluvio-lJJlaUWYrPE-unsplash.jpg',1),(13,'40012472','Melissa','2021-01-17','2021-02-11','2022-02-23','Golden Retriever','M','Spotted','N','Y','2022-09-13',14,'dog_pictures/izabelly-marques-Ytp_K5bwa0Q-unsplash.jpg',1),(14,'72124425','Christopher','2022-04-22','2020-07-22','2022-01-26','Dachshund','M','White','N','Y','2022-09-05',4,'dog_pictures/julio-bernal-qeY2QHAZfU0-unsplash.jpg',1),(15,'30390919','Lindsay','2021-02-23','2021-10-29','2022-04-07','Dachshund','F','Brown','Y','N','2023-06-25',8,'dog_pictures/niki-sanders-5Fq4QaSTjPE-unsplash.jpg',1),(16,'48225250','Jessica','2022-02-20','2021-05-15','2023-02-04','Golden Retriever','M','White','N','Y','2022-12-15',8,'dog_pictures/rafael-forseck-qVfSbJjtocI-unsplash.jpg',1),(17,'62282994','Leah','2020-10-31','2020-12-17','2021-10-06','Husky','M','Black','Y','Y','2022-07-25',12,'dog_pictures/lucrezia-carnelos-8dZRksE0lEg-unsplash.jpg',1),(18,'83660238','James','2023-06-17','2021-02-27','2022-11-26','Golden Retriever','F','Spotted','Y','Y','2022-11-16',16,'dog_pictures/fredrik-ohlander-tGBRQw52Thw-unsplash.jpg',1),(19,NULL,'Timmy',NULL,'2021-06-01',NULL,'','','','','',NULL,NULL,'dog_pictures/default_dog.jpg',1),(563,'0123456789','Max','2023-05-13','2023-08-15','2021-01-06','German Shepherd','M','Brown','Y','N','2022-01-26',2,'dog_pictures/max_TY77wz2.jpg',1),(565,NULL,'sfdasdad',NULL,'2024-02-15','2024-02-02','Mixed','F','','Y','',NULL,NULL,'dog_pictures/default_dog.jpg',2),(566,'665577448888','Darry Lavid','2024-01-17','2024-02-02',NULL,'German Shepherd','M','Black','N','N','2024-02-16',37,'dog_pictures/default_dog.jpg',2);
/*!40000 ALTER TABLE `dogs_app_dog` ENABLE KEYS */;
UNLOCK TABLES;

--
-- Table structure for table `dogs_app_dogplacement`
--

DROP TABLE IF EXISTS `dogs_app_dogplacement`;
/*!40101 SET @saved_cs_client     = @@character_set_client */;
/*!50503 SET character_set_client = utf8mb4 */;
CREATE TABLE `dogs_app_dogplacement` (
  `id` bigint NOT NULL AUTO_INCREMENT,
  `entranceDate` date NOT NULL,
  `expirationDate` date DEFAULT NULL,
  `placementReason` varchar(75) DEFAULT NULL,
  `dog_id` int DEFAULT NULL,
  `kennel_id` bigint DEFAULT NULL,
  PRIMARY KEY (`id`),
  UNIQUE KEY `dogs_app_dogplacement_dog_id_kennel_id_entranc_c6cafcb1_uniq` (`dog_id`,`kennel_id`,`entranceDate`),
  KEY `dogs_app_dogplacement_kennel_id_788a46dd_fk_dogs_app_kennel_id` (`kennel_id`),
  CONSTRAINT `dogs_app_dogplacement_dog_id_30ee7aeb_fk_dogs_app_dog_dogID` FOREIGN KEY (`dog_id`) REFERENCES `dogs_app_dog` (`dogID`),
  CONSTRAINT `dogs_app_dogplacement_kennel_id_788a46dd_fk_dogs_app_kennel_id` FOREIGN KEY (`kennel_id`) REFERENCES `dogs_app_kennel` (`id`)
) ENGINE=InnoDB AUTO_INCREMENT=65 DEFAULT CHARSET=utf8mb3;
/*!40101 SET character_set_client = @saved_cs_client */;

--
-- Dumping data for table `dogs_app_dogplacement`
--

LOCK TABLES `dogs_app_dogplacement` WRITE;
/*!40000 ALTER TABLE `dogs_app_dogplacement` DISABLE KEYS */;
INSERT INTO `dogs_app_dogplacement` VALUES (1,'2023-07-01','2023-07-10','Behavioral Study',7,6),(2,'2023-05-01','2023-05-07','This is an evil dog that likes to bite',4,2),(3,'2023-02-10','2023-02-17',NULL,8,6),(4,'2022-12-06','2022-12-08','Very protective of his bed',18,9),(5,'2022-12-16','2022-12-18','Arrested for being too handsome',10,8),(6,'2020-08-02','2020-09-15','Abandoned in the street',4,5),(8,'2023-04-13','2023-05-26','This is an evil dog that likes to bite',5,4),(9,'2023-03-01','2023-05-22','Owner is irresponsible',7,5),(10,'2020-11-13','2021-01-09','Arrested for being too handsome',17,12),(12,'2021-04-22','2021-07-05','Likes to howl at night',15,11),(13,'2022-05-04','2022-05-21','This is an evil dog that likes to bite',6,9),(14,'2023-01-12','2023-02-12','Likes to howl at night',9,7),(15,'2022-04-07','2022-04-18','This is an evil dog that likes to bite',12,10),(16,'2023-09-16','2024-01-10','Behavioral Studys',4,11),(17,'2023-09-11','2023-12-27','No Reason',1,10),(19,'2023-09-16',NULL,NULL,1,9),(26,'2023-08-29',NULL,NULL,1,12),(27,'2023-08-29',NULL,NULL,1,7),(30,'2023-09-22',NULL,'Behavioral Study',NULL,4),(31,'2023-09-16',NULL,'Behavioral Studies',NULL,6),(32,'2023-09-22','2023-09-27','Behavioral Study',NULL,4),(33,'2023-09-16','2023-09-23','Behavioral Studies',NULL,6),(34,'2023-09-22','2023-09-27','Behavioral Study',NULL,16),(35,'2023-09-16','2023-09-23','Behavioral Studies',NULL,17),(36,'2023-09-22','2023-09-27','Behavioral Study',NULL,16),(37,'2023-09-16','2023-09-23','Behavioral Studies',NULL,17),(38,'2023-09-22','2023-09-27','Behavioral Study',NULL,16),(39,'2023-09-16','2023-09-23','Behavioral Studies',NULL,17),(44,'2023-09-22','2023-09-27','Behavioral Study',NULL,16),(45,'2023-09-16','2023-09-23','Behavioral Studies',NULL,17),(46,'2024-01-06',NULL,NULL,1,5),(47,'2024-01-07',NULL,NULL,1,16),(48,'2024-01-07',NULL,NULL,1,17),(56,'2024-01-07',NULL,'hhh',1,9),(58,'2024-01-31','2024-02-02','way',1,10),(60,'2024-02-17',NULL,'',566,22),(61,'2024-02-01','2024-02-29','Found in street',566,20),(63,'2024-02-15','2024-02-29','Found in shelter',566,21),(64,'2024-02-19',NULL,NULL,1,8);
/*!40000 ALTER TABLE `dogs_app_dogplacement` ENABLE KEYS */;
UNLOCK TABLES;

--
-- Table structure for table `dogs_app_dogstance`
--

DROP TABLE IF EXISTS `dogs_app_dogstance`;
/*!40101 SET @saved_cs_client     = @@character_set_client */;
/*!50503 SET character_set_client = utf8mb4 */;
CREATE TABLE `dogs_app_dogstance` (
  `id` bigint NOT NULL AUTO_INCREMENT,
  `stanceStartTime` time(6) NOT NULL,
  `dogStance` varchar(15) NOT NULL,
  `dogLocation` varchar(10) DEFAULT NULL,
  `observation_id` bigint DEFAULT NULL,
  PRIMARY KEY (`id`),
  UNIQUE KEY `dogs_app_dogstance_observation_id_stanceStartTime_9fc9b763_uniq` (`observation_id`,`stanceStartTime`),
  CONSTRAINT `dogs_app_dogstance_observation_id_01f09501_fk_dogs_app_` FOREIGN KEY (`observation_id`) REFERENCES `dogs_app_observation` (`id`)
) ENGINE=InnoDB AUTO_INCREMENT=223 DEFAULT CHARSET=utf8mb3;
/*!40101 SET character_set_client = @saved_cs_client */;

--
-- Dumping data for table `dogs_app_dogstance`
--

LOCK TABLES `dogs_app_dogstance` WRITE;
/*!40000 ALTER TABLE `dogs_app_dogstance` DISABLE KEYS */;
INSERT INTO `dogs_app_dogstance` VALUES (1,'07:49:52.000000','WALKING_AROUND','BENCH',17),(2,'16:12:05.000000','SLEEPING_LYING','FLOOR',16),(3,'22:45:49.000000','PACING','BENCH',16),(4,'10:26:49.000000','STANDING','FLOOR',16),(5,'01:25:30.000000','ALERT','FLOOR',16),(6,'07:43:46.000000','JUMPING','BENCH',NULL),(7,'19:00:12.000000','JUMPING','ELSE',16),(8,'04:18:31.000000','WALKING_AROUND','FLOOR',3),(9,'22:03:10.000000','ELSE','ONBARS',16),(10,'18:45:02.000000','STANDING','ONBARS',16),(11,'10:55:13.000000','PACING','FLOOR',16),(12,'06:45:41.000000','CIRCLING','ONBARS',11),(13,'05:00:25.000000','EATING','WALLTOWALL',NULL),(14,'15:48:23.000000','SLEEPING_LYING','ONBARS',16),(15,'12:20:42.000000','ALERT','FLOOR',16),(16,'10:01:45.000000','ALERT','ONBARS',10),(17,'00:56:13.000000','JUMPING','WALLTOWALL',4),(18,'16:39:58.000000','SLEEPING_LYING','FLOOR',16),(19,'07:35:35.000000','ALERT',NULL,6),(20,'01:38:23.000000','PACING','ONBARS',16),(21,'01:12:54.000000','STANDING','FLOOR',5),(22,'01:12:54.000000','WALKING_AROUND','ONBARS',16),(23,'22:46:00.000000','STANDING','ONBARS',16),(24,'22:47:00.000000','SITTING','WALLTOWALL',16),(25,'22:59:00.000000','SITTING','WALLTOWALL',16),(26,'04:39:41.000000','CIRCLING','BENCH',58),(27,'11:50:00.000000','ALERT','BENCH',16),(39,'22:01:00.000000','SLEEPING_LYING','FLOOR',16),(41,'14:00:00.000000','SITTING','WALLTOWALL',56),(42,'14:00:02.000000','SLEEPING_LYING','FLOOR',56),(43,'14:00:07.000000','SLEEPING_LYING','BENCH',56),(44,'14:00:09.000000','SLEEPING_LYING','FLOOR',56),(45,'12:00:57.000000','EATING','ONBARS',56),(46,'12:00:52.000000','CIRCLING','ELSE',56),(47,'12:00:59.000000','SITTING','WALLTOWALL',55),(49,'12:00:58.000000','WALKING_AROUND','BENCH',42),(51,'12:00:04.000000','STANDING','BENCH',40),(54,'08:00:00.000000','EATING','FLOOR',40),(55,'07:00:00.000000','STANDING','ONBARS',40),(57,'09:00:00.000000','SITTING','ONBARS',39),(79,'03:52:13.000000','STANDING','BENCH',58),(80,'03:54:12.000000','STANDING','BENCH',58),(81,'03:54:25.000000','STANDING','FLOOR',58),(82,'03:55:21.000000','SITTING','FLOOR',59),(83,'03:55:33.000000','STANDING','FLOOR',60),(84,'03:56:56.000000','STANDING','FLOOR',62),(85,'03:58:13.000000','STANDING','ONBARS',59),(86,'03:59:34.000000','STANDING','ELSE',61),(87,'04:00:15.000000','STANDING','FLOOR',61),(88,'04:01:30.000000','STANDING','ONBARS',61),(89,'12:00:00.000000','STANDING','ONBARS',61),(90,'04:12:51.000000','STANDING','ONBARS',61),(91,'04:15:04.000000','STANDING','ONBARS',61),(92,'04:15:41.000000','STANDING','ONBARS',62),(93,'04:16:14.000000','STANDING','BENCH',58),(94,'04:48:20.000000','STANDING','ONBARS',58),(95,'04:50:38.000000','SITTING','WALLTOWALL',16),(96,'04:51:40.000000','STANDING','FLOOR',59),(98,'04:59:56.000000','STANDING','BENCH',58),(99,'05:00:46.000000','WALKING_AROUND','FLOOR',58),(100,'05:00:57.000000','WALKING_AROUND','BENCH',58),(101,'05:01:11.000000','WALKING_AROUND','ONBARS',58),(102,'05:01:21.000000','WALKING_AROUND','WALLTOWALL',58),(103,'05:02:01.000000','SITTING','BENCH',58),(104,'05:02:10.000000','SITTING','ELSE',58),(105,'05:02:21.000000','WALKING_AROUND','ONBARS',58),(106,'05:02:30.000000','WALKING_AROUND','ONBARS',58),(107,'05:02:40.000000','SITTING','BENCH',58),(108,'05:02:49.000000','SITTING','BENCH',58),(109,'05:03:31.000000','WALKING_AROUND','FLOOR',59),(110,'05:03:40.000000','WALKING_AROUND','FLOOR',59),(111,'05:03:49.000000','WALKING_AROUND','FLOOR',59),(112,'05:03:57.000000','WALKING_AROUND','WALLTOWALL',59),(113,'05:04:05.000000','WALKING_AROUND','BENCH',59),(114,'05:04:15.000000','WALKING_AROUND','ONBARS',59),(115,'05:04:22.000000','SITTING','WALLTOWALL',59),(116,'05:04:31.000000','SITTING','BENCH',59),(117,'05:04:42.000000','SITTING','BENCH',59),(118,'05:04:49.000000','WALKING_AROUND','BENCH',60),(119,'05:04:56.000000','STANDING','BENCH',60),(120,'05:05:06.000000','ALERT','BENCH',61),(121,'05:05:19.000000','ALERT','BENCH',61),(122,'05:05:24.000000','WALKING_AROUND','BENCH',61),(123,'05:05:32.000000','WALKING_AROUND','BENCH',61),(124,'05:05:38.000000','STANDING','BENCH',62),(125,'05:05:45.000000','WALKING_AROUND','BENCH',62),(126,'05:05:51.000000','SITTING','ONBARS',62),(127,'05:06:00.000000','SITTING','BENCH',61),(128,'05:06:08.000000','SITTING','BENCH',60),(129,'05:06:14.000000','SITTING','BENCH',60),(130,'05:06:27.000000','JUMPING','BENCH',60),(131,'05:06:33.000000','WALKING_AROUND','FLOOR',61),(132,'05:06:40.000000','WALKING_AROUND','ELSE',61),(133,'05:06:48.000000','WALKING_AROUND','FLOOR',61),(134,'05:06:57.000000','WALKING_AROUND','ONBARS',62),(135,'05:59:11.000000','SLEEPING_LYING','FLOOR',58),(136,'05:59:21.000000','SLEEPING_LYING','BENCH',58),(137,'05:59:32.000000','SLEEPING_LYING','BENCH',58),(138,'05:59:42.000000','SLEEPING_LYING','BENCH',58),(139,'05:59:57.000000','ALERT','ONBARS',58),(140,'06:00:11.000000','ALERT','BENCH',58),(141,'06:00:21.000000','SLEEPING_LYING','ONBARS',59),(142,'06:00:29.000000','SLEEPING_LYING','BENCH',59),(143,'06:00:38.000000','ALERT','BENCH',59),(144,'06:00:47.000000','SLEEPING_LYING','FLOOR',60),(145,'06:00:58.000000','SLEEPING_LYING','FLOOR',60),(146,'06:01:08.000000','ALERT','BENCH',60),(147,'06:01:17.000000','SLEEPING_LYING','ONBARS',62),(148,'06:01:29.000000','ALERT','ONBARS',62),(149,'06:01:39.000000','ALERT','ONBARS',62),(150,'06:01:49.000000','ALERT','BENCH',62),(151,'06:01:58.000000','ALERT','BENCH',62),(152,'22:28:20.000000','STANDING','BENCH',62),(153,'22:28:33.000000','STANDING','BENCH',62),(154,'22:28:51.000000','STANDING','ONBARS',62),(155,'22:29:11.000000','STANDING','FLOOR',62),(156,'22:30:21.000000','ALERT','BENCH',61),(157,'22:30:33.000000','ALERT','BENCH',61),(158,'22:30:54.000000','SITTING','BENCH',61),(159,'22:31:10.000000','SITTING','BENCH',61),(160,'22:31:29.000000','WALKING_AROUND','ONBARS',61),(161,'22:31:42.000000','WALKING_AROUND','ONBARS',61),(162,'22:31:54.000000','SITTING','WALLTOWALL',61),(163,'22:59:59.000000','STANDING','FLOOR',63),(164,'22:47:00.000000','STANDING','FLOOR',63),(165,'14:00:09.000000','SLEEPING_LYING','FLOOR',64),(166,'14:00:07.000000','SLEEPING_LYING','BENCH',64),(167,'22:59:00.000000','STANDING','FLOOR',65),(168,'22:47:00.000000','STANDING','FLOOR',65),(169,'14:00:09.000000','SLEEPING_LYING','FLOOR',66),(170,'14:00:07.000000','SLEEPING_LYING','BENCH',66),(171,'22:59:01.000000','STANDING','FLOOR',67),(172,'22:47:00.000000','STANDING','FLOOR',67),(173,'14:00:09.000000','SLEEPING_LYING','FLOOR',68),(174,'14:00:07.000000','SLEEPING_LYING','BENCH',68),(175,'11:37:03.000000','SITTING','BENCH',NULL),(176,'12:00:00.000000','SITTING','FLOOR',NULL),(177,'12:11:00.000000','WALKING_AROUND','ONBARS',NULL),(178,'15:00:00.000000','SITTING','FLOOR',NULL),(179,'15:00:04.000000','STANDING','FLOOR',55),(180,'12:00:01.000000','WALKING_AROUND','BENCH',NULL),(181,'12:00:57.000000','ELSE','ELSE',NULL),(183,'10:00:00.000000','WALKING_AROUND','FLOOR',39),(184,'10:00:01.000000','STANDING','FLOOR',39),(186,'15:05:00.000000','SLEEPING_LYING','ONBARS',73),(187,'09:00:00.000000','EATING','ELSE',73),(188,'09:00:00.000000','WALKING_AROUND','BENCH',75),(189,'10:00:00.000000','WALKING_AROUND','BENCH',75),(190,'14:00:00.000000','EATING','ELSE',75),(191,'12:00:02.000000','WALKING_AROUND','BENCH',75),(193,'12:00:04.000000','EATING','ONBARS',75),(194,'12:02:00.000000','SLEEPING_LYING','BENCH',75),(196,'12:04:00.000000','WALKING_AROUND','BENCH',75),(197,'00:00:00.000000','STANDING','ELSE',4),(198,'12:06:00.000000','EATING','ONBARS',73),(199,'15:00:00.000000','JUMPING','ONBARS',6),(200,'15:00:00.000000','SLEEPING_LYING','BENCH',75),(201,'10:10:04.000000','STANDING','BENCH',14510),(202,'00:03:00.000000','CIRCLING','ONBARS',14514),(203,'00:02:00.000000','JUMPING','ONBARS',14513),(204,'00:05:00.000000','STANDING','FLOOR',14514),(205,'12:00:03.000000','WALKING_AROUND','FLOOR',14510),(206,'00:01:10.000000','EATING','FLOOR',73),(207,'00:00:00.000000','CIRCLING','ONBARS',14515),(208,'04:00:00.000000','ALERT','ONBARS',14519),(209,'12:00:01.000000','JUMPING','BENCH',14519),(210,'12:00:57.000000','DRINKING','WALLTOWALL',14519),(211,'12:00:03.000000','SITTING','FLOOR',14519),(213,'12:00:58.000000','SITTING','ONBARS',14519),(214,'12:00:59.000000','EATING','FLOOR',14518),(215,'12:00:01.000000','JUMPING','ONBARS',14518),(216,'12:00:07.000000','SLEEPING_LYING','BENCH',14517),(217,'12:00:03.000000','WALKING_AROUND','FLOOR',14517),(218,'12:00:04.000000','WALKING_AROUND','ONBARS',14517),(219,'12:00:58.000000','PACING','BENCH',14516),(220,'12:00:54.000000','SITTING','ONBARS',14516),(222,'12:00:57.000000','CIRCLING','BENCH',14516);
/*!40000 ALTER TABLE `dogs_app_dogstance` ENABLE KEYS */;
UNLOCK TABLES;

--
-- Table structure for table `dogs_app_entranceexamination`
--

DROP TABLE IF EXISTS `dogs_app_entranceexamination`;
/*!40101 SET @saved_cs_client     = @@character_set_client */;
/*!50503 SET character_set_client = utf8mb4 */;
CREATE TABLE `dogs_app_entranceexamination` (
  `examinationID` int NOT NULL AUTO_INCREMENT,
  `examinationDate` date NOT NULL,
  `examinedBy` varchar(50) NOT NULL,
  `results` varchar(150) DEFAULT NULL,
  `dogWeight` decimal(5,2) DEFAULT NULL,
  `dogTemperature` decimal(5,2) DEFAULT NULL,
  `dogPulse` smallint unsigned DEFAULT NULL,
  `comments` varchar(250) DEFAULT NULL,
  `dog_id` int NOT NULL,
  PRIMARY KEY (`examinationID`),
  KEY `dogs_app_entranceexa_dog_id_f39f14bb_fk_dogs_app_` (`dog_id`),
  CONSTRAINT `dogs_app_entranceexa_dog_id_f39f14bb_fk_dogs_app_` FOREIGN KEY (`dog_id`) REFERENCES `dogs_app_dog` (`dogID`),
  CONSTRAINT `dogs_app_entranceexamination_chk_1` CHECK ((`dogPulse` >= 0))
) ENGINE=InnoDB AUTO_INCREMENT=94 DEFAULT CHARSET=utf8mb3;
/*!40101 SET character_set_client = @saved_cs_client */;

--
-- Dumping data for table `dogs_app_entranceexamination`
--

LOCK TABLES `dogs_app_entranceexamination` WRITE;
/*!40000 ALTER TABLE `dogs_app_entranceexamination` DISABLE KEYS */;
INSERT INTO `dogs_app_entranceexamination` VALUES (1,'2024-01-12','Giannas','All Clears',249.09,39.10,125,'Healthy as a horse!!',18),(2,'2019-01-05','Roey','All looking good!',30.50,39.80,110,'Does not like anyone touching the ears',5),(4,'2021-01-10','George','A little fatigued',17.16,40.01,119,NULL,12),(5,'2019-01-05','Roey','All looking good!',30.50,39.80,110,'Does not like anyone touching the ears',13),(6,'2022-12-14','Sami',NULL,5.00,38.90,100,'Extremely good boy',14),(7,'2021-01-10','George','A little fatigued',17.16,40.01,119,NULL,17),(8,'2021-08-26','Ali','A little fatigued',32.25,39.57,106,'Extremely good boy',15),(9,'2021-07-11','Michael','Improvement noted',29.70,39.29,75,'Does not like anyone touching the ears',18),(10,'2022-05-03','Charlie','All looking good!',35.60,39.05,70,'Does not like anyone touching the ears',16),(11,'2023-05-30','Charlie','Needs to be rechecked',13.30,40.61,68,'Does not like anyone touching the ears',17),(12,'2021-05-18','Roey','Does not look well',16.63,41.09,65,NULL,18),(14,'2022-06-23','Meirav','A little fatigued',43.01,40.99,106,'Extremely good boy',14),(15,'2022-09-29','Shelly','Further examinations required',28.14,41.22,81,'Extremely good boy',12),(17,'2022-05-08','Charlie','All looking good!',45.43,38.84,76,NULL,10),(18,'2022-12-13','Samantha',NULL,8.30,38.19,84,'Extremely good boy',9),(19,'2023-01-06','Ali','Further examinations required',9.01,38.83,111,'Does not like anyone touching the ears',8),(20,'2023-03-09','Anastasia','A little fatigued',5.09,39.66,66,'Extremely good boy',4),(21,'2023-02-20','Michael','Further treatment required',47.36,39.28,90,'Does not like anyone touching the ears',9),(23,'2023-02-25','Anastasia','Improvement noted',17.05,41.18,0,NULL,1),(25,'2023-09-12','absar','All Clear',20.50,30.10,65,'All healthy!',1),(26,'2023-09-13','absar','All Clear',20.50,30.07,65,'All healthy!!',1),(31,'2023-10-01','Jean','All Clear',NULL,90.99,NULL,NULL,1),(32,'2023-10-01','Gianna','All Clear',0.05,99.00,10,'dfsf',1),(52,'2023-12-31','testing','Great',-0.02,-0.02,0,NULL,1),(53,'2024-01-06','test','Great',-0.02,-0.02,NULL,NULL,1),(54,'2024-01-06','testing','Great',-0.02,-0.02,0,NULL,1),(55,'2024-01-06','test','aa',22.00,22.00,290,NULL,1),(57,'2024-01-06','tesst',NULL,NULL,NULL,NULL,NULL,1),(58,'2024-01-06','testing','wal',NULL,NULL,200,NULL,1),(59,'2024-01-06','te',NULL,NULL,NULL,210,NULL,1),(60,'2024-01-06','te',NULL,NULL,NULL,250,NULL,1),(61,'2024-01-06','te',NULL,NULL,NULL,900,NULL,1),(62,'2024-01-06','Tested',NULL,NULL,NULL,200,NULL,1),(63,'2024-01-06','tes',NULL,NULL,NULL,900,NULL,1),(64,'2024-01-06','test',NULL,NULL,NULL,500,NULL,1),(84,'2022-12-14','Sami',NULL,5.00,38.90,100,'Extremely good boy',563),(85,'2022-06-24','Rob','All looking good!',13.64,38.70,101,'Extremely good boy',563),(86,'2024-02-17','James','',NULL,NULL,NULL,'',566),(87,'2024-02-18','Jeffrey','Attempted',150.00,0.03,3,'First Try.',566),(88,'2024-02-18','Jameson','Tested',248.00,248.00,0,'Checked',566);
/*!40000 ALTER TABLE `dogs_app_entranceexamination` ENABLE KEYS */;
UNLOCK TABLES;

--
-- Table structure for table `dogs_app_kennel`
--

DROP TABLE IF EXISTS `dogs_app_kennel`;
/*!40101 SET @saved_cs_client     = @@character_set_client */;
/*!50503 SET character_set_client = utf8mb4 */;
CREATE TABLE `dogs_app_kennel` (
  `id` bigint NOT NULL AUTO_INCREMENT,
  `kennelNum` smallint unsigned NOT NULL,
  `kennelImage` varchar(100) DEFAULT NULL,
  `branch_id` bigint NOT NULL,
  PRIMARY KEY (`id`),
  UNIQUE KEY `dogs_app_kennel_kennelNum_branch_id_01049367_uniq` (`kennelNum`,`branch_id`),
  KEY `dogs_app_kennel_branch_id_f00f4710_fk_dogs_app_branch_id` (`branch_id`),
  CONSTRAINT `dogs_app_kennel_branch_id_f00f4710_fk_dogs_app_branch_id` FOREIGN KEY (`branch_id`) REFERENCES `dogs_app_branch` (`id`),
  CONSTRAINT `dogs_app_kennel_chk_1` CHECK ((`kennelNum` >= 0))
) ENGINE=InnoDB AUTO_INCREMENT=25 DEFAULT CHARSET=utf8mb3;
/*!40101 SET character_set_client = @saved_cs_client */;

--
-- Dumping data for table `dogs_app_kennel`
--

LOCK TABLES `dogs_app_kennel` WRITE;
/*!40000 ALTER TABLE `dogs_app_kennel` DISABLE KEYS */;
INSERT INTO `dogs_app_kennel` VALUES (1,1,'kennel_pictures/kennel2.jpg',1),(2,2,'kennel_pictures/kennel1_CRHYT52.jpg',1),(3,3,'kennel_pictures/1.jpeg',1),(4,4,'kennel_pictures/2.jpg',1),(5,5,'kennel_pictures/3.jpeg',1),(6,6,'kennel_pictures/4.jpeg',1),(7,7,'kennel_pictures/5.jpg',1),(8,8,'kennel_pictures/6.jpg',1),(9,9,'kennel_pictures/7.jpeg',1),(10,10,'kennel_pictures/8.jpg',1),(11,11,'kennel_pictures/default_kennel.jpg',1),(12,12,'kennel_pictures/default_kennel.jpg',1),(13,13,'kennel_pictures/default_kennel.jpg',1),(14,14,'kennel_pictures/default_kennel.jpg',1),(15,15,'kennel_pictures/default_kennel.jpg',1),(16,16,'kennel_pictures/2.jpg',1),(17,17,'kennel_pictures/4.jpeg',1),(18,18,'kennel_pictures/default_kennel.jpg',1),(19,19,'kennel_pictures/default_kennel.jpg',1),(20,1,'kennel_pictures/Kennel50.jpg',2),(21,2,'kennel_pictures/default_kennel.jpg',2),(22,3,'kennel_pictures/default_kennel.jpg',2),(24,30,'kennel_pictures/default_kennel.jpg',1);
/*!40000 ALTER TABLE `dogs_app_kennel` ENABLE KEYS */;
UNLOCK TABLES;

--
-- Table structure for table `dogs_app_news`
--

DROP TABLE IF EXISTS `dogs_app_news`;
/*!40101 SET @saved_cs_client     = @@character_set_client */;
/*!50503 SET character_set_client = utf8mb4 */;
CREATE TABLE `dogs_app_news` (
  `id` bigint NOT NULL AUTO_INCREMENT,
  `title` varchar(200) NOT NULL,
  `content` longtext NOT NULL,
  `created_at` datetime(6) NOT NULL,
  `branch_id` bigint NOT NULL,
  PRIMARY KEY (`id`),
  KEY `dogs_app_news_branch_id_6c8ddeaa_fk_dogs_app_branch_id` (`branch_id`),
  CONSTRAINT `dogs_app_news_branch_id_6c8ddeaa_fk_dogs_app_branch_id` FOREIGN KEY (`branch_id`) REFERENCES `dogs_app_branch` (`id`)
) ENGINE=InnoDB AUTO_INCREMENT=23 DEFAULT CHARSET=utf8mb3;
/*!40101 SET character_set_client = @saved_cs_client */;

--
-- Dumping data for table `dogs_app_news`
--

LOCK TABLES `dogs_app_news` WRITE;
/*!40000 ALTER TABLE `dogs_app_news` DISABLE KEYS */;
INSERT INTO `dogs_app_news` VALUES (1,'Website is going live! ','Our first website news! ','2023-07-02 15:08:27.070073',1),(2,'Hotdogs for all employees','We are distributing free hotdogs for all our employees throughout the week in celebration of our website kicking off and also to celebrate the food with the best name 2023','2023-07-02 15:09:17.471513',1),(4,'Lorem Ipsum','Lorem ipsum dolor sit amet, consectetur adipiscing elit, sed do eiusmod tempor incididunt ut labore et dolore magna aliqua. Ut enim ad minim veniam, quis nostrud exercitation ullamco laboris nisi ut aliquip ex ea commodo consequat. Duis aute irure dolor in reprehenderit in voluptate velit esse cillum dolore eu fugiat nulla pariatur. Excepteur sint occaecat cupidatat non proident, sunt in culpa qui officia deserunt mollit anim id est laborum.\r\n','2023-08-01 18:53:49.052258',1),(15,'Great News Everyone!','Very interesting!','2023-09-27 04:24:16.149354',1),(18,'First Italy News!','Grazie mille!!','2024-02-08 05:12:16.677896',2);
/*!40000 ALTER TABLE `dogs_app_news` ENABLE KEYS */;
UNLOCK TABLES;

--
-- Table structure for table `dogs_app_observation`
--

DROP TABLE IF EXISTS `dogs_app_observation`;
/*!40101 SET @saved_cs_client     = @@character_set_client */;
/*!50503 SET character_set_client = utf8mb4 */;
CREATE TABLE `dogs_app_observation` (
  `id` bigint NOT NULL AUTO_INCREMENT,
  `obsDateTime` datetime(6) NOT NULL,
  `sessionDurationInMins` int unsigned NOT NULL,
  `isKong` varchar(1) DEFAULT NULL,
  `jsonFile` varchar(100) DEFAULT NULL,
  `rawVideo` varchar(100) DEFAULT NULL,
  `observes_id` bigint DEFAULT NULL,
  PRIMARY KEY (`id`),
  UNIQUE KEY `dogs_app_observation_observes_id_obsDateTime_d4faa94d_uniq` (`observes_id`,`obsDateTime`),
  KEY `dogs_app_observation_obsDateTime_547f6510` (`obsDateTime`),
  CONSTRAINT `dogs_app_observation_observes_id_02a9e480_fk_dogs_app_` FOREIGN KEY (`observes_id`) REFERENCES `dogs_app_observes` (`id`),
  CONSTRAINT `dogs_app_observation_chk_1` CHECK ((`sessionDurationInMins` >= 0))
) ENGINE=InnoDB AUTO_INCREMENT=14520 DEFAULT CHARSET=utf8mb3;
/*!40101 SET character_set_client = @saved_cs_client */;

--
-- Dumping data for table `dogs_app_observation`
--

LOCK TABLES `dogs_app_observation` WRITE;
/*!40000 ALTER TABLE `dogs_app_observation` DISABLE KEYS */;
INSERT INTO `dogs_app_observation` VALUES (1,'2023-07-01 14:58:38.000000',2,'Y','','',20),(2,'2023-02-16 22:00:00.000000',10,'N','','',1),(3,'2023-02-18 22:00:00.000000',2,'Y','','',1),(4,'2023-01-19 22:00:00.000000',4,'N','','',2),(5,'2022-03-25 21:00:00.000000',6,'N','','',4),(6,'2023-01-14 09:56:30.000000',205,'Y','','',6),(8,'2022-08-21 16:10:16.000000',166,'Y','','',3),(10,'2023-04-05 20:21:38.000000',253,'N','','',9),(11,'2022-10-28 18:26:30.000000',31,'Y','','',3),(13,'2023-06-16 02:53:36.000000',110,'Y','','',9),(16,'2023-10-06 23:32:00.000000',70,'N','','',NULL),(17,'2022-10-06 03:13:27.000000',121,'N','','',1),(19,'2023-04-29 15:00:00.000000',3,'Y','','',6),(39,'2023-09-30 12:56:00.000000',3,'N','','',NULL),(40,'2023-09-30 12:58:00.000000',2,'N','','',NULL),(42,'2023-09-30 13:08:00.000000',2,'N','','',NULL),(55,'2023-10-05 15:55:00.000000',2,'N','','',28),(56,'2023-12-13 15:55:00.000000',7,'Y','','',22),(58,'2023-11-04 23:00:00.000000',2,'Y','','',1),(59,'2023-11-06 00:00:00.000000',2,'N','','',2),(60,'2023-11-07 01:00:00.000000',2,'N','','',3),(61,'2023-11-08 02:00:00.000000',5,'Y','','',4),(62,'2023-11-09 03:00:00.000000',2,'N','','',6),(63,'2023-10-06 23:32:19.000000',75,'Y','','',28),(64,'2023-10-05 15:21:00.000000',3,'N','','',28),(65,'2023-10-06 23:32:18.000000',75,'Y','','',NULL),(66,'2023-10-05 15:21:00.000000',3,'N','','',NULL),(67,'2023-10-06 20:32:18.000000',75,'Y','','',NULL),(68,'2023-10-05 12:21:00.000000',3,'N','','',NULL),(73,'2024-01-05 23:55:00.000000',6,'Y','','',36),(74,'2024-01-04 23:55:00.000000',5,'N','','',36),(75,'2024-01-03 23:58:00.000000',2,'N','','',36),(76,'2024-01-16 17:08:25.000000',0,'Y','','',10),(77,'2024-01-07 16:28:00.000000',5,'Y','','',13),(78,'2024-01-07 17:00:00.000000',5,'Y','','',13),(79,'2024-01-06 16:29:00.000000',1,'N','','',13),(80,'2024-01-07 04:35:00.000000',2,'N','','',13),(81,'2024-01-08 17:24:00.000000',4,'N','','',42),(82,'2023-06-05 22:11:00.000000',2,'N','','',36),(83,'2023-07-06 22:11:00.000000',2,'N','','',36),(84,'2023-07-06 22:22:00.000000',2,'Y','','',36),(85,'2024-01-16 23:02:00.000000',3,'N','','',36),(86,'2023-07-06 22:27:00.000000',2,'Y','','',36),(87,'2023-07-06 22:38:00.000000',2,'Y','','',36),(88,'2024-01-17 00:21:00.000000',2,'N','','',9),(89,'2021-08-27 21:32:50.000000',34,'N','','',43),(90,'2024-03-08 06:18:30.000000',93,'N','','',43),(91,'2020-03-28 19:10:00.000000',53,'Y','','',43),(92,'2021-11-28 17:22:19.000000',80,'Y','','',43),(93,'2020-12-17 04:55:45.000000',9,'N','','',43),(94,'2020-11-28 10:33:19.000000',93,'N','','',43),(95,'2018-04-12 02:41:15.000000',99,'Y','','',43),(96,'2024-03-04 16:44:22.000000',61,'Y','','',43),(97,'2018-02-06 10:24:40.000000',14,'N','','',43),(98,'2023-01-28 15:24:17.000000',81,'Y','','',43),(99,'2019-06-01 14:49:12.000000',35,'Y','','',43),(100,'2020-10-28 18:05:09.000000',63,'Y','','',43),(101,'2022-04-20 00:03:59.000000',83,'Y','','',43),(102,'2021-06-24 05:19:51.000000',7,'N','','',43),(103,'2020-05-02 03:15:54.000000',57,'Y','','',43),(104,'2019-08-16 12:28:53.000000',26,'Y','','',43),(105,'2019-11-26 04:14:36.000000',96,'Y','','',43),(106,'2019-03-20 10:52:11.000000',68,'Y','','',43),(107,'2019-01-17 04:40:36.000000',67,'N','','',43),(108,'2023-10-29 20:13:34.000000',80,'N','','',43),(109,'2023-03-12 19:36:50.000000',29,'Y','','',43),(110,'2023-01-29 09:02:44.000000',4,'Y','','',43),(111,'2020-08-06 23:58:55.000000',42,'Y','','',43),(112,'2020-09-22 19:46:49.000000',65,'N','','',43),(113,'2019-08-23 18:39:36.000000',53,'N','','',43),(114,'2021-07-18 09:57:41.000000',40,'N','','',43),(115,'2023-11-26 21:33:42.000000',60,'Y','','',43),(116,'2022-03-26 12:47:10.000000',27,'N','','',43),(117,'2024-07-04 19:14:09.000000',75,'N','','',43),(118,'2022-11-30 01:36:00.000000',46,'N','','',43),(119,'2019-09-19 12:35:50.000000',97,'Y','','',43),(120,'2018-10-04 08:53:24.000000',46,'Y','','',43),(121,'2018-11-12 01:14:08.000000',92,'Y','','',43),(122,'2021-03-08 05:11:11.000000',57,'Y','','',43),(123,'2020-07-01 17:04:15.000000',81,'Y','','',43),(124,'2023-08-13 04:07:31.000000',72,'Y','','',43),(125,'2023-01-29 16:52:58.000000',26,'N','','',43),(126,'2024-01-08 14:27:00.000000',48,'Y','','',43),(127,'2019-06-28 14:16:02.000000',64,'N','','',43),(128,'2020-10-16 13:05:12.000000',5,'Y','','',43),(129,'2018-12-15 04:50:04.000000',98,'N','','',43),(130,'2023-10-24 20:39:25.000000',7,'N','','',43),(131,'2024-08-20 02:48:13.000000',90,'Y','','',43),(132,'2021-05-14 20:32:11.000000',84,'Y','','',43),(133,'2020-11-06 00:42:42.000000',7,'N','','',43),(134,'2024-04-06 06:35:27.000000',10,'N','','',43),(135,'2023-12-03 17:03:40.000000',98,'Y','','',43),(136,'2020-11-08 08:51:47.000000',2,'N','','',43),(137,'2024-08-22 17:37:16.000000',25,'Y','','',43),(138,'2018-01-20 10:03:00.000000',2,'N','','',43),(139,'2023-04-01 00:42:18.000000',9,'N','','',43),(140,'2019-02-03 05:54:52.000000',8,'Y','','',43),(141,'2019-09-05 12:12:56.000000',55,'N','','',43),(142,'2018-07-19 17:14:30.000000',72,'N','','',43),(143,'2018-07-28 07:41:26.000000',97,'Y','','',43),(144,'2019-06-21 03:28:59.000000',77,'N','','',43),(145,'2019-07-21 16:09:31.000000',49,'Y','','',43),(146,'2024-07-22 16:48:50.000000',62,'N','','',43),(147,'2018-07-24 23:32:57.000000',52,'Y','','',43),(148,'2022-03-11 02:06:31.000000',94,'N','','',43),(149,'2018-04-17 23:16:35.000000',44,'Y','','',43),(150,'2018-11-30 20:32:46.000000',52,'N','','',43),(151,'2021-06-16 11:17:24.000000',76,'N','','',43),(152,'2018-01-15 17:59:03.000000',23,'Y','','',43),(153,'2018-02-04 10:39:29.000000',85,'N','','',43),(154,'2018-12-14 16:43:25.000000',21,'N','','',43),(155,'2022-08-13 07:51:33.000000',31,'N','','',43),(156,'2020-04-02 14:30:34.000000',58,'Y','','',43),(157,'2021-10-30 02:54:19.000000',70,'N','','',43),(158,'2018-05-05 03:06:39.000000',51,'Y','','',43),(159,'2019-12-31 07:31:42.000000',6,'Y','','',43),(160,'2023-04-27 06:20:18.000000',87,'N','','',43),(161,'2019-04-14 16:29:28.000000',1,'N','','',43),(162,'2024-04-18 17:05:00.000000',73,'Y','','',43),(163,'2022-04-09 03:04:24.000000',88,'N','','',43),(164,'2022-08-15 07:18:40.000000',31,'N','','',43),(165,'2024-11-13 06:12:39.000000',6,'N','','',43),(166,'2018-01-26 19:11:49.000000',92,'Y','','',43),(167,'2021-04-25 23:11:39.000000',7,'Y','','',43),(168,'2021-10-01 11:15:23.000000',99,'Y','','',43),(169,'2023-05-19 19:23:28.000000',46,'N','','',43),(170,'2023-11-13 23:52:52.000000',82,'Y','','',43),(171,'2021-10-09 05:08:59.000000',3,'Y','','',43),(172,'2023-12-15 05:13:36.000000',10,'N','','',43),(173,'2019-11-09 16:47:34.000000',49,'Y','','',43),(174,'2020-12-04 13:28:31.000000',55,'N','','',43),(175,'2019-11-26 21:17:48.000000',12,'Y','','',43),(176,'2018-04-23 18:17:33.000000',75,'N','','',43),(177,'2020-06-24 13:07:31.000000',32,'N','','',43),(178,'2018-10-21 07:39:03.000000',56,'N','','',43),(179,'2023-01-07 23:52:58.000000',77,'N','','',43),(180,'2018-08-25 16:19:40.000000',26,'N','','',43),(181,'2020-03-21 18:47:28.000000',9,'Y','','',43),(182,'2021-01-12 05:20:52.000000',45,'Y','','',43),(183,'2024-07-29 12:58:49.000000',39,'N','','',43),(184,'2019-04-03 17:41:02.000000',42,'Y','','',43),(185,'2021-02-06 05:20:19.000000',43,'Y','','',43),(186,'2023-04-29 19:41:03.000000',29,'Y','','',43),(187,'2020-09-28 00:06:26.000000',60,'Y','','',43),(188,'2024-10-05 08:10:32.000000',49,'Y','','',43),(189,'2018-08-24 07:41:01.000000',71,'N','','',43),(190,'2019-08-10 12:09:07.000000',73,'Y','','',43),(191,'2018-11-10 06:37:32.000000',98,'N','','',43),(192,'2021-11-25 07:58:10.000000',2,'N','','',43),(193,'2020-10-20 13:40:08.000000',92,'Y','','',43),(194,'2023-01-12 00:55:02.000000',40,'N','','',43),(195,'2019-08-09 17:33:28.000000',55,'N','','',43),(196,'2018-11-04 07:25:01.000000',54,'Y','','',43),(197,'2024-07-23 03:40:26.000000',89,'Y','','',43),(198,'2023-04-08 22:38:53.000000',23,'Y','','',43),(199,'2019-03-19 13:35:22.000000',33,'Y','','',43),(200,'2022-01-16 14:15:54.000000',21,'Y','','',43),(201,'2020-09-24 02:49:17.000000',81,'Y','','',43),(202,'2018-07-29 13:25:05.000000',90,'N','','',43),(203,'2020-08-07 12:52:29.000000',82,'N','','',43),(204,'2019-09-10 18:01:42.000000',66,'N','','',43),(205,'2019-02-08 20:01:51.000000',91,'Y','','',43),(206,'2021-12-14 09:21:16.000000',1,'N','','',43),(207,'2024-01-30 03:39:52.000000',7,'N','','',43),(208,'2024-04-07 14:03:11.000000',85,'Y','','',43),(209,'2023-07-23 00:00:14.000000',45,'Y','','',43),(210,'2024-11-10 22:42:42.000000',42,'Y','','',43),(211,'2022-06-06 20:40:58.000000',29,'Y','','',43),(212,'2021-10-19 02:17:12.000000',40,'Y','','',43),(213,'2022-08-27 14:47:30.000000',13,'Y','','',43),(214,'2024-10-11 05:15:33.000000',9,'Y','','',43),(215,'2024-02-29 09:17:18.000000',12,'Y','','',43),(216,'2018-09-27 12:57:27.000000',27,'Y','','',43),(217,'2024-07-27 19:02:55.000000',40,'N','','',43),(218,'2019-09-07 02:13:41.000000',20,'N','','',43),(219,'2023-07-08 18:09:48.000000',29,'N','','',43),(220,'2022-08-09 05:50:11.000000',55,'Y','','',43),(221,'2019-08-31 23:51:31.000000',59,'N','','',43),(222,'2022-04-24 06:51:18.000000',45,'Y','','',43),(223,'2024-11-04 19:21:27.000000',43,'N','','',43),(224,'2024-03-09 02:49:34.000000',53,'Y','','',43),(225,'2018-07-24 19:07:20.000000',36,'N','','',43),(226,'2023-03-31 20:01:14.000000',13,'N','','',43),(227,'2018-02-24 20:38:30.000000',9,'N','','',43),(228,'2024-04-20 02:26:35.000000',55,'Y','','',43),(229,'2022-05-09 04:04:27.000000',24,'N','','',43),(230,'2021-06-22 09:42:26.000000',45,'Y','','',43),(231,'2019-09-13 12:13:39.000000',4,'N','','',43),(232,'2020-06-05 17:27:07.000000',58,'Y','','',43),(233,'2022-11-03 06:55:48.000000',10,'Y','','',43),(234,'2019-06-15 01:31:45.000000',44,'Y','','',43),(235,'2021-08-10 11:19:13.000000',73,'N','','',43),(236,'2024-05-30 09:31:13.000000',72,'N','','',43),(237,'2020-10-01 01:47:55.000000',74,'N','','',43),(238,'2023-05-18 11:55:17.000000',23,'N','','',43),(239,'2018-12-08 19:31:27.000000',93,'Y','','',43),(240,'2022-03-07 11:09:07.000000',9,'Y','','',43),(241,'2022-01-24 03:33:09.000000',62,'Y','','',43),(242,'2018-04-14 04:49:54.000000',42,'N','','',43),(243,'2021-05-28 04:47:35.000000',43,'Y','','',43),(244,'2022-11-07 05:02:57.000000',22,'Y','','',43),(245,'2024-10-11 02:24:22.000000',51,'N','','',43),(246,'2022-11-22 03:12:10.000000',2,'Y','','',43),(247,'2020-05-21 17:21:24.000000',66,'Y','','',43),(248,'2022-03-10 09:06:23.000000',78,'N','','',43),(249,'2019-11-30 01:42:47.000000',92,'Y','','',43),(250,'2019-07-07 12:47:07.000000',45,'N','','',43),(251,'2022-11-30 09:33:07.000000',37,'Y','','',43),(252,'2019-01-21 15:59:31.000000',35,'N','','',43),(253,'2021-03-18 05:35:43.000000',19,'N','','',43),(254,'2021-02-20 06:10:34.000000',22,'Y','','',43),(255,'2024-06-14 19:50:37.000000',41,'N','','',43),(256,'2020-12-15 21:24:11.000000',88,'N','','',43),(257,'2024-04-21 13:23:30.000000',40,'Y','','',43),(258,'2020-04-19 19:13:34.000000',33,'Y','','',43),(259,'2022-08-22 17:00:56.000000',61,'Y','','',43),(260,'2022-05-18 01:59:53.000000',80,'Y','','',43),(261,'2020-08-07 12:28:39.000000',30,'N','','',43),(262,'2023-08-18 06:59:15.000000',31,'N','','',43),(263,'2024-11-15 08:01:31.000000',22,'Y','','',43),(264,'2020-11-07 06:43:17.000000',15,'Y','','',43),(265,'2020-12-14 05:44:52.000000',38,'N','','',43),(266,'2022-11-26 19:08:04.000000',3,'Y','','',43),(267,'2021-05-02 11:31:54.000000',67,'Y','','',43),(268,'2018-03-30 17:17:20.000000',50,'Y','','',43),(269,'2018-10-30 01:48:35.000000',77,'Y','','',43),(270,'2021-04-06 23:28:45.000000',17,'Y','','',43),(271,'2022-05-06 12:33:14.000000',9,'Y','','',43),(272,'2022-11-13 20:41:07.000000',39,'Y','','',43),(273,'2024-10-13 07:26:57.000000',11,'N','','',43),(274,'2018-04-03 19:49:45.000000',23,'N','','',43),(275,'2021-05-31 03:03:01.000000',67,'N','','',43),(276,'2019-02-10 19:16:54.000000',57,'N','','',43),(277,'2020-09-11 00:04:29.000000',56,'N','','',43),(278,'2022-10-28 03:22:00.000000',64,'Y','','',43),(279,'2019-09-03 00:21:53.000000',78,'Y','','',43),(280,'2023-11-26 19:59:46.000000',18,'Y','','',43),(281,'2021-01-19 20:48:10.000000',72,'Y','','',43),(282,'2020-02-10 03:25:56.000000',35,'N','','',43),(283,'2020-07-21 14:06:47.000000',34,'N','','',43),(284,'2018-06-23 10:51:22.000000',64,'N','','',43),(285,'2018-07-30 20:19:55.000000',22,'N','','',43),(286,'2022-02-02 02:45:09.000000',98,'Y','','',43),(287,'2022-05-03 11:41:43.000000',70,'N','','',43),(288,'2023-09-26 05:29:13.000000',92,'Y','','',43),(289,'2019-03-28 05:38:44.000000',73,'Y','','',43),(290,'2023-06-09 04:05:00.000000',26,'Y','','',43),(291,'2020-02-29 19:20:56.000000',63,'Y','','',43),(292,'2020-10-27 02:43:48.000000',70,'N','','',43),(293,'2023-09-17 05:05:20.000000',8,'N','','',43),(294,'2022-03-21 04:04:09.000000',36,'Y','','',43),(295,'2024-05-03 09:45:52.000000',77,'Y','','',43),(296,'2021-01-05 01:11:18.000000',41,'Y','','',43),(297,'2018-12-28 06:00:26.000000',19,'N','','',43),(298,'2023-08-15 07:56:45.000000',40,'Y','','',43),(299,'2018-06-25 13:14:35.000000',43,'Y','','',43),(300,'2023-09-27 09:42:51.000000',17,'N','','',43),(301,'2020-12-29 04:36:03.000000',41,'N','','',43),(302,'2020-01-31 17:39:09.000000',41,'Y','','',43),(303,'2022-07-22 05:13:56.000000',12,'N','','',43),(304,'2023-01-06 19:37:56.000000',15,'N','','',43),(305,'2018-01-30 20:16:35.000000',49,'N','','',43),(306,'2021-03-14 21:05:58.000000',26,'Y','','',43),(307,'2018-03-17 01:53:04.000000',4,'N','','',43),(308,'2018-03-27 20:10:27.000000',92,'Y','','',43),(309,'2018-04-13 05:37:31.000000',59,'N','','',43),(310,'2022-08-30 03:09:16.000000',81,'N','','',43),(311,'2023-06-10 14:19:54.000000',19,'N','','',43),(312,'2020-12-24 08:19:46.000000',67,'N','','',43),(313,'2019-04-02 17:54:14.000000',33,'N','','',43),(314,'2021-09-12 04:45:49.000000',65,'Y','','',43),(315,'2024-10-10 11:06:00.000000',68,'Y','','',43),(316,'2022-11-02 19:33:47.000000',58,'Y','','',43),(317,'2020-09-10 08:16:02.000000',42,'N','','',43),(318,'2022-12-31 07:37:38.000000',61,'N','','',43),(319,'2019-11-21 16:44:59.000000',20,'Y','','',43),(320,'2021-06-19 12:05:01.000000',43,'N','','',43),(321,'2018-07-17 00:05:58.000000',28,'Y','','',43),(322,'2020-05-30 11:03:20.000000',24,'Y','','',43),(323,'2018-12-19 22:08:02.000000',41,'Y','','',43),(324,'2019-11-24 04:50:34.000000',12,'N','','',43),(325,'2020-12-18 15:18:03.000000',78,'Y','','',43),(326,'2019-09-02 01:32:14.000000',53,'Y','','',43),(327,'2019-02-22 09:25:49.000000',64,'Y','','',43),(328,'2020-07-22 21:56:39.000000',58,'Y','','',43),(329,'2018-01-25 10:31:35.000000',77,'Y','','',43),(330,'2021-12-08 17:28:08.000000',84,'Y','','',43),(331,'2023-07-03 15:49:38.000000',51,'Y','','',43),(332,'2019-08-20 10:51:17.000000',94,'Y','','',43),(333,'2019-01-18 02:08:33.000000',28,'Y','','',43),(334,'2021-10-24 06:19:53.000000',27,'N','','',43),(335,'2021-04-22 14:10:45.000000',6,'N','','',43),(336,'2018-10-04 22:44:17.000000',60,'Y','','',43),(337,'2024-09-16 15:32:38.000000',11,'N','','',43),(338,'2023-09-04 00:57:58.000000',71,'N','','',43),(339,'2021-01-06 02:49:53.000000',32,'N','','',43),(340,'2021-10-16 23:38:16.000000',85,'N','','',43),(341,'2024-11-21 11:48:49.000000',75,'Y','','',43),(342,'2020-11-16 03:37:17.000000',45,'N','','',43),(343,'2021-08-04 13:58:40.000000',9,'N','','',43),(344,'2019-06-19 01:39:57.000000',87,'N','','',43),(345,'2020-08-27 20:11:26.000000',15,'Y','','',43),(346,'2018-11-24 09:10:20.000000',91,'Y','','',43),(347,'2018-09-14 13:34:41.000000',31,'Y','','',43),(348,'2020-10-25 11:32:54.000000',2,'Y','','',43),(349,'2020-08-19 00:59:46.000000',35,'N','','',43),(350,'2024-10-05 18:20:37.000000',31,'Y','','',43),(351,'2021-09-08 21:52:35.000000',85,'N','','',43),(352,'2022-09-03 16:35:55.000000',72,'N','','',43),(353,'2023-08-15 23:36:53.000000',42,'N','','',43),(354,'2020-03-10 09:16:38.000000',91,'Y','','',43),(355,'2020-01-28 06:50:22.000000',43,'Y','','',43),(356,'2024-05-08 11:32:08.000000',48,'N','','',43),(357,'2023-10-08 18:53:38.000000',50,'Y','','',43),(358,'2019-12-24 09:55:15.000000',58,'N','','',43),(359,'2018-11-11 04:46:12.000000',87,'Y','','',43),(360,'2019-11-14 09:13:37.000000',95,'N','','',43),(361,'2022-02-06 20:59:26.000000',99,'N','','',43),(362,'2023-08-09 13:10:25.000000',7,'Y','','',43),(363,'2021-10-08 05:14:21.000000',80,'Y','','',43),(364,'2022-10-22 15:43:56.000000',4,'Y','','',43),(365,'2024-11-05 21:59:39.000000',77,'Y','','',43),(366,'2023-12-30 01:41:13.000000',21,'Y','','',43),(367,'2024-08-02 22:39:12.000000',59,'Y','','',43),(368,'2022-02-04 05:04:35.000000',63,'N','','',43),(369,'2021-08-07 22:46:28.000000',92,'N','','',43),(370,'2020-10-17 04:12:53.000000',97,'N','','',43),(371,'2023-01-04 02:53:36.000000',64,'Y','','',43),(372,'2024-04-12 09:51:58.000000',16,'Y','','',43),(373,'2019-04-19 23:01:48.000000',48,'Y','','',43),(374,'2020-07-12 03:30:10.000000',47,'Y','','',43),(375,'2020-07-18 18:28:24.000000',5,'Y','','',43),(376,'2020-09-24 21:15:53.000000',52,'Y','','',43),(377,'2022-05-17 18:17:20.000000',8,'N','','',43),(378,'2018-12-25 12:10:15.000000',80,'Y','','',43),(379,'2018-10-18 05:29:00.000000',73,'N','','',43),(380,'2019-12-15 08:45:27.000000',70,'Y','','',43),(381,'2024-04-09 07:18:17.000000',44,'N','','',43),(382,'2022-05-05 13:08:47.000000',2,'N','','',43),(383,'2021-03-03 10:24:55.000000',40,'Y','','',43),(384,'2022-10-12 12:00:17.000000',24,'N','','',43),(385,'2021-11-13 10:18:07.000000',87,'Y','','',43),(386,'2023-11-07 23:37:04.000000',21,'N','','',43),(387,'2019-03-01 23:38:24.000000',81,'N','','',43),(388,'2020-04-28 04:10:03.000000',60,'Y','','',43),(389,'2021-08-27 21:32:50.000000',34,'N','','',44),(390,'2024-03-08 06:18:30.000000',93,'N','','',44),(391,'2020-03-28 19:10:00.000000',53,'Y','','',44),(392,'2021-11-28 17:22:19.000000',80,'Y','','',44),(393,'2020-12-17 04:55:45.000000',9,'N','','',44),(394,'2020-11-28 10:33:19.000000',93,'N','','',44),(395,'2018-04-12 02:41:15.000000',99,'Y','','',44),(396,'2024-03-04 16:44:22.000000',61,'Y','','',44),(397,'2018-02-06 10:24:40.000000',14,'N','','',44),(398,'2023-01-28 15:24:17.000000',81,'Y','','',44),(399,'2019-06-01 14:49:12.000000',35,'Y','','',44),(400,'2020-10-28 18:05:09.000000',63,'Y','','',44),(401,'2022-04-20 00:03:59.000000',83,'Y','','',44),(402,'2021-06-24 05:19:51.000000',7,'N','','',44),(403,'2020-05-02 03:15:54.000000',57,'Y','','',44),(404,'2019-08-16 12:28:53.000000',26,'Y','','',44),(405,'2019-11-26 04:14:36.000000',96,'Y','','',44),(406,'2019-03-20 10:52:11.000000',68,'Y','','',44),(407,'2019-01-17 04:40:36.000000',67,'N','','',44),(408,'2023-10-29 20:13:34.000000',80,'N','','',44),(409,'2023-03-12 19:36:50.000000',29,'Y','','',44),(410,'2023-01-29 09:02:44.000000',4,'Y','','',44),(411,'2020-08-06 23:58:55.000000',42,'Y','','',44),(412,'2020-09-22 19:46:49.000000',65,'N','','',44),(413,'2019-08-23 18:39:36.000000',53,'N','','',44),(414,'2021-07-18 09:57:41.000000',40,'N','','',44),(415,'2023-11-26 21:33:42.000000',60,'Y','','',44),(416,'2022-03-26 12:47:10.000000',27,'N','','',44),(417,'2024-07-04 19:14:09.000000',75,'N','','',44),(418,'2022-11-30 01:36:00.000000',46,'N','','',44),(419,'2019-09-19 12:35:50.000000',97,'Y','','',44),(420,'2018-10-04 08:53:24.000000',46,'Y','','',44),(421,'2018-11-12 01:14:08.000000',92,'Y','','',44),(422,'2021-03-08 05:11:11.000000',57,'Y','','',44),(423,'2020-07-01 17:04:15.000000',81,'Y','','',44),(424,'2023-08-13 04:07:31.000000',72,'Y','','',44),(425,'2023-01-29 16:52:58.000000',26,'N','','',44),(426,'2024-01-08 14:27:00.000000',48,'Y','','',44),(427,'2019-06-28 14:16:02.000000',64,'N','','',44),(428,'2020-10-16 13:05:12.000000',5,'Y','','',44),(429,'2018-12-15 04:50:04.000000',98,'N','','',44),(430,'2023-10-24 20:39:25.000000',7,'N','','',44),(431,'2024-08-20 02:48:13.000000',90,'Y','','',44),(432,'2021-05-14 20:32:11.000000',84,'Y','','',44),(433,'2020-11-06 00:42:42.000000',7,'N','','',44),(434,'2024-04-06 06:35:27.000000',10,'N','','',44),(435,'2023-12-03 17:03:40.000000',98,'Y','','',44),(436,'2020-11-08 08:51:47.000000',2,'N','','',44),(437,'2024-08-22 17:37:16.000000',25,'Y','','',44),(438,'2018-01-20 10:03:00.000000',2,'N','','',44),(439,'2023-04-01 00:42:18.000000',9,'N','','',44),(440,'2019-02-03 05:54:52.000000',8,'Y','','',44),(441,'2019-09-05 12:12:56.000000',55,'N','','',44),(442,'2018-07-19 17:14:30.000000',72,'N','','',44),(443,'2018-07-28 07:41:26.000000',97,'Y','','',44),(444,'2019-06-21 03:28:59.000000',77,'N','','',44),(445,'2019-07-21 16:09:31.000000',49,'Y','','',44),(446,'2024-07-22 16:48:50.000000',62,'N','','',44),(447,'2018-07-24 23:32:57.000000',52,'Y','','',44),(448,'2022-03-11 02:06:31.000000',94,'N','','',44),(449,'2018-04-17 23:16:35.000000',44,'Y','','',44),(450,'2018-11-30 20:32:46.000000',52,'N','','',44),(451,'2021-06-16 11:17:24.000000',76,'N','','',44),(452,'2018-01-15 17:59:03.000000',23,'Y','','',44),(453,'2018-02-04 10:39:29.000000',85,'N','','',44),(454,'2018-12-14 16:43:25.000000',21,'N','','',44),(455,'2022-08-13 07:51:33.000000',31,'N','','',44),(456,'2020-04-02 14:30:34.000000',58,'Y','','',44),(457,'2021-10-30 02:54:19.000000',70,'N','','',44),(458,'2018-05-05 03:06:39.000000',51,'Y','','',44),(459,'2019-12-31 07:31:42.000000',6,'Y','','',44),(460,'2023-04-27 06:20:18.000000',87,'N','','',44),(461,'2019-04-14 16:29:28.000000',1,'N','','',44),(462,'2024-04-18 17:05:00.000000',73,'Y','','',44),(463,'2022-04-09 03:04:24.000000',88,'N','','',44),(464,'2022-08-15 07:18:40.000000',31,'N','','',44),(465,'2024-11-13 06:12:39.000000',6,'N','','',44),(466,'2018-01-26 19:11:49.000000',92,'Y','','',44),(467,'2021-04-25 23:11:39.000000',7,'Y','','',44),(468,'2021-10-01 11:15:23.000000',99,'Y','','',44),(469,'2023-05-19 19:23:28.000000',46,'N','','',44),(470,'2023-11-13 23:52:52.000000',82,'Y','','',44),(471,'2021-10-09 05:08:59.000000',3,'Y','','',44),(472,'2023-12-15 05:13:36.000000',10,'N','','',44),(473,'2019-11-09 16:47:34.000000',49,'Y','','',44),(474,'2020-12-04 13:28:31.000000',55,'N','','',44),(475,'2019-11-26 21:17:48.000000',12,'Y','','',44),(476,'2018-04-23 18:17:33.000000',75,'N','','',44),(477,'2020-06-24 13:07:31.000000',32,'N','','',44),(478,'2018-10-21 07:39:03.000000',56,'N','','',44),(479,'2023-01-07 23:52:58.000000',77,'N','','',44),(480,'2018-08-25 16:19:40.000000',26,'N','','',44),(481,'2020-03-21 18:47:28.000000',9,'Y','','',44),(482,'2021-01-12 05:20:52.000000',45,'Y','','',44),(483,'2024-07-29 12:58:49.000000',39,'N','','',44),(484,'2019-04-03 17:41:02.000000',42,'Y','','',44),(485,'2021-02-06 05:20:19.000000',43,'Y','','',44),(486,'2023-04-29 19:41:03.000000',29,'Y','','',44),(487,'2020-09-28 00:06:26.000000',60,'Y','','',44),(488,'2024-10-05 08:10:32.000000',49,'Y','','',44),(489,'2018-08-24 07:41:01.000000',71,'N','','',44),(490,'2019-08-10 12:09:07.000000',73,'Y','','',44),(491,'2018-11-10 06:37:32.000000',98,'N','','',44),(492,'2021-11-25 07:58:10.000000',2,'N','','',44),(493,'2020-10-20 13:40:08.000000',92,'Y','','',44),(494,'2023-01-12 00:55:02.000000',40,'N','','',44),(495,'2019-08-09 17:33:28.000000',55,'N','','',44),(496,'2018-11-04 07:25:01.000000',54,'Y','','',44),(497,'2024-07-23 03:40:26.000000',89,'Y','','',44),(498,'2023-04-08 22:38:53.000000',23,'Y','','',44),(499,'2019-03-19 13:35:22.000000',33,'Y','','',44),(500,'2022-01-16 14:15:54.000000',21,'Y','','',44),(501,'2020-09-24 02:49:17.000000',81,'Y','','',44),(502,'2018-07-29 13:25:05.000000',90,'N','','',44),(503,'2020-08-07 12:52:29.000000',82,'N','','',44),(504,'2019-09-10 18:01:42.000000',66,'N','','',44),(505,'2019-02-08 20:01:51.000000',91,'Y','','',44),(506,'2021-12-14 09:21:16.000000',1,'N','','',44),(507,'2024-01-30 03:39:52.000000',7,'N','','',44),(508,'2024-04-07 14:03:11.000000',85,'Y','','',44),(509,'2023-07-23 00:00:14.000000',45,'Y','','',44),(510,'2024-11-10 22:42:42.000000',42,'Y','','',44),(511,'2022-06-06 20:40:58.000000',29,'Y','','',44),(512,'2021-10-19 02:17:12.000000',40,'Y','','',44),(513,'2022-08-27 14:47:30.000000',13,'Y','','',44),(514,'2024-10-11 05:15:33.000000',9,'Y','','',44),(515,'2024-02-29 09:17:18.000000',12,'Y','','',44),(516,'2018-09-27 12:57:27.000000',27,'Y','','',44),(517,'2024-07-27 19:02:55.000000',40,'N','','',44),(518,'2019-09-07 02:13:41.000000',20,'N','','',44),(519,'2023-07-08 18:09:48.000000',29,'N','','',44),(520,'2022-08-09 05:50:11.000000',55,'Y','','',44),(521,'2019-08-31 23:51:31.000000',59,'N','','',44),(522,'2022-04-24 06:51:18.000000',45,'Y','','',44),(523,'2024-11-04 19:21:27.000000',43,'N','','',44),(524,'2024-03-09 02:49:34.000000',53,'Y','','',44),(525,'2018-07-24 19:07:20.000000',36,'N','','',44),(526,'2023-03-31 20:01:14.000000',13,'N','','',44),(527,'2018-02-24 20:38:30.000000',9,'N','','',44),(528,'2024-04-20 02:26:35.000000',55,'Y','','',44),(529,'2022-05-09 04:04:27.000000',24,'N','','',44),(530,'2021-06-22 09:42:26.000000',45,'Y','','',44),(531,'2019-09-13 12:13:39.000000',4,'N','','',44),(532,'2020-06-05 17:27:07.000000',58,'Y','','',44),(533,'2022-11-03 06:55:48.000000',10,'Y','','',44),(534,'2019-06-15 01:31:45.000000',44,'Y','','',44),(535,'2021-08-10 11:19:13.000000',73,'N','','',44),(536,'2024-05-30 09:31:13.000000',72,'N','','',44),(537,'2020-10-01 01:47:55.000000',74,'N','','',44),(538,'2023-05-18 11:55:17.000000',23,'N','','',44),(539,'2018-12-08 19:31:27.000000',93,'Y','','',44),(540,'2022-03-07 11:09:07.000000',9,'Y','','',44),(541,'2022-01-24 03:33:09.000000',62,'Y','','',44),(542,'2018-04-14 04:49:54.000000',42,'N','','',44),(543,'2021-05-28 04:47:35.000000',43,'Y','','',44),(544,'2022-11-07 05:02:57.000000',22,'Y','','',44),(545,'2024-10-11 02:24:22.000000',51,'N','','',44),(546,'2022-11-22 03:12:10.000000',2,'Y','','',44),(547,'2020-05-21 17:21:24.000000',66,'Y','','',44),(548,'2022-03-10 09:06:23.000000',78,'N','','',44),(549,'2019-11-30 01:42:47.000000',92,'Y','','',44),(550,'2019-07-07 12:47:07.000000',45,'N','','',44),(551,'2022-11-30 09:33:07.000000',37,'Y','','',44),(552,'2019-01-21 15:59:31.000000',35,'N','','',44),(553,'2021-03-18 05:35:43.000000',19,'N','','',44),(554,'2021-02-20 06:10:34.000000',22,'Y','','',44),(555,'2024-06-14 19:50:37.000000',41,'N','','',44),(556,'2020-12-15 21:24:11.000000',88,'N','','',44),(557,'2024-04-21 13:23:30.000000',40,'Y','','',44),(558,'2020-04-19 19:13:34.000000',33,'Y','','',44),(559,'2022-08-22 17:00:56.000000',61,'Y','','',44),(560,'2022-05-18 01:59:53.000000',80,'Y','','',44),(561,'2020-08-07 12:28:39.000000',30,'N','','',44),(562,'2023-08-18 06:59:15.000000',31,'N','','',44),(563,'2024-11-15 08:01:31.000000',22,'Y','','',44),(564,'2020-11-07 06:43:17.000000',15,'Y','','',44),(565,'2020-12-14 05:44:52.000000',38,'N','','',44),(566,'2022-11-26 19:08:04.000000',3,'Y','','',44),(567,'2021-05-02 11:31:54.000000',67,'Y','','',44),(568,'2018-03-30 17:17:20.000000',50,'Y','','',44),(569,'2018-10-30 01:48:35.000000',77,'Y','','',44),(570,'2021-04-06 23:28:45.000000',17,'Y','','',44),(571,'2022-05-06 12:33:14.000000',9,'Y','','',44),(572,'2022-11-13 20:41:07.000000',39,'Y','','',44),(573,'2024-10-13 07:26:57.000000',11,'N','','',44),(574,'2018-04-03 19:49:45.000000',23,'N','','',44),(575,'2021-05-31 03:03:01.000000',67,'N','','',44),(576,'2019-02-10 19:16:54.000000',57,'N','','',44),(577,'2020-09-11 00:04:29.000000',56,'N','','',44),(578,'2022-10-28 03:22:00.000000',64,'Y','','',44),(579,'2019-09-03 00:21:53.000000',78,'Y','','',44),(580,'2023-11-26 19:59:46.000000',18,'Y','','',44),(581,'2021-01-19 20:48:10.000000',72,'Y','','',44),(582,'2020-02-10 03:25:56.000000',35,'N','','',44),(583,'2020-07-21 14:06:47.000000',34,'N','','',44),(584,'2018-06-23 10:51:22.000000',64,'N','','',44),(585,'2018-07-30 20:19:55.000000',22,'N','','',44),(586,'2022-02-02 02:45:09.000000',98,'Y','','',44),(587,'2022-05-03 11:41:43.000000',70,'N','','',44),(588,'2023-09-26 05:29:13.000000',92,'Y','','',44),(589,'2019-03-28 05:38:44.000000',73,'Y','','',44),(590,'2023-06-09 04:05:00.000000',26,'Y','','',44),(591,'2020-02-29 19:20:56.000000',63,'Y','','',44),(592,'2020-10-27 02:43:48.000000',70,'N','','',44),(593,'2023-09-17 05:05:20.000000',8,'N','','',44),(594,'2022-03-21 04:04:09.000000',36,'Y','','',44),(595,'2024-05-03 09:45:52.000000',77,'Y','','',44),(596,'2021-01-05 01:11:18.000000',41,'Y','','',44),(597,'2018-12-28 06:00:26.000000',19,'N','','',44),(598,'2023-08-15 07:56:45.000000',40,'Y','','',44),(599,'2018-06-25 13:14:35.000000',43,'Y','','',44),(600,'2023-09-27 09:42:51.000000',17,'N','','',44),(601,'2020-12-29 04:36:03.000000',41,'N','','',44),(602,'2020-01-31 17:39:09.000000',41,'Y','','',44),(603,'2022-07-22 05:13:56.000000',12,'N','','',44),(604,'2023-01-06 19:37:56.000000',15,'N','','',44),(605,'2018-01-30 20:16:35.000000',49,'N','','',44),(606,'2021-03-14 21:05:58.000000',26,'Y','','',44),(607,'2018-03-17 01:53:04.000000',4,'N','','',44),(608,'2018-03-27 20:10:27.000000',92,'Y','','',44),(609,'2018-04-13 05:37:31.000000',59,'N','','',44),(610,'2022-08-30 03:09:16.000000',81,'N','','',44),(611,'2023-06-10 14:19:54.000000',19,'N','','',44),(612,'2020-12-24 08:19:46.000000',67,'N','','',44),(613,'2019-04-02 17:54:14.000000',33,'N','','',44),(614,'2021-09-12 04:45:49.000000',65,'Y','','',44),(615,'2024-10-10 11:06:00.000000',68,'Y','','',44),(616,'2022-11-02 19:33:47.000000',58,'Y','','',44),(617,'2020-09-10 08:16:02.000000',42,'N','','',44),(618,'2022-12-31 07:37:38.000000',61,'N','','',44),(619,'2019-11-21 16:44:59.000000',20,'Y','','',44),(620,'2021-06-19 12:05:01.000000',43,'N','','',44),(621,'2018-07-17 00:05:58.000000',28,'Y','','',44),(622,'2020-05-30 11:03:20.000000',24,'Y','','',44),(623,'2018-12-19 22:08:02.000000',41,'Y','','',44),(624,'2019-11-24 04:50:34.000000',12,'N','','',44),(625,'2020-12-18 15:18:03.000000',78,'Y','','',44),(626,'2019-09-02 01:32:14.000000',53,'Y','','',44),(627,'2019-02-22 09:25:49.000000',64,'Y','','',44),(628,'2020-07-22 21:56:39.000000',58,'Y','','',44),(629,'2018-01-25 10:31:35.000000',77,'Y','','',44),(630,'2021-12-08 17:28:08.000000',84,'Y','','',44),(631,'2023-07-03 15:49:38.000000',51,'Y','','',44),(632,'2019-08-20 10:51:17.000000',94,'Y','','',44),(633,'2019-01-18 02:08:33.000000',28,'Y','','',44),(634,'2021-10-24 06:19:53.000000',27,'N','','',44),(635,'2021-04-22 14:10:45.000000',6,'N','','',44),(636,'2018-10-04 22:44:17.000000',60,'Y','','',44),(637,'2024-09-16 15:32:38.000000',11,'N','','',44),(638,'2023-09-04 00:57:58.000000',71,'N','','',44),(639,'2021-01-06 02:49:53.000000',32,'N','','',44),(640,'2021-10-16 23:38:16.000000',85,'N','','',44),(641,'2024-11-21 11:48:49.000000',75,'Y','','',44),(642,'2020-11-16 03:37:17.000000',45,'N','','',44),(643,'2021-08-04 13:58:40.000000',9,'N','','',44),(644,'2019-06-19 01:39:57.000000',87,'N','','',44),(645,'2020-08-27 20:11:26.000000',15,'Y','','',44),(646,'2018-11-24 09:10:20.000000',91,'Y','','',44),(647,'2018-09-14 13:34:41.000000',31,'Y','','',44),(648,'2020-10-25 11:32:54.000000',2,'Y','','',44),(649,'2020-08-19 00:59:46.000000',35,'N','','',44),(650,'2024-10-05 18:20:37.000000',31,'Y','','',44),(651,'2021-09-08 21:52:35.000000',85,'N','','',44),(652,'2022-09-03 16:35:55.000000',72,'N','','',44),(653,'2023-08-15 23:36:53.000000',42,'N','','',44),(654,'2020-03-10 09:16:38.000000',91,'Y','','',44),(655,'2020-01-28 06:50:22.000000',43,'Y','','',44),(656,'2024-05-08 11:32:08.000000',48,'N','','',44),(657,'2023-10-08 18:53:38.000000',50,'Y','','',44),(658,'2019-12-24 09:55:15.000000',58,'N','','',44),(659,'2018-11-11 04:46:12.000000',87,'Y','','',44),(660,'2019-11-14 09:13:37.000000',95,'N','','',44),(661,'2022-02-06 20:59:26.000000',99,'N','','',44),(662,'2023-08-09 13:10:25.000000',7,'Y','','',44),(663,'2021-10-08 05:14:21.000000',80,'Y','','',44),(664,'2022-10-22 15:43:56.000000',4,'Y','','',44),(665,'2024-11-05 21:59:39.000000',77,'Y','','',44),(666,'2023-12-30 01:41:13.000000',21,'Y','','',44),(667,'2024-08-02 22:39:12.000000',59,'Y','','',44),(668,'2022-02-04 05:04:35.000000',63,'N','','',44),(669,'2021-08-07 22:46:28.000000',92,'N','','',44),(670,'2020-10-17 04:12:53.000000',97,'N','','',44),(671,'2023-01-04 02:53:36.000000',64,'Y','','',44),(672,'2024-04-12 09:51:58.000000',16,'Y','','',44),(673,'2019-04-19 23:01:48.000000',48,'Y','','',44),(674,'2020-07-12 03:30:10.000000',47,'Y','','',44),(675,'2020-07-18 18:28:24.000000',5,'Y','','',44),(676,'2020-09-24 21:15:53.000000',52,'Y','','',44),(677,'2022-05-17 18:17:20.000000',8,'N','','',44),(678,'2018-12-25 12:10:15.000000',80,'Y','','',44),(679,'2018-10-18 05:29:00.000000',73,'N','','',44),(680,'2019-12-15 08:45:27.000000',70,'Y','','',44),(681,'2024-04-09 07:18:17.000000',44,'N','','',44),(682,'2022-05-05 13:08:47.000000',2,'N','','',44),(683,'2021-03-03 10:24:55.000000',40,'Y','','',44),(684,'2022-10-12 12:00:17.000000',24,'N','','',44),(685,'2021-11-13 10:18:07.000000',87,'Y','','',44),(686,'2023-11-07 23:37:04.000000',21,'N','','',44),(687,'2019-03-01 23:38:24.000000',81,'N','','',44),(688,'2020-04-28 04:10:03.000000',60,'Y','','',44),(689,'2023-03-06 04:46:45.000000',39,'Y','','',44),(690,'2024-03-11 05:18:45.000000',94,'N','','',44),(691,'2022-11-07 18:01:17.000000',25,'Y','','',44),(692,'2024-08-12 09:56:02.000000',16,'Y','','',44),(693,'2023-06-06 08:05:34.000000',4,'Y','','',44),(694,'2024-05-01 19:34:28.000000',55,'N','','',44),(695,'2022-09-07 07:30:19.000000',17,'N','','',44),(696,'2023-09-30 18:49:33.000000',10,'Y','','',44),(697,'2022-10-11 21:28:27.000000',61,'Y','','',44),(698,'2024-06-02 02:42:04.000000',62,'Y','','',44),(699,'2023-03-07 12:46:35.000000',36,'N','','',44),(700,'2024-10-15 14:41:19.000000',48,'N','','',44),(701,'2024-06-23 11:10:09.000000',90,'N','','',44),(702,'2022-07-03 06:20:44.000000',48,'N','','',44),(703,'2023-12-03 23:26:07.000000',82,'N','','',44),(704,'2023-05-11 21:31:40.000000',5,'N','','',44),(705,'2022-08-01 04:29:13.000000',80,'N','','',44),(706,'2023-10-09 07:06:26.000000',61,'Y','','',44),(707,'2023-05-23 02:23:20.000000',84,'Y','','',44),(708,'2023-09-06 11:09:58.000000',12,'N','','',44),(709,'2024-10-14 14:06:45.000000',39,'Y','','',44),(710,'2022-01-30 17:41:00.000000',8,'N','','',44),(711,'2024-12-01 13:39:08.000000',49,'N','','',44),(712,'2022-06-02 23:20:30.000000',44,'Y','','',44),(713,'2022-01-20 19:49:56.000000',13,'N','','',44),(714,'2023-02-02 14:40:53.000000',33,'N','','',44),(715,'2022-02-11 14:55:25.000000',86,'N','','',44),(716,'2024-02-28 07:07:43.000000',83,'N','','',44),(717,'2024-10-06 20:22:33.000000',67,'N','','',44),(718,'2024-12-21 03:27:27.000000',98,'Y','','',44),(719,'2023-02-05 10:04:56.000000',33,'N','','',44),(720,'2022-11-25 20:00:48.000000',93,'N','','',44),(721,'2023-04-22 00:39:43.000000',94,'N','','',44),(722,'2023-09-10 23:39:29.000000',52,'Y','','',44),(723,'2024-10-01 01:36:38.000000',48,'N','','',44),(724,'2022-12-28 07:44:47.000000',47,'Y','','',44),(725,'2022-05-30 05:52:39.000000',51,'N','','',44),(726,'2023-07-17 19:26:36.000000',99,'N','','',44),(727,'2024-11-09 16:57:11.000000',56,'N','','',44),(728,'2023-07-23 20:04:50.000000',20,'N','','',44),(729,'2024-07-12 13:57:07.000000',19,'N','','',44),(730,'2023-03-24 07:06:18.000000',14,'Y','','',44),(731,'2023-08-09 08:22:22.000000',79,'Y','','',44),(732,'2024-11-08 14:48:27.000000',60,'N','','',44),(733,'2022-03-08 08:36:19.000000',76,'N','','',44),(734,'2023-07-14 00:10:10.000000',44,'Y','','',44),(735,'2024-04-19 12:12:47.000000',71,'Y','','',44),(736,'2024-11-28 05:08:09.000000',74,'Y','','',44),(737,'2023-08-04 02:19:33.000000',21,'Y','','',44),(738,'2023-07-21 21:34:38.000000',82,'N','','',44),(739,'2022-02-14 10:56:44.000000',7,'N','','',44),(740,'2024-05-30 21:57:23.000000',52,'N','','',44),(741,'2023-10-24 03:05:09.000000',78,'Y','','',44),(742,'2024-05-19 16:57:25.000000',19,'Y','','',44),(743,'2024-09-18 01:03:19.000000',77,'N','','',44),(744,'2024-04-01 09:26:22.000000',35,'Y','','',44),(745,'2023-02-21 12:48:38.000000',21,'Y','','',44),(746,'2023-07-04 04:17:20.000000',38,'N','','',44),(747,'2024-03-03 04:16:38.000000',76,'Y','','',44),(748,'2024-02-26 09:52:24.000000',66,'Y','','',44),(749,'2023-06-26 12:47:23.000000',92,'Y','','',44),(750,'2023-03-20 09:08:10.000000',88,'N','','',44),(751,'2023-11-18 12:11:40.000000',32,'Y','','',44),(752,'2023-02-03 02:57:25.000000',22,'N','','',44),(753,'2022-11-27 03:32:55.000000',67,'N','','',44),(754,'2024-06-25 14:24:17.000000',96,'N','','',44),(755,'2023-03-05 22:35:59.000000',37,'Y','','',44),(756,'2023-03-31 22:04:39.000000',66,'Y','','',44),(757,'2022-01-08 07:42:31.000000',87,'N','','',44),(758,'2024-07-15 03:07:28.000000',34,'N','','',44),(759,'2024-10-28 17:38:45.000000',31,'Y','','',44),(760,'2024-01-02 19:10:48.000000',89,'Y','','',44),(761,'2022-12-03 18:01:56.000000',95,'N','','',44),(762,'2024-06-16 18:47:47.000000',3,'Y','','',44),(763,'2023-10-31 10:50:30.000000',31,'Y','','',44),(764,'2022-09-23 12:17:05.000000',92,'Y','','',44),(765,'2024-06-19 18:13:34.000000',59,'N','','',44),(766,'2024-11-01 05:49:56.000000',40,'N','','',44),(767,'2022-10-03 21:23:15.000000',46,'Y','','',44),(768,'2022-04-05 07:42:10.000000',82,'N','','',44),(769,'2024-01-14 16:48:33.000000',49,'N','','',44),(770,'2023-09-09 09:56:21.000000',60,'Y','','',44),(771,'2024-12-06 05:42:12.000000',80,'Y','','',44),(772,'2024-04-26 10:47:41.000000',38,'N','','',44),(773,'2023-01-06 17:49:25.000000',52,'N','','',44),(774,'2024-04-03 21:36:43.000000',27,'Y','','',44),(775,'2023-09-05 06:11:20.000000',15,'Y','','',44),(776,'2024-12-30 15:39:12.000000',67,'Y','','',44),(777,'2024-03-26 10:09:06.000000',20,'Y','','',44),(778,'2024-12-05 22:53:39.000000',38,'Y','','',44),(779,'2023-08-20 07:51:48.000000',76,'N','','',44),(780,'2022-03-13 03:39:44.000000',28,'N','','',44),(781,'2022-11-22 07:47:06.000000',29,'Y','','',44),(782,'2022-09-14 03:39:09.000000',21,'Y','','',44),(783,'2022-06-18 23:40:01.000000',1,'N','','',44),(784,'2023-02-13 04:34:42.000000',77,'Y','','',44),(785,'2023-06-29 13:24:51.000000',71,'Y','','',44),(786,'2024-07-02 00:54:16.000000',5,'N','','',44),(787,'2023-12-25 10:40:37.000000',34,'N','','',44),(788,'2022-01-29 16:17:14.000000',44,'Y','','',44),(789,'2023-07-21 01:45:49.000000',98,'N','','',44),(790,'2024-10-17 17:35:38.000000',3,'Y','','',44),(791,'2023-09-18 17:18:11.000000',85,'Y','','',44),(792,'2023-11-25 22:16:24.000000',50,'N','','',44),(793,'2023-12-04 15:02:34.000000',59,'Y','','',44),(794,'2024-06-16 22:35:52.000000',70,'N','','',44),(795,'2022-05-19 05:08:49.000000',39,'Y','','',44),(796,'2023-12-08 10:43:39.000000',88,'Y','','',44),(797,'2023-10-18 05:59:41.000000',47,'Y','','',44),(798,'2023-09-27 04:04:23.000000',4,'N','','',44),(799,'2023-11-22 15:20:31.000000',77,'Y','','',44),(800,'2024-02-01 10:17:14.000000',35,'N','','',44),(801,'2022-11-08 17:51:41.000000',52,'Y','','',44),(802,'2024-02-15 17:37:45.000000',3,'N','','',44),(803,'2023-08-16 00:03:28.000000',90,'Y','','',44),(804,'2024-11-10 00:18:39.000000',31,'N','','',44),(805,'2023-10-11 09:50:32.000000',47,'N','','',44),(806,'2024-02-28 02:14:49.000000',43,'N','','',44),(807,'2024-01-30 21:06:11.000000',76,'Y','','',44),(808,'2023-05-26 06:59:49.000000',62,'Y','','',44),(809,'2024-05-13 10:40:18.000000',90,'N','','',44),(810,'2024-10-18 22:55:31.000000',94,'Y','','',44),(811,'2024-04-19 07:47:16.000000',50,'Y','','',44),(812,'2022-05-12 04:15:24.000000',51,'N','','',44),(813,'2023-07-28 13:02:54.000000',27,'N','','',44),(814,'2023-01-13 04:23:04.000000',32,'N','','',44),(815,'2022-06-17 05:57:37.000000',44,'Y','','',44),(816,'2022-06-27 04:03:11.000000',99,'Y','','',44),(817,'2022-04-01 12:28:25.000000',20,'Y','','',44),(818,'2024-06-08 04:27:44.000000',4,'Y','','',44),(819,'2022-12-23 14:18:55.000000',80,'N','','',44),(820,'2022-11-05 10:13:01.000000',45,'N','','',44),(821,'2022-10-31 21:00:12.000000',4,'Y','','',44),(822,'2023-03-27 01:09:59.000000',74,'Y','','',44),(823,'2022-01-08 09:54:51.000000',94,'Y','','',44),(824,'2023-04-06 15:52:46.000000',67,'N','','',44),(825,'2022-01-29 16:15:39.000000',58,'Y','','',44),(826,'2023-02-25 04:51:14.000000',96,'N','','',44),(827,'2024-05-30 07:50:06.000000',61,'Y','','',44),(828,'2024-03-10 07:26:19.000000',91,'N','','',44),(829,'2023-01-11 08:27:50.000000',57,'N','','',44),(830,'2024-10-19 06:14:33.000000',29,'Y','','',44),(831,'2024-11-14 16:41:00.000000',86,'Y','','',44),(832,'2023-09-17 20:15:51.000000',5,'Y','','',44),(833,'2024-02-25 13:07:45.000000',79,'N','','',44),(834,'2023-12-14 19:02:04.000000',60,'N','','',44),(835,'2024-10-26 19:11:49.000000',15,'N','','',44),(836,'2022-01-23 20:25:43.000000',23,'N','','',44),(837,'2022-01-31 19:46:33.000000',32,'N','','',44),(838,'2024-07-17 12:27:47.000000',95,'Y','','',44),(839,'2024-01-16 08:12:31.000000',38,'Y','','',44),(840,'2024-04-01 11:30:25.000000',34,'Y','','',44),(841,'2023-09-05 05:00:20.000000',47,'N','','',44),(842,'2023-02-04 02:50:09.000000',55,'N','','',44),(843,'2024-02-29 04:20:30.000000',28,'Y','','',44),(844,'2022-07-20 00:35:57.000000',87,'N','','',44),(845,'2023-07-11 22:30:40.000000',75,'Y','','',44),(846,'2024-02-28 16:13:55.000000',19,'Y','','',44),(847,'2023-10-31 11:52:47.000000',6,'Y','','',44),(848,'2022-12-06 01:35:26.000000',86,'Y','','',44),(849,'2023-10-17 17:58:04.000000',96,'Y','','',44),(850,'2023-08-11 21:23:55.000000',33,'N','','',44),(851,'2023-03-19 19:38:58.000000',81,'Y','','',44),(852,'2022-09-24 02:55:55.000000',73,'N','','',44),(853,'2023-01-20 05:42:31.000000',2,'Y','','',44),(854,'2022-03-15 17:34:28.000000',89,'N','','',44),(855,'2024-09-11 18:43:51.000000',86,'N','','',44),(856,'2023-05-10 22:29:53.000000',76,'N','','',44),(857,'2022-01-12 16:04:25.000000',33,'Y','','',44),(858,'2024-02-08 00:21:01.000000',51,'Y','','',44),(859,'2022-03-18 11:35:39.000000',94,'N','','',44),(860,'2024-09-30 23:13:07.000000',28,'Y','','',44),(861,'2023-01-28 05:55:54.000000',89,'Y','','',44),(862,'2023-08-20 19:11:36.000000',84,'N','','',44),(863,'2022-05-23 01:17:18.000000',16,'Y','','',44),(864,'2024-11-01 06:16:14.000000',33,'N','','',44),(865,'2023-02-28 23:09:48.000000',7,'N','','',44),(866,'2024-01-21 21:00:36.000000',86,'N','','',44),(867,'2023-01-25 18:38:01.000000',49,'Y','','',44),(868,'2023-07-03 15:23:28.000000',30,'N','','',44),(869,'2024-03-21 00:48:19.000000',2,'N','','',44),(870,'2023-04-12 06:09:13.000000',11,'N','','',44),(871,'2024-01-06 04:02:03.000000',94,'N','','',44),(872,'2022-11-02 23:48:30.000000',66,'Y','','',44),(873,'2023-02-15 23:14:46.000000',10,'N','','',44),(874,'2022-08-03 18:29:02.000000',12,'Y','','',44),(875,'2023-10-29 09:39:08.000000',12,'Y','','',44),(876,'2023-04-22 13:31:05.000000',50,'N','','',44),(877,'2024-01-25 00:37:11.000000',97,'N','','',44),(878,'2024-12-31 07:25:31.000000',27,'Y','','',44),(879,'2023-02-13 19:35:08.000000',53,'Y','','',44),(880,'2023-09-14 11:36:54.000000',70,'N','','',44),(881,'2024-04-26 09:51:16.000000',3,'Y','','',44),(882,'2023-06-27 11:37:49.000000',43,'Y','','',44),(883,'2022-03-22 22:04:07.000000',61,'N','','',44),(884,'2024-02-26 10:53:18.000000',51,'Y','','',44),(885,'2023-05-20 02:23:06.000000',45,'N','','',44),(886,'2022-01-10 08:32:37.000000',75,'Y','','',44),(887,'2023-07-02 12:11:06.000000',13,'N','','',44),(888,'2023-05-23 19:25:36.000000',42,'N','','',44),(889,'2023-01-27 17:33:34.000000',56,'N','','',44),(890,'2022-10-22 22:13:58.000000',71,'Y','','',44),(891,'2023-05-07 07:25:45.000000',99,'N','','',44),(892,'2024-01-30 15:07:26.000000',48,'Y','','',44),(893,'2023-02-03 03:36:12.000000',77,'Y','','',44),(894,'2022-01-29 17:51:34.000000',54,'Y','','',44),(895,'2023-04-24 11:53:49.000000',98,'Y','','',44),(896,'2023-04-09 23:09:58.000000',54,'N','','',44),(897,'2023-09-20 13:26:19.000000',61,'N','','',44),(898,'2022-09-27 18:20:16.000000',68,'Y','','',44),(899,'2024-01-24 10:59:10.000000',22,'Y','','',44),(900,'2024-12-15 13:38:44.000000',88,'N','','',44),(901,'2023-07-27 01:04:27.000000',2,'Y','','',44),(902,'2024-10-04 09:53:19.000000',80,'N','','',44),(903,'2024-12-16 17:30:51.000000',45,'N','','',44),(904,'2024-02-21 11:05:42.000000',33,'N','','',44),(905,'2023-11-15 15:50:44.000000',37,'N','','',44),(906,'2024-09-21 02:55:04.000000',5,'N','','',44),(907,'2023-09-21 04:52:19.000000',8,'N','','',44),(908,'2022-03-15 10:19:25.000000',12,'Y','','',44),(909,'2022-05-19 16:52:52.000000',72,'Y','','',44),(910,'2022-04-24 14:38:10.000000',91,'Y','','',44),(911,'2022-05-04 23:12:14.000000',6,'Y','','',44),(912,'2024-07-16 00:35:27.000000',1,'Y','','',44),(913,'2024-09-27 21:16:18.000000',4,'N','','',44),(914,'2024-12-20 14:59:30.000000',97,'Y','','',44),(915,'2022-09-30 09:55:14.000000',50,'N','','',44),(916,'2023-07-22 21:34:30.000000',18,'Y','','',44),(917,'2023-01-31 19:38:52.000000',82,'N','','',44),(918,'2023-06-23 03:13:22.000000',81,'N','','',44),(919,'2024-04-06 13:40:29.000000',53,'Y','','',44),(920,'2024-01-01 03:43:36.000000',38,'N','','',44),(921,'2023-07-21 11:29:44.000000',20,'Y','','',44),(922,'2022-03-15 09:30:54.000000',85,'Y','','',44),(923,'2023-01-06 12:13:45.000000',83,'N','','',44),(924,'2022-02-13 04:59:32.000000',67,'N','','',44),(925,'2022-10-21 09:05:43.000000',34,'N','','',44),(926,'2024-05-04 04:16:42.000000',91,'Y','','',44),(927,'2023-02-12 23:24:36.000000',46,'N','','',44),(928,'2024-03-26 17:05:32.000000',82,'Y','','',44),(929,'2024-07-30 16:50:50.000000',77,'Y','','',44),(930,'2024-07-17 12:28:11.000000',36,'N','','',44),(931,'2024-04-25 21:52:08.000000',14,'N','','',44),(932,'2024-06-16 03:08:48.000000',17,'N','','',44),(933,'2022-02-18 13:29:40.000000',13,'Y','','',44),(934,'2023-06-12 10:11:31.000000',8,'N','','',44),(935,'2022-08-26 07:11:56.000000',34,'Y','','',44),(936,'2023-12-22 15:15:40.000000',94,'Y','','',44),(937,'2023-12-08 05:34:42.000000',23,'N','','',44),(938,'2022-01-18 13:03:05.000000',77,'N','','',44),(939,'2023-11-09 01:07:07.000000',1,'Y','','',44),(940,'2024-02-27 15:41:57.000000',69,'N','','',44),(941,'2024-09-23 01:48:40.000000',13,'Y','','',44),(942,'2022-05-08 07:06:52.000000',87,'Y','','',44),(943,'2024-12-30 00:09:09.000000',34,'N','','',44),(944,'2024-01-18 12:42:06.000000',76,'Y','','',44),(945,'2024-08-08 00:55:13.000000',32,'N','','',44),(946,'2023-02-16 15:29:12.000000',26,'N','','',44),(947,'2023-07-18 17:40:13.000000',33,'N','','',44),(948,'2024-04-11 19:01:01.000000',21,'Y','','',44),(949,'2023-06-06 13:19:40.000000',26,'Y','','',44),(950,'2023-05-05 11:48:01.000000',91,'N','','',44),(951,'2024-01-03 16:36:21.000000',95,'N','','',44),(952,'2023-04-29 14:29:27.000000',50,'Y','','',44),(953,'2024-02-12 20:59:38.000000',4,'N','','',44),(954,'2024-02-19 19:04:24.000000',15,'N','','',44),(955,'2023-05-12 11:54:20.000000',12,'N','','',44),(956,'2022-03-25 12:41:22.000000',25,'N','','',44),(957,'2023-10-09 14:39:18.000000',63,'N','','',44),(958,'2022-06-22 18:07:04.000000',32,'N','','',44),(959,'2022-01-30 11:34:50.000000',48,'N','','',44),(960,'2024-02-16 18:59:14.000000',95,'N','','',44),(961,'2022-05-01 06:25:03.000000',55,'Y','','',44),(962,'2023-08-19 17:02:10.000000',83,'N','','',44),(963,'2022-02-14 14:50:59.000000',65,'Y','','',44),(964,'2023-12-12 02:33:19.000000',27,'Y','','',44),(965,'2024-12-20 18:35:01.000000',60,'Y','','',44),(966,'2022-11-20 00:08:57.000000',69,'Y','','',44),(967,'2023-05-26 18:23:02.000000',88,'N','','',44),(968,'2023-08-30 21:33:33.000000',81,'Y','','',44),(969,'2023-11-10 21:26:25.000000',74,'N','','',44),(970,'2024-08-05 22:49:13.000000',44,'Y','','',44),(971,'2023-08-26 16:59:02.000000',28,'Y','','',44),(972,'2024-01-20 07:00:36.000000',37,'Y','','',44),(973,'2023-06-17 13:51:38.000000',39,'Y','','',44),(974,'2023-06-18 03:36:06.000000',44,'N','','',44),(975,'2022-07-20 04:05:10.000000',75,'N','','',44),(976,'2022-09-20 14:50:48.000000',17,'N','','',44),(977,'2024-03-16 10:37:41.000000',94,'N','','',44),(978,'2022-09-02 10:15:33.000000',36,'N','','',44),(979,'2022-04-08 15:35:05.000000',33,'N','','',44),(980,'2023-11-20 00:09:52.000000',15,'Y','','',44),(981,'2022-12-02 19:35:19.000000',24,'N','','',44),(982,'2024-03-18 19:12:29.000000',32,'Y','','',44),(983,'2023-02-28 23:00:08.000000',10,'N','','',44),(984,'2022-11-28 03:35:58.000000',42,'N','','',44),(985,'2024-12-28 11:05:00.000000',77,'N','','',44),(986,'2023-07-24 10:03:57.000000',47,'Y','','',44),(987,'2023-11-30 17:21:11.000000',4,'N','','',44),(988,'2024-01-07 18:44:59.000000',56,'Y','','',44),(989,'2022-09-25 10:27:51.000000',31,'N','','',44),(990,'2024-09-26 23:46:16.000000',72,'N','','',44),(991,'2023-12-10 00:45:20.000000',59,'Y','','',44),(992,'2024-04-07 10:56:34.000000',3,'Y','','',44),(993,'2022-06-12 10:22:40.000000',62,'N','','',44),(994,'2022-11-01 20:12:00.000000',17,'Y','','',44),(995,'2024-10-12 06:52:02.000000',3,'Y','','',44),(996,'2024-08-01 02:18:41.000000',42,'N','','',44),(997,'2024-09-08 06:32:35.000000',33,'N','','',44),(998,'2023-07-10 03:37:41.000000',98,'N','','',44),(999,'2023-12-21 13:48:07.000000',91,'N','','',44),(1000,'2022-04-01 14:41:42.000000',7,'N','','',44),(1001,'2022-05-06 13:33:14.000000',3,'Y','','',44),(1002,'2022-05-23 08:48:17.000000',9,'N','','',44),(1003,'2024-04-13 03:20:16.000000',93,'N','','',44),(1004,'2022-09-22 17:40:27.000000',79,'Y','','',44),(1005,'2024-12-30 08:24:34.000000',29,'N','','',44),(1006,'2024-04-28 11:43:28.000000',21,'Y','','',44),(1007,'2022-05-22 11:09:00.000000',67,'N','','',44),(1008,'2024-02-16 21:48:09.000000',32,'Y','','',44),(1009,'2024-01-19 15:18:42.000000',28,'N','','',44),(1010,'2024-04-19 02:45:28.000000',10,'N','','',44),(1011,'2024-04-01 21:06:51.000000',39,'Y','','',44),(1012,'2024-04-04 20:47:32.000000',86,'Y','','',44),(1013,'2023-10-27 12:42:30.000000',14,'N','','',44),(1014,'2022-05-22 10:35:12.000000',72,'N','','',44),(1015,'2023-08-04 07:49:12.000000',37,'Y','','',44),(1016,'2022-03-16 11:04:55.000000',74,'N','','',44),(1017,'2023-06-08 10:39:59.000000',22,'Y','','',44),(1018,'2024-06-16 07:11:48.000000',14,'N','','',44),(1019,'2024-01-27 20:20:13.000000',4,'N','','',44),(1020,'2023-09-12 10:57:07.000000',2,'N','','',44),(1021,'2022-11-26 16:32:56.000000',87,'N','','',44),(1022,'2023-02-01 13:08:56.000000',61,'Y','','',44),(1023,'2022-04-24 07:43:42.000000',53,'N','','',44),(1024,'2022-12-11 03:23:18.000000',77,'N','','',44),(1025,'2024-02-10 23:14:52.000000',43,'N','','',44),(1026,'2023-04-23 22:33:34.000000',21,'N','','',44),(1027,'2022-01-15 17:22:59.000000',72,'N','','',44),(1028,'2024-08-05 17:08:52.000000',76,'N','','',44),(1029,'2022-11-28 01:57:31.000000',85,'Y','','',44),(1030,'2024-11-16 12:20:09.000000',19,'Y','','',44),(1031,'2024-09-30 05:46:39.000000',45,'N','','',44),(1032,'2024-07-07 05:53:12.000000',76,'Y','','',44),(1033,'2023-03-02 01:18:57.000000',82,'Y','','',44),(1034,'2022-05-30 20:32:27.000000',64,'N','','',44),(1035,'2023-08-16 11:19:59.000000',25,'N','','',44),(1036,'2023-11-14 10:22:26.000000',95,'N','','',44),(1037,'2024-07-29 08:03:59.000000',53,'N','','',44),(1038,'2024-12-02 03:41:03.000000',95,'Y','','',44),(1039,'2024-08-17 19:08:02.000000',2,'Y','','',44),(1040,'2022-07-02 15:08:12.000000',63,'N','','',44),(1041,'2023-03-03 10:16:25.000000',87,'N','','',44),(1042,'2024-08-22 07:14:15.000000',55,'Y','','',44),(1043,'2024-02-26 06:07:49.000000',22,'Y','','',44),(1044,'2023-02-26 23:10:57.000000',70,'Y','','',44),(1045,'2024-01-29 20:37:10.000000',83,'Y','','',44),(1046,'2023-03-29 18:04:04.000000',89,'Y','','',44),(1047,'2022-10-25 05:04:23.000000',66,'Y','','',44),(1048,'2022-06-04 08:50:30.000000',22,'Y','','',44),(1049,'2023-08-12 17:39:12.000000',10,'Y','','',44),(1050,'2022-11-11 20:10:42.000000',13,'Y','','',44),(1051,'2024-05-05 18:17:33.000000',5,'Y','','',44),(1052,'2024-09-23 04:42:56.000000',99,'Y','','',44),(1053,'2024-01-30 09:00:00.000000',98,'N','','',44),(1054,'2023-11-04 23:10:15.000000',91,'N','','',44),(1055,'2022-09-18 15:29:25.000000',88,'N','','',44),(1056,'2022-05-03 01:47:59.000000',31,'N','','',44),(1057,'2024-07-26 14:46:31.000000',80,'N','','',44),(1058,'2023-07-17 09:31:25.000000',39,'N','','',44),(1059,'2023-10-07 19:24:36.000000',56,'Y','','',44),(1060,'2024-12-23 02:55:14.000000',74,'N','','',44),(1061,'2024-02-16 04:24:38.000000',91,'N','','',44),(1062,'2023-11-14 20:13:06.000000',32,'N','','',44),(1063,'2022-09-07 14:00:16.000000',4,'Y','','',44),(1064,'2023-08-29 05:17:40.000000',14,'Y','','',44),(1065,'2023-06-06 12:17:55.000000',74,'N','','',44),(1066,'2024-11-15 23:46:51.000000',9,'Y','','',44),(1067,'2024-02-27 21:09:38.000000',15,'N','','',44),(1068,'2024-04-04 00:25:14.000000',7,'Y','','',44),(1069,'2023-01-06 06:35:53.000000',35,'N','','',44),(1070,'2022-12-03 01:28:24.000000',77,'Y','','',44),(1071,'2022-01-06 16:53:07.000000',23,'Y','','',44),(1072,'2024-05-16 21:22:12.000000',39,'Y','','',44),(1073,'2023-01-29 07:50:43.000000',76,'Y','','',44),(1074,'2022-05-15 05:51:31.000000',57,'Y','','',44),(1075,'2023-03-27 04:08:11.000000',47,'N','','',44),(1076,'2022-07-01 23:47:27.000000',20,'N','','',44),(1077,'2023-04-09 18:00:15.000000',76,'Y','','',44),(1078,'2022-01-20 11:34:28.000000',45,'Y','','',44),(1079,'2024-10-08 17:52:01.000000',47,'N','','',44),(1080,'2022-10-04 19:38:58.000000',32,'Y','','',44),(1081,'2024-10-23 17:03:17.000000',72,'N','','',44),(1082,'2023-07-29 06:22:29.000000',54,'Y','','',44),(1083,'2023-12-07 21:07:17.000000',53,'N','','',44),(1084,'2023-12-09 00:06:05.000000',44,'N','','',44),(1085,'2024-10-01 08:52:18.000000',26,'N','','',44),(1086,'2022-03-03 23:30:54.000000',91,'Y','','',44),(1087,'2023-03-25 22:09:05.000000',38,'N','','',44),(1088,'2024-06-24 12:39:18.000000',85,'Y','','',44),(1089,'2024-08-30 15:28:56.000000',69,'Y','','',44),(1090,'2024-01-02 09:13:29.000000',57,'N','','',44),(1091,'2024-01-29 22:09:50.000000',67,'Y','','',44),(1092,'2024-05-11 15:53:43.000000',45,'Y','','',44),(1093,'2024-09-10 05:39:31.000000',26,'Y','','',44),(1094,'2024-05-10 20:56:07.000000',82,'N','','',44),(1095,'2023-10-07 18:23:15.000000',25,'Y','','',44),(1096,'2023-07-25 14:13:31.000000',40,'N','','',44),(1097,'2024-02-27 19:57:54.000000',54,'N','','',44),(1098,'2024-06-26 17:42:22.000000',10,'Y','','',44),(1099,'2022-03-07 21:03:21.000000',42,'N','','',44),(1100,'2024-11-28 17:05:09.000000',8,'N','','',44),(1101,'2022-08-28 01:28:16.000000',13,'Y','','',44),(1102,'2023-10-09 10:02:04.000000',19,'Y','','',44),(1103,'2024-06-09 18:33:00.000000',9,'N','','',44),(1104,'2024-04-09 18:19:54.000000',37,'N','','',44),(1105,'2023-06-13 21:34:53.000000',36,'Y','','',44),(1106,'2023-11-20 14:44:23.000000',68,'N','','',44),(1107,'2023-10-25 23:16:43.000000',83,'Y','','',44),(1108,'2023-12-19 00:46:42.000000',90,'Y','','',44),(1109,'2024-01-21 15:09:12.000000',32,'N','','',44),(1110,'2023-06-15 11:43:04.000000',52,'Y','','',44),(1111,'2023-10-22 14:23:28.000000',86,'Y','','',44),(1112,'2023-05-05 23:20:33.000000',28,'N','','',44),(1113,'2022-07-02 06:52:47.000000',59,'Y','','',44),(1114,'2023-03-13 20:24:32.000000',60,'N','','',44),(1115,'2023-08-10 13:25:39.000000',53,'N','','',44),(1116,'2023-12-30 23:46:50.000000',63,'N','','',44),(1117,'2024-10-22 10:29:16.000000',33,'N','','',44),(1118,'2024-04-20 00:31:57.000000',31,'Y','','',44),(1119,'2023-11-11 22:02:04.000000',34,'N','','',44),(1120,'2024-05-17 17:20:13.000000',94,'Y','','',44),(1121,'2023-05-15 07:28:53.000000',3,'Y','','',44),(1122,'2024-07-26 21:40:30.000000',74,'N','','',44),(1123,'2024-05-19 00:01:14.000000',86,'N','','',44),(1124,'2022-03-19 16:02:02.000000',74,'Y','','',44),(1125,'2024-12-16 10:47:42.000000',50,'N','','',44),(1126,'2023-11-07 12:13:21.000000',78,'Y','','',44),(1127,'2023-05-31 09:30:05.000000',43,'Y','','',44),(1128,'2023-04-29 07:14:06.000000',48,'Y','','',44),(1129,'2024-11-20 05:32:02.000000',25,'Y','','',44),(1130,'2023-12-30 05:43:42.000000',89,'Y','','',44),(1131,'2024-02-04 23:12:32.000000',29,'Y','','',44),(1132,'2024-04-03 02:48:38.000000',77,'Y','','',44),(1133,'2022-04-17 20:32:39.000000',95,'N','','',44),(1134,'2022-03-10 02:04:46.000000',17,'Y','','',44),(1135,'2023-10-24 19:10:27.000000',17,'Y','','',44),(1136,'2024-09-28 04:14:48.000000',70,'Y','','',44),(1137,'2024-02-02 01:18:00.000000',67,'Y','','',44),(1138,'2024-09-28 16:59:35.000000',73,'N','','',44),(1139,'2023-01-12 04:59:18.000000',57,'Y','','',44),(1140,'2023-01-04 12:08:20.000000',50,'N','','',44),(1141,'2022-09-15 02:05:56.000000',59,'N','','',44),(1142,'2023-02-14 10:19:24.000000',8,'N','','',44),(1143,'2022-03-24 09:27:22.000000',60,'N','','',44),(1144,'2024-03-18 01:56:18.000000',46,'Y','','',44),(1145,'2023-10-10 12:07:06.000000',46,'Y','','',44),(1146,'2023-10-16 21:34:00.000000',22,'N','','',44),(1147,'2022-03-12 11:02:17.000000',32,'Y','','',44),(1148,'2024-08-08 01:31:09.000000',41,'N','','',44),(1149,'2022-01-31 08:47:10.000000',34,'N','','',44),(1150,'2023-07-09 03:45:39.000000',1,'Y','','',44),(1151,'2022-10-23 13:55:48.000000',17,'N','','',44),(1152,'2023-08-05 15:22:11.000000',8,'N','','',44),(1153,'2022-09-09 02:53:38.000000',27,'Y','','',44),(1154,'2022-05-14 07:56:27.000000',82,'N','','',44),(1155,'2024-07-08 00:48:06.000000',34,'Y','','',44),(1156,'2022-12-10 20:39:39.000000',73,'Y','','',44),(1157,'2023-12-21 17:36:40.000000',71,'Y','','',44),(1158,'2024-08-17 14:00:56.000000',67,'N','','',44),(1159,'2024-10-26 03:05:40.000000',35,'Y','','',44),(1160,'2024-03-02 02:52:25.000000',5,'Y','','',44),(1161,'2022-02-16 16:08:20.000000',91,'N','','',44),(1162,'2022-06-18 21:01:18.000000',44,'N','','',44),(1163,'2023-08-18 10:08:03.000000',54,'N','','',44),(1164,'2024-09-06 17:57:21.000000',60,'N','','',44),(1165,'2023-11-04 22:06:53.000000',7,'N','','',44),(1166,'2023-09-29 01:12:50.000000',61,'Y','','',44),(1167,'2022-12-12 03:28:46.000000',18,'Y','','',44),(1168,'2023-11-05 03:35:40.000000',87,'N','','',44),(1169,'2024-09-01 00:30:14.000000',65,'Y','','',44),(1170,'2023-01-13 08:41:14.000000',79,'Y','','',44),(1171,'2022-04-27 03:18:57.000000',14,'Y','','',44),(1172,'2024-10-03 22:51:46.000000',70,'Y','','',44),(1173,'2023-07-20 17:36:06.000000',11,'N','','',44),(1174,'2024-02-06 02:28:44.000000',2,'Y','','',44),(1175,'2022-01-15 07:59:26.000000',19,'N','','',44),(1176,'2023-12-01 07:59:43.000000',54,'Y','','',44),(1177,'2023-09-30 07:37:50.000000',67,'Y','','',44),(1178,'2024-04-09 08:36:36.000000',69,'N','','',44),(1179,'2022-09-24 23:38:39.000000',24,'N','','',44),(1180,'2023-08-11 09:16:18.000000',52,'N','','',44),(1181,'2022-10-28 03:36:29.000000',42,'Y','','',44),(1182,'2024-12-28 01:05:47.000000',67,'Y','','',44),(1183,'2023-07-23 16:40:37.000000',51,'N','','',44),(1184,'2022-09-28 03:50:43.000000',81,'N','','',44),(1185,'2023-07-12 21:33:15.000000',8,'Y','','',44),(1186,'2022-09-24 23:14:02.000000',96,'N','','',44),(1187,'2023-10-25 07:06:36.000000',63,'N','','',44),(1188,'2023-08-21 05:45:32.000000',50,'Y','','',44),(1189,'2023-09-28 23:16:08.000000',6,'Y','','',44),(1190,'2024-03-15 05:38:17.000000',60,'N','','',44),(1191,'2024-10-17 01:22:48.000000',23,'Y','','',44),(1192,'2023-12-27 08:42:37.000000',50,'Y','','',44),(1193,'2024-07-21 21:56:17.000000',78,'N','','',44),(1194,'2022-04-01 22:37:49.000000',26,'N','','',44),(1195,'2022-01-11 07:29:12.000000',71,'N','','',44),(1196,'2023-11-21 20:13:00.000000',98,'Y','','',44),(1197,'2022-02-06 06:27:35.000000',12,'Y','','',44),(1198,'2023-03-12 11:02:28.000000',5,'Y','','',44),(1199,'2024-11-13 09:43:03.000000',36,'N','','',44),(1200,'2023-11-20 11:19:45.000000',55,'N','','',44),(1201,'2023-01-22 14:25:32.000000',88,'Y','','',44),(1202,'2024-07-28 23:38:07.000000',52,'Y','','',44),(1203,'2023-12-23 03:24:00.000000',61,'Y','','',44),(1204,'2022-08-26 20:29:50.000000',57,'N','','',44),(1205,'2023-08-17 06:11:16.000000',38,'Y','','',44),(1206,'2023-10-06 00:05:02.000000',83,'Y','','',44),(1207,'2022-05-21 04:05:48.000000',59,'Y','','',44),(1208,'2023-04-18 13:27:45.000000',39,'N','','',44),(1209,'2023-06-09 03:43:41.000000',81,'Y','','',44),(1210,'2024-11-13 09:43:16.000000',71,'N','','',44),(1211,'2024-05-01 21:27:49.000000',47,'N','','',44),(1212,'2023-04-22 13:21:19.000000',47,'N','','',44),(1213,'2024-11-26 14:26:31.000000',25,'Y','','',44),(1214,'2023-05-17 00:11:35.000000',77,'Y','','',44),(1215,'2022-05-03 03:13:24.000000',3,'Y','','',44),(1216,'2023-12-07 11:10:32.000000',57,'N','','',44),(1217,'2024-01-21 03:28:15.000000',85,'N','','',44),(1218,'2022-01-23 05:09:19.000000',57,'Y','','',44),(1219,'2024-12-28 12:04:51.000000',94,'Y','','',44),(1220,'2024-01-13 18:40:57.000000',25,'Y','','',44),(1221,'2023-12-03 11:57:48.000000',30,'Y','','',44),(1222,'2024-01-22 05:26:45.000000',5,'N','','',44),(1223,'2023-05-01 09:21:06.000000',39,'N','','',44),(1224,'2022-11-29 02:35:34.000000',33,'N','','',44),(1225,'2024-09-13 01:53:02.000000',81,'Y','','',44),(1226,'2022-09-25 09:14:57.000000',51,'N','','',44),(1227,'2022-01-17 07:49:08.000000',17,'N','','',44),(1228,'2023-07-29 23:11:30.000000',94,'N','','',44),(1229,'2023-01-02 07:35:13.000000',90,'Y','','',44),(1230,'2023-02-07 22:50:16.000000',53,'Y','','',44),(1231,'2022-04-21 09:53:03.000000',88,'N','','',44),(1232,'2023-12-01 15:21:57.000000',47,'Y','','',44),(1233,'2023-04-27 10:05:21.000000',70,'N','','',44),(1234,'2024-12-04 08:07:32.000000',20,'N','','',44),(1235,'2024-06-26 18:09:38.000000',4,'N','','',44),(1236,'2022-05-24 09:53:39.000000',27,'Y','','',44),(1237,'2024-04-23 11:48:25.000000',78,'Y','','',44),(1238,'2023-10-09 22:00:04.000000',6,'Y','','',44),(1239,'2023-04-26 17:45:08.000000',75,'Y','','',44),(1240,'2022-02-14 00:09:25.000000',25,'Y','','',44),(1241,'2024-07-22 03:01:17.000000',59,'Y','','',44),(1242,'2022-02-17 18:42:39.000000',85,'N','','',44),(1243,'2024-12-05 23:12:19.000000',52,'N','','',44),(1244,'2024-02-05 18:32:30.000000',96,'N','','',44),(1245,'2024-05-19 20:10:54.000000',53,'Y','','',44),(1246,'2024-06-09 02:03:35.000000',41,'Y','','',44),(1247,'2023-06-07 01:24:22.000000',17,'N','','',44),(1248,'2024-01-17 00:30:49.000000',28,'Y','','',44),(1249,'2023-10-08 01:37:15.000000',90,'Y','','',44),(1250,'2023-02-01 08:40:45.000000',27,'N','','',44),(1251,'2024-04-14 07:08:29.000000',45,'N','','',44),(1252,'2023-03-23 00:29:08.000000',30,'N','','',44),(1253,'2023-10-01 15:51:01.000000',86,'N','','',44),(1254,'2023-01-25 15:32:39.000000',6,'Y','','',44),(1255,'2022-09-11 15:30:49.000000',87,'Y','','',44),(1256,'2022-04-29 20:06:31.000000',75,'N','','',44),(1257,'2024-08-27 01:41:20.000000',43,'Y','','',44),(1258,'2023-08-12 07:45:33.000000',85,'N','','',44),(1259,'2024-08-10 15:08:45.000000',28,'N','','',44),(1260,'2024-06-07 01:32:34.000000',45,'N','','',44),(1261,'2023-09-23 23:32:25.000000',21,'Y','','',44),(1262,'2024-05-06 18:57:59.000000',63,'Y','','',44),(1263,'2022-07-08 16:46:56.000000',68,'Y','','',44),(1264,'2023-06-16 01:24:24.000000',86,'Y','','',44),(1265,'2023-01-20 16:38:49.000000',78,'N','','',44),(1266,'2022-03-31 17:01:15.000000',1,'Y','','',44),(1267,'2023-10-27 08:37:42.000000',40,'N','','',44),(1268,'2024-05-26 11:36:58.000000',75,'Y','','',44),(1269,'2022-08-19 13:53:19.000000',74,'Y','','',44),(1270,'2022-06-25 14:05:15.000000',85,'N','','',44),(1271,'2023-07-03 19:58:54.000000',38,'N','','',44),(1272,'2024-10-31 15:48:58.000000',13,'Y','','',44),(1273,'2023-06-28 00:08:01.000000',8,'N','','',44),(1274,'2023-01-12 00:54:05.000000',76,'Y','','',44),(1275,'2022-12-25 09:13:55.000000',31,'N','','',44),(1276,'2024-12-09 14:43:43.000000',85,'N','','',44),(1277,'2023-03-23 07:16:44.000000',75,'N','','',44),(1278,'2023-09-14 12:38:13.000000',38,'Y','','',44),(1279,'2022-06-07 02:11:51.000000',39,'N','','',44),(1280,'2022-11-10 07:49:23.000000',5,'N','','',44),(1281,'2022-06-25 10:41:20.000000',82,'Y','','',44),(1282,'2022-01-02 20:23:47.000000',17,'N','','',44),(1283,'2023-10-25 00:59:47.000000',74,'N','','',44),(1284,'2023-06-01 16:03:30.000000',22,'Y','','',44),(1285,'2022-10-04 22:46:23.000000',21,'N','','',44),(1286,'2022-07-06 00:51:30.000000',69,'N','','',44),(1287,'2023-12-27 18:45:41.000000',88,'N','','',44),(1288,'2024-02-15 14:07:25.000000',65,'N','','',44),(2176,'2021-08-27 21:32:50.000000',34,'N','','',46),(2177,'2024-03-08 06:18:30.000000',93,'N','','',46),(2178,'2020-03-28 19:10:00.000000',53,'Y','','',46),(2179,'2021-11-28 17:22:19.000000',80,'Y','','',46),(2180,'2020-12-17 04:55:45.000000',9,'N','','',46),(2181,'2020-11-28 10:33:19.000000',93,'N','','',46),(2182,'2018-04-12 02:41:15.000000',99,'Y','','',46),(2183,'2024-03-04 16:44:22.000000',61,'Y','','',46),(2184,'2018-02-06 10:24:40.000000',14,'N','','',46),(2185,'2023-01-28 15:24:17.000000',81,'Y','','',46),(2186,'2019-06-01 14:49:12.000000',35,'Y','','',46),(2187,'2020-10-28 18:05:09.000000',63,'Y','','',46),(2188,'2022-04-20 00:03:59.000000',83,'Y','','',46),(2189,'2021-06-24 05:19:51.000000',7,'N','','',46),(2190,'2020-05-02 03:15:54.000000',57,'Y','','',46),(2191,'2019-08-16 12:28:53.000000',26,'Y','','',46),(2192,'2019-11-26 04:14:36.000000',96,'Y','','',46),(2193,'2019-03-20 10:52:11.000000',68,'Y','','',46),(2194,'2019-01-17 04:40:36.000000',67,'N','','',46),(2195,'2023-10-29 20:13:34.000000',80,'N','','',46),(2196,'2023-03-12 19:36:50.000000',29,'Y','','',46),(2197,'2023-01-29 09:02:44.000000',4,'Y','','',46),(2198,'2020-08-06 23:58:55.000000',42,'Y','','',46),(2199,'2020-09-22 19:46:49.000000',65,'N','','',46),(2200,'2019-08-23 18:39:36.000000',53,'N','','',46),(2201,'2021-07-18 09:57:41.000000',40,'N','','',46),(2202,'2023-11-26 21:33:42.000000',60,'Y','','',46),(2203,'2022-03-26 12:47:10.000000',27,'N','','',46),(2204,'2024-07-04 19:14:09.000000',75,'N','','',46),(2205,'2022-11-30 01:36:00.000000',46,'N','','',46),(2206,'2019-09-19 12:35:50.000000',97,'Y','','',46),(2207,'2018-10-04 08:53:24.000000',46,'Y','','',46),(2208,'2018-11-12 01:14:08.000000',92,'Y','','',46),(2209,'2021-03-08 05:11:11.000000',57,'Y','','',46),(2210,'2020-07-01 17:04:15.000000',81,'Y','','',46),(2211,'2023-08-13 04:07:31.000000',72,'Y','','',46),(2212,'2023-01-29 16:52:58.000000',26,'N','','',46),(2213,'2024-01-08 14:27:00.000000',48,'Y','','',46),(2214,'2019-06-28 14:16:02.000000',64,'N','','',46),(2215,'2020-10-16 13:05:12.000000',5,'Y','','',46),(2216,'2018-12-15 04:50:04.000000',98,'N','','',46),(2217,'2023-10-24 20:39:25.000000',7,'N','','',46),(2218,'2024-08-20 02:48:13.000000',90,'Y','','',46),(2219,'2021-05-14 20:32:11.000000',84,'Y','','',46),(2220,'2020-11-06 00:42:42.000000',7,'N','','',46),(2221,'2024-04-06 06:35:27.000000',10,'N','','',46),(2222,'2023-12-03 17:03:40.000000',98,'Y','','',46),(2223,'2020-11-08 08:51:47.000000',2,'N','','',46),(2224,'2024-08-22 17:37:16.000000',25,'Y','','',46),(2225,'2023-07-07 00:30:00.000000',2,'N','','',46),(2226,'2023-04-01 00:42:18.000000',9,'N','','',46),(2227,'2019-02-03 05:54:52.000000',8,'Y','','',46),(2228,'2019-09-05 12:12:56.000000',55,'N','','',46),(2229,'2018-07-19 17:14:30.000000',72,'N','','',46),(2230,'2018-07-28 07:41:26.000000',97,'Y','','',46),(2231,'2019-06-21 03:28:59.000000',77,'N','','',46),(2232,'2019-07-21 16:09:31.000000',49,'Y','','',46),(2233,'2024-07-22 16:48:50.000000',62,'N','','',46),(2234,'2018-07-24 23:32:57.000000',52,'Y','','',46),(2235,'2022-03-11 02:06:31.000000',94,'N','','',46),(2236,'2018-04-17 23:16:35.000000',44,'Y','','',46),(2237,'2018-11-30 20:32:46.000000',52,'N','','',46),(2238,'2021-06-16 11:17:24.000000',76,'N','','',46),(2239,'2023-07-07 00:25:00.000000',23,'Y','','',46),(2240,'2018-02-04 10:39:29.000000',85,'N','','',46),(2241,'2018-12-14 16:43:25.000000',21,'N','','',46),(2242,'2022-08-13 07:51:33.000000',31,'N','','',46),(2243,'2020-04-02 14:30:34.000000',58,'Y','','',46),(2244,'2021-10-30 02:54:19.000000',70,'N','','',46),(2245,'2018-05-05 03:06:39.000000',51,'Y','','',46),(2246,'2019-12-31 07:31:42.000000',6,'Y','','',46),(2247,'2023-04-27 06:20:18.000000',87,'N','','',46),(2248,'2019-04-14 16:29:28.000000',1,'N','','',46),(2249,'2024-04-18 17:05:00.000000',73,'Y','','',46),(2250,'2022-04-09 03:04:24.000000',88,'N','','',46),(2251,'2022-08-15 07:18:40.000000',31,'N','','',46),(2252,'2024-11-13 06:12:39.000000',6,'N','','',46),(2253,'2018-01-26 19:11:49.000000',92,'Y','','',46),(2254,'2021-04-25 23:11:39.000000',7,'Y','','',46),(2255,'2021-10-01 11:15:23.000000',99,'Y','','',46),(2256,'2023-05-19 19:23:28.000000',46,'N','','',46),(2257,'2023-11-13 23:52:52.000000',82,'Y','','',46),(2258,'2021-10-09 05:08:59.000000',3,'Y','','',46),(2259,'2023-12-15 05:13:36.000000',10,'N','','',46),(2260,'2019-11-09 16:47:34.000000',49,'Y','','',46),(2261,'2020-12-04 13:28:31.000000',55,'N','','',46),(2262,'2019-11-26 21:17:48.000000',12,'Y','','',46),(2263,'2018-04-23 18:17:33.000000',75,'N','','',46),(2264,'2020-06-24 13:07:31.000000',32,'N','','',46),(2265,'2018-10-21 07:39:03.000000',56,'N','','',46),(2266,'2023-01-07 23:52:58.000000',77,'N','','',46),(2267,'2018-08-25 16:19:40.000000',26,'N','','',46),(2268,'2020-03-21 18:47:28.000000',9,'Y','','',46),(2269,'2021-01-12 05:20:52.000000',45,'Y','','',46),(2270,'2024-07-29 12:58:49.000000',39,'N','','',46),(2271,'2019-04-03 17:41:02.000000',42,'Y','','',46),(2272,'2021-02-06 05:20:19.000000',43,'Y','','',46),(2273,'2023-04-29 19:41:03.000000',29,'Y','','',46),(2274,'2020-09-28 00:06:26.000000',60,'Y','','',46),(2275,'2024-10-05 08:10:32.000000',49,'Y','','',46),(2276,'2018-08-24 07:41:01.000000',71,'N','','',46),(2277,'2019-08-10 12:09:07.000000',73,'Y','','',46),(2278,'2018-11-10 06:37:32.000000',98,'N','','',46),(2279,'2021-11-25 07:58:10.000000',2,'N','','',46),(2280,'2020-10-20 13:40:08.000000',92,'Y','','',46),(2281,'2023-01-12 00:55:02.000000',40,'N','','',46),(2282,'2019-08-09 17:33:28.000000',55,'N','','',46),(2283,'2018-11-04 07:25:01.000000',54,'Y','','',46),(2284,'2024-07-23 03:40:26.000000',89,'Y','','',46),(2285,'2023-04-08 22:38:53.000000',23,'Y','','',46),(2286,'2019-03-19 13:35:22.000000',33,'Y','','',46),(2287,'2022-01-16 14:15:54.000000',21,'Y','','',46),(2288,'2020-09-24 02:49:17.000000',81,'Y','','',46),(2289,'2018-07-29 13:25:05.000000',90,'N','','',46),(2290,'2020-08-07 12:52:29.000000',82,'N','','',46),(2291,'2019-09-10 18:01:42.000000',66,'N','','',46),(2292,'2019-02-08 20:01:51.000000',91,'Y','','',46),(2293,'2021-12-14 09:21:16.000000',1,'N','','',46),(2294,'2024-01-30 03:39:52.000000',7,'N','','',46),(2295,'2024-04-07 14:03:11.000000',85,'Y','','',46),(2296,'2023-07-23 00:00:14.000000',45,'Y','','',46),(2297,'2024-11-10 22:42:42.000000',42,'Y','','',46),(2298,'2022-06-06 20:40:58.000000',29,'Y','','',46),(2299,'2021-10-19 02:17:12.000000',40,'Y','','',46),(2300,'2022-08-27 14:47:30.000000',13,'Y','','',46),(2301,'2024-10-11 05:15:33.000000',9,'Y','','',46),(2302,'2024-02-29 09:17:18.000000',12,'Y','','',46),(2303,'2018-09-27 12:57:27.000000',27,'Y','','',46),(2304,'2024-07-27 19:02:55.000000',40,'N','','',46),(2305,'2019-09-07 02:13:41.000000',20,'N','','',46),(2306,'2023-07-08 18:09:48.000000',29,'N','','',46),(2307,'2022-08-09 05:50:11.000000',55,'Y','','',46),(2308,'2019-08-31 23:51:31.000000',59,'N','','',46),(2309,'2022-04-24 06:51:18.000000',45,'Y','','',46),(2310,'2024-11-04 19:21:27.000000',43,'N','','',46),(2311,'2024-03-09 02:49:34.000000',53,'Y','','',46),(2312,'2018-07-24 19:07:20.000000',36,'N','','',46),(2313,'2023-03-31 20:01:14.000000',13,'N','','',46),(2314,'2018-02-24 20:38:30.000000',9,'N','','',46),(2315,'2024-04-20 02:26:35.000000',55,'Y','','',46),(2316,'2022-05-09 04:04:27.000000',24,'N','','',46),(2317,'2021-06-22 09:42:26.000000',45,'Y','','',46),(2318,'2019-09-13 12:13:39.000000',4,'N','','',46),(2319,'2020-06-05 17:27:07.000000',58,'Y','','',46),(2320,'2022-11-03 06:55:48.000000',10,'Y','','',46),(2321,'2019-06-15 01:31:45.000000',44,'Y','','',46),(2322,'2021-08-10 11:19:13.000000',73,'N','','',46),(2323,'2024-05-30 09:31:13.000000',72,'N','','',46),(2324,'2020-10-01 01:47:55.000000',74,'N','','',46),(2325,'2023-05-18 11:55:17.000000',23,'N','','',46),(2326,'2018-12-08 19:31:27.000000',93,'Y','','',46),(2327,'2022-03-07 11:09:07.000000',9,'Y','','',46),(2328,'2022-01-24 03:33:09.000000',62,'Y','','',46),(2329,'2018-04-14 04:49:54.000000',42,'N','','',46),(2330,'2021-05-28 04:47:35.000000',43,'Y','','',46),(2331,'2022-11-07 05:02:57.000000',22,'Y','','',46),(2332,'2024-10-11 02:24:22.000000',51,'N','','',46),(2333,'2022-11-22 03:12:10.000000',2,'Y','','',46),(2334,'2020-05-21 17:21:24.000000',66,'Y','','',46),(2335,'2022-03-10 09:06:23.000000',78,'N','','',46),(2336,'2019-11-30 01:42:47.000000',92,'Y','','',46),(2337,'2019-07-07 12:47:07.000000',45,'N','','',46),(2338,'2022-11-30 09:33:07.000000',37,'Y','','',46),(2339,'2019-01-21 15:59:31.000000',35,'N','','',46),(2340,'2021-03-18 05:35:43.000000',19,'N','','',46),(2341,'2021-02-20 06:10:34.000000',22,'Y','','',46),(2342,'2024-06-14 19:50:37.000000',41,'N','','',46),(2343,'2020-12-15 21:24:11.000000',88,'N','','',46),(2344,'2024-04-21 13:23:30.000000',40,'Y','','',46),(2345,'2020-04-19 19:13:34.000000',33,'Y','','',46),(2346,'2022-08-22 17:00:56.000000',61,'Y','','',46),(2347,'2022-05-18 01:59:53.000000',80,'Y','','',46),(2348,'2020-08-07 12:28:39.000000',30,'N','','',46),(2349,'2023-08-18 06:59:15.000000',31,'N','','',46),(2350,'2024-11-15 08:01:31.000000',22,'Y','','',46),(2351,'2020-11-07 06:43:17.000000',15,'Y','','',46),(2352,'2020-12-14 05:44:52.000000',38,'N','','',46),(2353,'2022-11-26 19:08:04.000000',3,'Y','','',46),(2354,'2021-05-02 11:31:54.000000',67,'Y','','',46),(2355,'2018-03-30 17:17:20.000000',50,'Y','','',46),(2356,'2018-10-30 01:48:35.000000',77,'Y','','',46),(2357,'2021-04-06 23:28:45.000000',17,'Y','','',46),(2358,'2022-05-06 12:33:14.000000',9,'Y','','',46),(2359,'2022-11-13 20:41:07.000000',39,'Y','','',46),(2360,'2024-10-13 07:26:57.000000',11,'N','','',46),(2361,'2018-04-03 19:49:45.000000',23,'N','','',46),(2362,'2021-05-31 03:03:01.000000',67,'N','','',46),(2363,'2019-02-10 19:16:54.000000',57,'N','','',46),(2364,'2020-09-11 00:04:29.000000',56,'N','','',46),(2365,'2022-10-28 03:22:00.000000',64,'Y','','',46),(2366,'2019-09-03 00:21:53.000000',78,'Y','','',46),(2367,'2023-11-26 19:59:46.000000',18,'Y','','',46),(2368,'2021-01-19 20:48:10.000000',72,'Y','','',46),(2369,'2020-02-10 03:25:56.000000',35,'N','','',46),(2370,'2020-07-21 14:06:47.000000',34,'N','','',46),(2371,'2018-06-23 10:51:22.000000',64,'N','','',46),(2372,'2018-07-30 20:19:55.000000',22,'N','','',46),(2373,'2022-02-02 02:45:09.000000',98,'Y','','',46),(2374,'2022-05-03 11:41:43.000000',70,'N','','',46),(2375,'2023-09-26 05:29:13.000000',92,'Y','','',46),(2376,'2019-03-28 05:38:44.000000',73,'Y','','',46),(2377,'2023-06-09 04:05:00.000000',26,'Y','','',46),(2378,'2020-02-29 19:20:56.000000',63,'Y','','',46),(2379,'2020-10-27 02:43:48.000000',70,'N','','',46),(2380,'2023-09-17 05:05:20.000000',8,'N','','',46),(2381,'2022-03-21 04:04:09.000000',36,'Y','','',46),(2382,'2024-05-03 09:45:52.000000',77,'Y','','',46),(2383,'2021-01-05 01:11:18.000000',41,'Y','','',46),(2384,'2018-12-28 06:00:26.000000',19,'N','','',46),(2385,'2023-08-15 07:56:45.000000',40,'Y','','',46),(2386,'2018-06-25 13:14:35.000000',43,'Y','','',46),(2387,'2023-09-27 09:42:51.000000',17,'N','','',46),(2388,'2020-12-29 04:36:03.000000',41,'N','','',46),(2389,'2020-01-31 17:39:09.000000',41,'Y','','',46),(2390,'2022-07-22 05:13:56.000000',12,'N','','',46),(2391,'2023-01-06 19:37:56.000000',15,'N','','',46),(2392,'2018-01-30 20:16:35.000000',49,'N','','',46),(2393,'2021-03-14 21:05:58.000000',26,'Y','','',46),(2394,'2018-03-17 01:53:04.000000',4,'N','','',46),(2395,'2018-03-27 20:10:27.000000',92,'Y','','',46),(2396,'2018-04-13 05:37:31.000000',59,'N','','',46),(2397,'2022-08-30 03:09:16.000000',81,'N','','',46),(2398,'2023-06-10 14:19:54.000000',19,'N','','',46),(2399,'2020-12-24 08:19:46.000000',67,'N','','',46),(2400,'2019-04-02 17:54:14.000000',33,'N','','',46),(2401,'2021-09-12 04:45:49.000000',65,'Y','','',46),(2402,'2024-10-10 11:06:00.000000',68,'Y','','',46),(2403,'2022-11-02 19:33:47.000000',58,'Y','','',46),(2404,'2020-09-10 08:16:02.000000',42,'N','','',46),(2405,'2022-12-31 07:37:38.000000',61,'N','','',46),(2406,'2019-11-21 16:44:59.000000',20,'Y','','',46),(2407,'2021-06-19 12:05:01.000000',43,'N','','',46),(2408,'2018-07-17 00:05:58.000000',28,'Y','','',46),(2409,'2020-05-30 11:03:20.000000',24,'Y','','',46),(2410,'2018-12-19 22:08:02.000000',41,'Y','','',46),(2411,'2019-11-24 04:50:34.000000',12,'N','','',46),(2412,'2020-12-18 15:18:03.000000',78,'Y','','',46),(2413,'2019-09-02 01:32:14.000000',53,'Y','','',46),(2414,'2019-02-22 09:25:49.000000',64,'Y','','',46),(2415,'2020-07-22 21:56:39.000000',58,'Y','','',46),(2416,'2018-01-25 10:31:35.000000',77,'Y','','',46),(2417,'2021-12-08 17:28:08.000000',84,'Y','','',46),(2418,'2023-07-03 15:49:38.000000',51,'Y','','',46),(2419,'2019-08-20 10:51:17.000000',94,'Y','','',46),(2420,'2019-01-18 02:08:33.000000',28,'Y','','',46),(2421,'2021-10-24 06:19:53.000000',27,'N','','',46),(2422,'2021-04-22 14:10:45.000000',6,'N','','',46),(2423,'2018-10-04 22:44:17.000000',60,'Y','','',46),(2424,'2024-09-16 15:32:38.000000',11,'N','','',46),(2425,'2023-09-04 00:57:58.000000',71,'N','','',46),(2426,'2021-01-06 02:49:53.000000',32,'N','','',46),(2427,'2021-10-16 23:38:16.000000',85,'N','','',46),(2428,'2024-11-21 11:48:49.000000',75,'Y','','',46),(2429,'2020-11-16 03:37:17.000000',45,'N','','',46),(2430,'2021-08-04 13:58:40.000000',9,'N','','',46),(2431,'2019-06-19 01:39:57.000000',87,'N','','',46),(2432,'2020-08-27 20:11:26.000000',15,'Y','','',46),(2433,'2018-11-24 09:10:20.000000',91,'Y','','',46),(2434,'2018-09-14 13:34:41.000000',31,'Y','','',46),(2435,'2020-10-25 11:32:54.000000',2,'Y','','',46),(2436,'2020-08-19 00:59:46.000000',35,'N','','',46),(2437,'2024-10-05 18:20:37.000000',31,'Y','','',46),(2438,'2021-09-08 21:52:35.000000',85,'N','','',46),(2439,'2022-09-03 16:35:55.000000',72,'N','','',46),(2440,'2023-08-15 23:36:53.000000',42,'N','','',46),(2441,'2020-03-10 09:16:38.000000',91,'Y','','',46),(2442,'2020-01-28 06:50:22.000000',43,'Y','','',46),(2443,'2024-05-08 11:32:08.000000',48,'N','','',46),(2444,'2023-10-08 18:53:38.000000',50,'Y','','',46),(2445,'2019-12-24 09:55:15.000000',58,'N','','',46),(2446,'2018-11-11 04:46:12.000000',87,'Y','','',46),(2447,'2019-11-14 09:13:37.000000',95,'N','','',46),(2448,'2022-02-06 20:59:26.000000',99,'N','','',46),(2449,'2023-08-09 13:10:25.000000',7,'Y','','',46),(2450,'2021-10-08 05:14:21.000000',80,'Y','','',46),(2451,'2022-10-22 15:43:56.000000',4,'Y','','',46),(2452,'2024-11-05 21:59:39.000000',77,'Y','','',46),(2453,'2023-12-30 01:41:13.000000',21,'Y','','',46),(2454,'2024-08-02 22:39:12.000000',59,'Y','','',46),(2455,'2022-02-04 05:04:35.000000',63,'N','','',46),(2456,'2021-08-07 22:46:28.000000',92,'N','','',46),(2457,'2020-10-17 04:12:53.000000',97,'N','','',46),(2458,'2023-01-04 02:53:36.000000',64,'Y','','',46),(2459,'2024-04-12 09:51:58.000000',16,'Y','','',46),(2460,'2019-04-19 23:01:48.000000',48,'Y','','',46),(2461,'2020-07-12 03:30:10.000000',47,'Y','','',46),(2462,'2020-07-18 18:28:24.000000',5,'Y','','',46),(2463,'2020-09-24 21:15:53.000000',52,'Y','','',46),(2464,'2022-05-17 18:17:20.000000',8,'N','','',46),(2465,'2018-12-25 12:10:15.000000',80,'Y','','',46),(2466,'2018-10-18 05:29:00.000000',73,'N','','',46),(2467,'2019-12-15 08:45:27.000000',70,'Y','','',46),(2468,'2024-04-09 07:18:17.000000',44,'N','','',46),(2469,'2022-05-05 13:08:47.000000',2,'N','','',46),(2470,'2021-03-03 10:24:55.000000',40,'Y','','',46),(2471,'2022-10-12 12:00:17.000000',24,'N','','',46),(2472,'2021-11-13 10:18:07.000000',87,'Y','','',46),(2473,'2023-11-07 23:37:04.000000',21,'N','','',46),(2474,'2019-03-01 23:38:24.000000',81,'N','','',46),(2475,'2020-04-28 04:10:03.000000',60,'Y','','',46),(2476,'2023-03-06 04:46:45.000000',39,'Y','','',46),(2477,'2024-03-11 05:18:45.000000',94,'N','','',46),(2478,'2022-11-07 18:01:17.000000',25,'Y','','',46),(2479,'2024-08-12 09:56:02.000000',16,'Y','','',46),(2480,'2023-06-06 08:05:34.000000',4,'Y','','',46),(2481,'2024-05-01 19:34:28.000000',55,'N','','',46),(2482,'2022-09-07 07:30:19.000000',17,'N','','',46),(2483,'2023-09-30 18:49:33.000000',10,'Y','','',46),(2484,'2022-10-11 21:28:27.000000',61,'Y','','',46),(2485,'2024-06-02 02:42:04.000000',62,'Y','','',46),(2486,'2023-03-07 12:46:35.000000',36,'N','','',46),(2487,'2024-10-15 14:41:19.000000',48,'N','','',46),(2488,'2024-06-23 11:10:09.000000',90,'N','','',46),(2489,'2022-07-03 06:20:44.000000',48,'N','','',46),(2490,'2023-12-03 23:26:07.000000',82,'N','','',46),(2491,'2023-05-11 21:31:40.000000',5,'N','','',46),(2492,'2022-08-01 04:29:13.000000',80,'N','','',46),(2493,'2023-10-09 07:06:26.000000',61,'Y','','',46),(2494,'2023-05-23 02:23:20.000000',84,'Y','','',46),(2495,'2023-09-06 11:09:58.000000',12,'N','','',46),(2496,'2024-10-14 14:06:45.000000',39,'Y','','',46),(2497,'2022-01-30 17:41:00.000000',8,'N','','',46),(2498,'2024-12-01 13:39:08.000000',49,'N','','',46),(2499,'2022-06-02 23:20:30.000000',44,'Y','','',46),(2500,'2022-01-20 19:49:56.000000',13,'N','','',46),(2501,'2023-02-02 14:40:53.000000',33,'N','','',46),(2502,'2022-02-11 14:55:25.000000',86,'N','','',46),(2503,'2024-02-28 07:07:43.000000',83,'N','','',46),(2504,'2024-10-06 20:22:33.000000',67,'N','','',46),(2505,'2024-12-21 03:27:27.000000',98,'Y','','',46),(2506,'2023-02-05 10:04:56.000000',33,'N','','',46),(2507,'2022-11-25 20:00:48.000000',93,'N','','',46),(2508,'2023-04-22 00:39:43.000000',94,'N','','',46),(2509,'2023-09-10 23:39:29.000000',52,'Y','','',46),(2510,'2024-10-01 01:36:38.000000',48,'N','','',46),(2511,'2022-12-28 07:44:47.000000',47,'Y','','',46),(2512,'2022-05-30 05:52:39.000000',51,'N','','',46),(2513,'2023-07-17 19:26:36.000000',99,'N','','',46),(2514,'2024-11-09 16:57:11.000000',56,'N','','',46),(2515,'2023-07-23 20:04:50.000000',20,'N','','',46),(2516,'2024-07-12 13:57:07.000000',19,'N','','',46),(2517,'2023-03-24 07:06:18.000000',14,'Y','','',46),(2518,'2023-08-09 08:22:22.000000',79,'Y','','',46),(2519,'2024-11-08 14:48:27.000000',60,'N','','',46),(2520,'2022-03-08 08:36:19.000000',76,'N','','',46),(2521,'2023-07-14 00:10:10.000000',44,'Y','','',46),(2522,'2024-04-19 12:12:47.000000',71,'Y','','',46),(2523,'2024-11-28 05:08:09.000000',74,'Y','','',46),(2524,'2023-08-04 02:19:33.000000',21,'Y','','',46),(2525,'2023-07-21 21:34:38.000000',82,'N','','',46),(2526,'2022-02-14 10:56:44.000000',7,'N','','',46),(2527,'2024-05-30 21:57:23.000000',52,'N','','',46),(2528,'2023-10-24 03:05:09.000000',78,'Y','','',46),(2529,'2024-05-19 16:57:25.000000',19,'Y','','',46),(2530,'2024-09-18 01:03:19.000000',77,'N','','',46),(2531,'2024-04-01 09:26:22.000000',35,'Y','','',46),(2532,'2023-02-21 12:48:38.000000',21,'Y','','',46),(2533,'2023-07-04 04:17:20.000000',38,'N','','',46),(2534,'2024-03-03 04:16:38.000000',76,'Y','','',46),(2535,'2024-02-26 09:52:24.000000',66,'Y','','',46),(2536,'2023-06-26 12:47:23.000000',92,'Y','','',46),(2537,'2023-03-20 09:08:10.000000',88,'N','','',46),(2538,'2023-11-18 12:11:40.000000',32,'Y','','',46),(2539,'2023-02-03 02:57:25.000000',22,'N','','',46),(2540,'2022-11-27 03:32:55.000000',67,'N','','',46),(2541,'2024-06-25 14:24:17.000000',96,'N','','',46),(2542,'2023-03-05 22:35:59.000000',37,'Y','','',46),(2543,'2023-03-31 22:04:39.000000',66,'Y','','',46),(2544,'2022-01-08 07:42:31.000000',87,'N','','',46),(2545,'2024-07-15 03:07:28.000000',34,'N','','',46),(2546,'2024-10-28 17:38:45.000000',31,'Y','','',46),(2547,'2024-01-02 19:10:48.000000',89,'Y','','',46),(2548,'2022-12-03 18:01:56.000000',95,'N','','',46),(2549,'2024-06-16 18:47:47.000000',3,'Y','','',46),(2550,'2023-10-31 10:50:30.000000',31,'Y','','',46),(2551,'2022-09-23 12:17:05.000000',92,'Y','','',46),(2552,'2024-06-19 18:13:34.000000',59,'N','','',46),(2553,'2024-11-01 05:49:56.000000',40,'N','','',46),(2554,'2022-10-03 21:23:15.000000',46,'Y','','',46),(2555,'2022-04-05 07:42:10.000000',82,'N','','',46),(2556,'2024-01-14 16:48:33.000000',49,'N','','',46),(2557,'2023-09-09 09:56:21.000000',60,'Y','','',46),(2558,'2024-12-06 05:42:12.000000',80,'Y','','',46),(2559,'2024-04-26 10:47:41.000000',38,'N','','',46),(2560,'2023-01-06 17:49:25.000000',52,'N','','',46),(2561,'2024-04-03 21:36:43.000000',27,'Y','','',46),(2562,'2023-09-05 06:11:20.000000',15,'Y','','',46),(2563,'2024-12-30 15:39:12.000000',67,'Y','','',46),(2564,'2024-03-26 10:09:06.000000',20,'Y','','',46),(2565,'2024-12-05 22:53:39.000000',38,'Y','','',46),(2566,'2023-08-20 07:51:48.000000',76,'N','','',46),(2567,'2022-03-13 03:39:44.000000',28,'N','','',46),(2568,'2022-11-22 07:47:06.000000',29,'Y','','',46),(2569,'2022-09-14 03:39:09.000000',21,'Y','','',46),(2570,'2022-06-18 23:40:01.000000',1,'N','','',46),(2571,'2023-02-13 04:34:42.000000',77,'Y','','',46),(2572,'2023-06-29 13:24:51.000000',71,'Y','','',46),(2573,'2024-07-02 00:54:16.000000',5,'N','','',46),(2574,'2023-12-25 10:40:37.000000',34,'N','','',46),(2575,'2022-01-29 16:17:14.000000',44,'Y','','',46),(2576,'2023-07-21 01:45:49.000000',98,'N','','',46),(2577,'2024-10-17 17:35:38.000000',3,'Y','','',46),(2578,'2023-09-18 17:18:11.000000',85,'Y','','',46),(2579,'2023-11-25 22:16:24.000000',50,'N','','',46),(2580,'2023-12-04 15:02:34.000000',59,'Y','','',46),(2581,'2024-06-16 22:35:52.000000',70,'N','','',46),(2582,'2022-05-19 05:08:49.000000',39,'Y','','',46),(2583,'2023-12-08 10:43:39.000000',88,'Y','','',46),(2584,'2023-10-18 05:59:41.000000',47,'Y','','',46),(2585,'2023-09-27 04:04:23.000000',4,'N','','',46),(2586,'2023-11-22 15:20:31.000000',77,'Y','','',46),(2587,'2024-02-01 10:17:14.000000',35,'N','','',46),(2588,'2022-11-08 17:51:41.000000',52,'Y','','',46),(2589,'2024-02-15 17:37:45.000000',3,'N','','',46),(2590,'2023-08-16 00:03:28.000000',90,'Y','','',46),(2591,'2024-11-10 00:18:39.000000',31,'N','','',46),(2592,'2023-10-11 09:50:32.000000',47,'N','','',46),(2593,'2024-02-28 02:14:49.000000',43,'N','','',46),(2594,'2024-01-30 21:06:11.000000',76,'Y','','',46),(2595,'2023-05-26 06:59:49.000000',62,'Y','','',46),(2596,'2024-05-13 10:40:18.000000',90,'N','','',46),(2597,'2024-10-18 22:55:31.000000',94,'Y','','',46),(2598,'2024-04-19 07:47:16.000000',50,'Y','','',46),(2599,'2022-05-12 04:15:24.000000',51,'N','','',46),(2600,'2023-07-28 13:02:54.000000',27,'N','','',46),(2601,'2023-01-13 04:23:04.000000',32,'N','','',46),(2602,'2022-06-17 05:57:37.000000',44,'Y','','',46),(2603,'2022-06-27 04:03:11.000000',99,'Y','','',46),(2604,'2022-04-01 12:28:25.000000',20,'Y','','',46),(2605,'2024-06-08 04:27:44.000000',4,'Y','','',46),(2606,'2022-12-23 14:18:55.000000',80,'N','','',46),(2607,'2022-11-05 10:13:01.000000',45,'N','','',46),(2608,'2022-10-31 21:00:12.000000',4,'Y','','',46),(2609,'2023-03-27 01:09:59.000000',74,'Y','','',46),(2610,'2022-01-08 09:54:51.000000',94,'Y','','',46),(2611,'2023-04-06 15:52:46.000000',67,'N','','',46),(2612,'2022-01-29 16:15:39.000000',58,'Y','','',46),(2613,'2023-02-25 04:51:14.000000',96,'N','','',46),(2614,'2024-05-30 07:50:06.000000',61,'Y','','',46),(2615,'2024-03-10 07:26:19.000000',91,'N','','',46),(2616,'2023-01-11 08:27:50.000000',57,'N','','',46),(2617,'2024-10-19 06:14:33.000000',29,'Y','','',46),(2618,'2024-11-14 16:41:00.000000',86,'Y','','',46),(2619,'2023-09-17 20:15:51.000000',5,'Y','','',46),(2620,'2024-02-25 13:07:45.000000',79,'N','','',46),(2621,'2023-12-14 19:02:04.000000',60,'N','','',46),(2622,'2024-10-26 19:11:49.000000',15,'N','','',46),(2623,'2022-01-23 20:25:43.000000',23,'N','','',46),(2624,'2022-01-31 19:46:33.000000',32,'N','','',46),(2625,'2024-07-17 12:27:47.000000',95,'Y','','',46),(2626,'2024-01-16 08:12:31.000000',38,'Y','','',46),(2627,'2024-04-01 11:30:25.000000',34,'Y','','',46),(2628,'2023-09-05 05:00:20.000000',47,'N','','',46),(2629,'2023-02-04 02:50:09.000000',55,'N','','',46),(2630,'2024-02-29 04:20:30.000000',28,'Y','','',46),(2631,'2022-07-20 00:35:57.000000',87,'N','','',46),(2632,'2023-07-11 22:30:40.000000',75,'Y','','',46),(2633,'2024-02-28 16:13:55.000000',19,'Y','','',46),(2634,'2023-10-31 11:52:47.000000',6,'Y','','',46),(2635,'2022-12-06 01:35:26.000000',86,'Y','','',46),(2636,'2023-10-17 17:58:04.000000',96,'Y','','',46),(2637,'2023-08-11 21:23:55.000000',33,'N','','',46),(2638,'2023-03-19 19:38:58.000000',81,'Y','','',46),(2639,'2022-09-24 02:55:55.000000',73,'N','','',46),(2640,'2023-01-20 05:42:31.000000',2,'Y','','',46),(2641,'2022-03-15 17:34:28.000000',89,'N','','',46),(2642,'2024-09-11 18:43:51.000000',86,'N','','',46),(2643,'2023-05-10 22:29:53.000000',76,'N','','',46),(2644,'2022-01-12 16:04:25.000000',33,'Y','','',46),(2645,'2024-02-08 00:21:01.000000',51,'Y','','',46),(2646,'2022-03-18 11:35:39.000000',94,'N','','',46),(2647,'2024-09-30 23:13:07.000000',28,'Y','','',46),(2648,'2023-01-28 05:55:54.000000',89,'Y','','',46),(2649,'2023-08-20 19:11:36.000000',84,'N','','',46),(2650,'2022-05-23 01:17:18.000000',16,'Y','','',46),(2651,'2024-11-01 06:16:14.000000',33,'N','','',46),(2652,'2023-02-28 23:09:48.000000',7,'N','','',46),(2653,'2024-01-21 21:00:36.000000',86,'N','','',46),(2654,'2023-01-25 18:38:01.000000',49,'Y','','',46),(2655,'2023-07-03 15:23:28.000000',30,'N','','',46),(2656,'2024-03-21 00:48:19.000000',2,'N','','',46),(2657,'2023-04-12 06:09:13.000000',11,'N','','',46),(2658,'2024-01-06 04:02:03.000000',94,'N','','',46),(2659,'2022-11-02 23:48:30.000000',66,'Y','','',46),(2660,'2023-02-15 23:14:46.000000',10,'N','','',46),(2661,'2022-08-03 18:29:02.000000',12,'Y','','',46),(2662,'2023-10-29 09:39:08.000000',12,'Y','','',46),(2663,'2023-04-22 13:31:05.000000',50,'N','','',46),(2664,'2024-01-25 00:37:11.000000',97,'N','','',46),(2665,'2023-07-07 00:03:00.000000',27,'Y','','',46),(2666,'2023-02-13 19:35:08.000000',53,'Y','','',46),(2667,'2023-09-14 11:36:54.000000',70,'N','','',46),(2668,'2024-04-26 09:51:16.000000',3,'Y','','',46),(2669,'2023-06-27 11:37:49.000000',43,'Y','','',46),(2670,'2022-03-22 22:04:07.000000',61,'N','','',46),(2671,'2024-02-26 10:53:18.000000',51,'Y','','',46),(2672,'2023-05-20 02:23:06.000000',45,'N','','',46),(2673,'2022-01-10 08:32:37.000000',75,'Y','','',46),(2674,'2023-07-02 12:11:06.000000',13,'N','','',46),(2675,'2023-05-23 19:25:36.000000',42,'N','','',46),(2676,'2023-01-27 17:33:34.000000',56,'N','','',46),(2677,'2022-10-22 22:13:58.000000',71,'Y','','',46),(2678,'2023-05-07 07:25:45.000000',99,'N','','',46),(2679,'2024-01-30 15:07:26.000000',48,'Y','','',46),(2680,'2023-02-03 03:36:12.000000',77,'Y','','',46),(2681,'2022-01-29 17:51:34.000000',54,'Y','','',46),(2682,'2023-04-24 11:53:49.000000',98,'Y','','',46),(2683,'2023-04-09 23:09:58.000000',54,'N','','',46),(2684,'2023-09-20 13:26:19.000000',61,'N','','',46),(2685,'2022-09-27 18:20:16.000000',68,'Y','','',46),(2686,'2024-01-24 10:59:10.000000',22,'Y','','',46),(2687,'2024-12-15 13:38:44.000000',88,'N','','',46),(2688,'2023-07-27 01:04:27.000000',2,'Y','','',46),(2689,'2024-10-04 09:53:19.000000',80,'N','','',46),(2690,'2023-07-07 00:19:00.000000',45,'N','','',46),(2691,'2024-02-21 11:05:42.000000',33,'N','','',46),(2692,'2023-11-15 15:50:44.000000',37,'N','','',46),(2693,'2024-09-21 02:55:04.000000',5,'N','','',46),(2694,'2023-09-21 04:52:19.000000',8,'N','','',46),(2695,'2022-03-15 10:19:25.000000',12,'Y','','',46),(2696,'2022-05-19 16:52:52.000000',72,'Y','','',46),(2697,'2022-04-24 14:38:10.000000',91,'Y','','',46),(2698,'2022-05-04 23:12:14.000000',6,'Y','','',46),(2699,'2024-07-16 00:35:27.000000',1,'Y','','',46),(2700,'2024-09-27 21:16:18.000000',4,'N','','',46),(2701,'2024-12-20 14:59:30.000000',97,'Y','','',46),(2702,'2022-09-30 09:55:14.000000',50,'N','','',46),(2703,'2023-07-22 21:34:30.000000',18,'Y','','',46),(2704,'2023-01-31 19:38:52.000000',82,'N','','',46),(2705,'2023-06-23 03:13:22.000000',81,'N','','',46),(2706,'2024-04-06 13:40:29.000000',53,'Y','','',46),(2707,'2024-01-01 03:43:36.000000',38,'N','','',46),(2708,'2023-07-21 11:29:44.000000',20,'Y','','',46),(2709,'2022-03-15 09:30:54.000000',85,'Y','','',46),(2710,'2023-01-06 12:13:45.000000',83,'N','','',46),(2711,'2022-02-13 04:59:32.000000',67,'N','','',46),(2712,'2022-10-21 09:05:43.000000',34,'N','','',46),(2713,'2024-05-04 04:16:42.000000',91,'Y','','',46),(2714,'2023-02-12 23:24:36.000000',46,'N','','',46),(2715,'2024-03-26 17:05:32.000000',82,'Y','','',46),(2716,'2024-07-30 16:50:50.000000',77,'Y','','',46),(2717,'2024-07-17 12:28:11.000000',36,'N','','',46),(2718,'2024-04-25 21:52:08.000000',14,'N','','',46),(2719,'2024-06-16 03:08:48.000000',17,'N','','',46),(2720,'2022-02-18 13:29:40.000000',13,'Y','','',46),(2721,'2023-06-12 10:11:31.000000',8,'N','','',46),(2722,'2022-08-26 07:11:56.000000',34,'Y','','',46),(2723,'2023-12-22 15:15:40.000000',94,'Y','','',46),(2724,'2023-12-08 05:34:42.000000',23,'N','','',46),(2725,'2022-01-18 13:03:05.000000',77,'N','','',46),(2726,'2023-11-09 01:07:07.000000',1,'Y','','',46),(2727,'2024-02-27 15:41:57.000000',69,'N','','',46),(2728,'2024-09-23 01:48:40.000000',13,'Y','','',46),(2729,'2022-05-08 07:06:52.000000',87,'Y','','',46),(2730,'2024-12-30 00:09:09.000000',34,'N','','',46),(2731,'2024-01-18 12:42:06.000000',76,'Y','','',46),(2732,'2024-08-08 00:55:13.000000',32,'N','','',46),(2733,'2023-02-16 15:29:12.000000',26,'N','','',46),(2734,'2023-07-18 17:40:13.000000',33,'N','','',46),(2735,'2024-04-11 19:01:01.000000',21,'Y','','',46),(2736,'2023-06-06 13:19:40.000000',26,'Y','','',46),(2737,'2023-05-05 11:48:01.000000',91,'N','','',46),(2738,'2024-01-03 16:36:21.000000',95,'N','','',46),(2739,'2023-04-29 14:29:27.000000',50,'Y','','',46),(2740,'2024-02-12 20:59:38.000000',4,'N','','',46),(2741,'2024-02-19 19:04:24.000000',15,'N','','',46),(2742,'2023-05-12 11:54:20.000000',12,'N','','',46),(2743,'2022-03-25 12:41:22.000000',25,'N','','',46),(2744,'2023-10-09 14:39:18.000000',63,'N','','',46),(2745,'2022-06-22 18:07:04.000000',32,'N','','',46),(2746,'2022-01-30 11:34:50.000000',48,'N','','',46),(2747,'2024-02-16 18:59:14.000000',95,'N','','',46),(2748,'2022-05-01 06:25:03.000000',55,'Y','','',46),(2749,'2023-08-19 17:02:10.000000',83,'N','','',46),(2750,'2022-02-14 14:50:59.000000',65,'Y','','',46),(2751,'2023-12-12 02:33:19.000000',27,'Y','','',46),(2752,'2023-07-07 00:09:00.000000',60,'Y','','',46),(2753,'2022-11-20 00:08:57.000000',69,'Y','','',46),(2754,'2023-05-26 18:23:02.000000',88,'N','','',46),(2755,'2023-08-30 21:33:33.000000',81,'Y','','',46),(2756,'2023-11-10 21:26:25.000000',74,'N','','',46),(2757,'2024-08-05 22:49:13.000000',44,'Y','','',46),(2758,'2023-08-26 16:59:02.000000',28,'Y','','',46),(2759,'2024-01-20 07:00:36.000000',37,'Y','','',46),(2760,'2023-06-17 13:51:38.000000',39,'Y','','',46),(2761,'2023-06-18 03:36:06.000000',44,'N','','',46),(2762,'2022-07-20 04:05:10.000000',75,'N','','',46),(2763,'2022-09-20 14:50:48.000000',17,'N','','',46),(2764,'2024-03-16 10:37:41.000000',94,'N','','',46),(2765,'2022-09-02 10:15:33.000000',36,'N','','',46),(2766,'2022-04-08 15:35:05.000000',33,'N','','',46),(2767,'2023-11-20 00:09:52.000000',15,'Y','','',46),(2768,'2022-12-02 19:35:19.000000',24,'N','','',46),(2769,'2024-03-18 19:12:29.000000',32,'Y','','',46),(2770,'2023-02-28 23:00:08.000000',10,'N','','',46),(2771,'2022-11-28 03:35:58.000000',42,'N','','',46),(2772,'2024-12-28 11:05:00.000000',77,'N','','',46),(2773,'2023-07-24 10:03:57.000000',47,'Y','','',46),(2774,'2023-11-30 17:21:11.000000',4,'N','','',46),(2775,'2024-01-07 18:44:59.000000',56,'Y','','',46),(2776,'2022-09-25 10:27:51.000000',31,'N','','',46),(2777,'2024-09-26 23:46:16.000000',72,'N','','',46),(2778,'2023-12-10 00:45:20.000000',59,'Y','','',46),(2779,'2024-04-07 10:56:34.000000',3,'Y','','',46),(2780,'2022-06-12 10:22:40.000000',62,'N','','',46),(2781,'2022-11-01 20:12:00.000000',17,'Y','','',46),(2782,'2024-10-12 06:52:02.000000',3,'Y','','',46),(2783,'2024-08-01 02:18:41.000000',42,'N','','',46),(2784,'2024-09-08 06:32:35.000000',33,'N','','',46),(2785,'2023-07-10 03:37:41.000000',98,'N','','',46),(2786,'2023-12-21 13:48:07.000000',91,'N','','',46),(2787,'2022-04-01 14:41:42.000000',7,'N','','',46),(2788,'2022-05-06 13:33:14.000000',3,'Y','','',46),(2789,'2022-05-23 08:48:17.000000',9,'N','','',46),(2790,'2024-04-13 03:20:16.000000',93,'N','','',46),(2791,'2022-09-22 17:40:27.000000',79,'Y','','',46),(2792,'2024-12-30 08:24:34.000000',29,'N','','',46),(2793,'2024-04-28 11:43:28.000000',21,'Y','','',46),(2794,'2022-05-22 11:09:00.000000',67,'N','','',46),(2795,'2024-02-16 21:48:09.000000',32,'Y','','',46),(2796,'2024-01-19 15:18:42.000000',28,'N','','',46),(2797,'2024-04-19 02:45:28.000000',10,'N','','',46),(2798,'2024-04-01 21:06:51.000000',39,'Y','','',46),(2799,'2024-04-04 20:47:32.000000',86,'Y','','',46),(2800,'2023-10-27 12:42:30.000000',14,'N','','',46),(2801,'2022-05-22 10:35:12.000000',72,'N','','',46),(2802,'2023-08-04 07:49:12.000000',37,'Y','','',46),(2803,'2022-03-16 11:04:55.000000',74,'N','','',46),(2804,'2023-06-08 10:39:59.000000',22,'Y','','',46),(2805,'2024-06-16 07:11:48.000000',14,'N','','',46),(2806,'2024-01-27 20:20:13.000000',4,'N','','',46),(2807,'2023-09-12 10:57:07.000000',2,'N','','',46),(2808,'2022-11-26 16:32:56.000000',87,'N','','',46),(2809,'2023-02-01 13:08:56.000000',61,'Y','','',46),(2810,'2022-04-24 07:43:42.000000',53,'N','','',46),(2811,'2022-12-11 03:23:18.000000',77,'N','','',46),(2812,'2024-02-10 23:14:52.000000',43,'N','','',46),(2813,'2023-04-23 22:33:34.000000',21,'N','','',46),(2814,'2022-01-15 17:22:59.000000',72,'N','','',46),(2815,'2024-08-05 17:08:52.000000',76,'N','','',46),(2816,'2022-11-28 01:57:31.000000',85,'Y','','',46),(2817,'2024-11-16 12:20:09.000000',19,'Y','','',46),(2818,'2024-09-30 05:46:39.000000',45,'N','','',46),(2819,'2024-07-07 05:53:12.000000',76,'Y','','',46),(2820,'2023-03-02 01:18:57.000000',82,'Y','','',46),(2821,'2022-05-30 20:32:27.000000',64,'N','','',46),(2822,'2023-08-16 11:19:59.000000',25,'N','','',46),(2823,'2023-11-14 10:22:26.000000',95,'N','','',46),(2824,'2024-07-29 08:03:59.000000',53,'N','','',46),(2825,'2024-12-02 03:41:03.000000',95,'Y','','',46),(2826,'2024-08-17 19:08:02.000000',2,'Y','','',46),(2827,'2022-07-02 15:08:12.000000',63,'N','','',46),(2828,'2023-03-03 10:16:25.000000',87,'N','','',46),(2829,'2024-08-22 07:14:15.000000',55,'Y','','',46),(2830,'2024-02-26 06:07:49.000000',22,'Y','','',46),(2831,'2023-02-26 23:10:57.000000',70,'Y','','',46),(2832,'2024-01-29 20:37:10.000000',83,'Y','','',46),(2833,'2023-03-29 18:04:04.000000',89,'Y','','',46),(2834,'2022-10-25 05:04:23.000000',66,'Y','','',46),(2835,'2022-06-04 08:50:30.000000',22,'Y','','',46),(2836,'2023-08-12 17:39:12.000000',10,'Y','','',46),(2837,'2022-11-11 20:10:42.000000',13,'Y','','',46),(2838,'2024-05-05 18:17:33.000000',5,'Y','','',46),(2839,'2024-09-23 04:42:56.000000',99,'Y','','',46),(2840,'2024-01-30 09:00:00.000000',98,'N','','',46),(2841,'2023-11-04 23:10:15.000000',91,'N','','',46),(2842,'2022-09-18 15:29:25.000000',88,'N','','',46),(2843,'2022-05-03 01:47:59.000000',31,'N','','',46),(2844,'2024-07-26 14:46:31.000000',80,'N','','',46),(2845,'2023-07-17 09:31:25.000000',39,'N','','',46),(2846,'2023-10-07 19:24:36.000000',56,'Y','','',46),(2847,'2024-12-23 02:55:14.000000',74,'N','','',46),(2848,'2024-02-16 04:24:38.000000',91,'N','','',46),(2849,'2023-11-14 20:13:06.000000',32,'N','','',46),(2850,'2022-09-07 14:00:16.000000',4,'Y','','',46),(2851,'2023-08-29 05:17:40.000000',14,'Y','','',46),(2852,'2023-06-06 12:17:55.000000',74,'N','','',46),(2853,'2024-11-15 23:46:51.000000',9,'Y','','',46),(2854,'2024-02-27 21:09:38.000000',15,'N','','',46),(2855,'2024-04-04 00:25:14.000000',7,'Y','','',46),(2856,'2023-01-06 06:35:53.000000',35,'N','','',46),(2857,'2022-12-03 01:28:24.000000',77,'Y','','',46),(2858,'2022-01-06 16:53:07.000000',23,'Y','','',46),(2859,'2024-05-16 21:22:12.000000',39,'Y','','',46),(2860,'2023-01-29 07:50:43.000000',76,'Y','','',46),(2861,'2022-05-15 05:51:31.000000',57,'Y','','',46),(2862,'2023-03-27 04:08:11.000000',47,'N','','',46),(2863,'2022-07-01 23:47:27.000000',20,'N','','',46),(2864,'2023-04-09 18:00:15.000000',76,'Y','','',46),(2865,'2022-01-20 11:34:28.000000',45,'Y','','',46),(2866,'2024-10-08 17:52:01.000000',47,'N','','',46),(2867,'2022-10-04 19:38:58.000000',32,'Y','','',46),(2868,'2024-10-23 17:03:17.000000',72,'N','','',46),(2869,'2023-07-29 06:22:29.000000',54,'Y','','',46),(2870,'2023-12-07 21:07:17.000000',53,'N','','',46),(2871,'2023-12-09 00:06:05.000000',44,'N','','',46),(2872,'2024-10-01 08:52:18.000000',26,'N','','',46),(2873,'2022-03-03 23:30:54.000000',91,'Y','','',46),(2874,'2023-03-25 22:09:05.000000',38,'N','','',46),(2875,'2024-06-24 12:39:18.000000',85,'Y','','',46),(2876,'2024-08-30 15:28:56.000000',69,'Y','','',46),(2877,'2024-01-02 09:13:29.000000',57,'N','','',46),(2878,'2024-01-29 22:09:50.000000',67,'Y','','',46),(2879,'2024-05-11 15:53:43.000000',45,'Y','','',46),(2880,'2024-09-10 05:39:31.000000',26,'Y','','',46),(2881,'2024-05-10 20:56:07.000000',82,'N','','',46),(2882,'2023-10-07 18:23:15.000000',25,'Y','','',46),(2883,'2023-07-25 14:13:31.000000',40,'N','','',46),(2884,'2024-02-27 19:57:54.000000',54,'N','','',46),(2885,'2024-06-26 17:42:22.000000',10,'Y','','',46),(2886,'2022-03-07 21:03:21.000000',42,'N','','',46),(2887,'2024-11-28 17:05:09.000000',8,'N','','',46),(2888,'2022-08-28 01:28:16.000000',13,'Y','','',46),(2889,'2023-10-09 10:02:04.000000',19,'Y','','',46),(2890,'2024-06-09 18:33:00.000000',9,'N','','',46),(2891,'2024-04-09 18:19:54.000000',37,'N','','',46),(2892,'2023-06-13 21:34:53.000000',36,'Y','','',46),(2893,'2023-11-20 14:44:23.000000',68,'N','','',46),(2894,'2023-10-25 23:16:43.000000',83,'Y','','',46),(2895,'2023-12-19 00:46:42.000000',90,'Y','','',46),(2896,'2024-01-21 15:09:12.000000',32,'N','','',46),(2897,'2023-06-15 11:43:04.000000',52,'Y','','',46),(2898,'2023-10-22 14:23:28.000000',86,'Y','','',46),(2899,'2023-05-05 23:20:33.000000',28,'N','','',46),(2900,'2022-07-02 06:52:47.000000',59,'Y','','',46),(2901,'2023-03-13 20:24:32.000000',60,'N','','',46),(2902,'2023-08-10 13:25:39.000000',53,'N','','',46),(2903,'2023-12-30 23:46:50.000000',63,'N','','',46),(2904,'2024-10-22 10:29:16.000000',33,'N','','',46),(2905,'2024-04-20 00:31:57.000000',31,'Y','','',46),(2906,'2023-11-11 22:02:04.000000',34,'N','','',46),(2907,'2024-05-17 17:20:13.000000',94,'Y','','',46),(2908,'2023-05-15 07:28:53.000000',3,'Y','','',46),(2909,'2024-07-26 21:40:30.000000',74,'N','','',46),(2910,'2024-05-19 00:01:14.000000',86,'N','','',46),(2911,'2022-03-19 16:02:02.000000',74,'Y','','',46),(2912,'2024-12-16 10:47:42.000000',50,'N','','',46),(2913,'2023-11-07 12:13:21.000000',78,'Y','','',46),(2914,'2023-05-31 09:30:05.000000',43,'Y','','',46),(2915,'2023-04-29 07:14:06.000000',48,'Y','','',46),(2916,'2024-11-20 05:32:02.000000',25,'Y','','',46),(2917,'2023-12-30 05:43:42.000000',89,'Y','','',46),(2918,'2024-02-04 23:12:32.000000',29,'Y','','',46),(2919,'2024-04-03 02:48:38.000000',77,'Y','','',46),(2920,'2022-04-17 20:32:39.000000',95,'N','','',46),(2921,'2022-03-10 02:04:46.000000',17,'Y','','',46),(2922,'2023-10-24 19:10:27.000000',17,'Y','','',46),(2923,'2024-09-28 04:14:48.000000',70,'Y','','',46),(2924,'2024-02-02 01:18:00.000000',67,'Y','','',46),(2925,'2024-09-28 16:59:35.000000',73,'N','','',46),(2926,'2023-01-12 04:59:18.000000',57,'Y','','',46),(2927,'2023-01-04 12:08:20.000000',50,'N','','',46),(2928,'2022-09-15 02:05:56.000000',59,'N','','',46),(2929,'2023-02-14 10:19:24.000000',8,'N','','',46),(2930,'2022-03-24 09:27:22.000000',60,'N','','',46),(2931,'2024-03-18 01:56:18.000000',46,'Y','','',46),(2932,'2023-10-10 12:07:06.000000',46,'Y','','',46),(2933,'2023-10-16 21:34:00.000000',22,'N','','',46),(2934,'2022-03-12 11:02:17.000000',32,'Y','','',46),(2935,'2024-08-08 01:31:09.000000',41,'N','','',46),(2936,'2022-01-31 08:47:10.000000',34,'N','','',46),(2937,'2023-07-09 03:45:39.000000',1,'Y','','',46),(2938,'2022-10-23 13:55:48.000000',17,'N','','',46),(2939,'2023-08-05 15:22:11.000000',8,'N','','',46),(2940,'2022-09-09 02:53:38.000000',27,'Y','','',46),(2941,'2022-05-14 07:56:27.000000',82,'N','','',46),(2942,'2024-07-08 00:48:06.000000',34,'Y','','',46),(2943,'2022-12-10 20:39:39.000000',73,'Y','','',46),(2944,'2023-12-21 17:36:40.000000',71,'Y','','',46),(2945,'2024-08-17 14:00:56.000000',67,'N','','',46),(2946,'2024-10-26 03:05:40.000000',35,'Y','','',46),(2947,'2024-03-02 02:52:25.000000',5,'Y','','',46),(2948,'2022-02-16 16:08:20.000000',91,'N','','',46),(2949,'2022-06-18 21:01:18.000000',44,'N','','',46),(2950,'2023-08-18 10:08:03.000000',54,'N','','',46),(2951,'2024-09-06 17:57:21.000000',60,'N','','',46),(2952,'2023-11-04 22:06:53.000000',7,'N','','',46),(2953,'2023-09-29 01:12:50.000000',61,'Y','','',46),(2954,'2022-12-12 03:28:46.000000',18,'Y','','',46),(2955,'2023-11-05 03:35:40.000000',87,'N','','',46),(2956,'2024-09-01 00:30:14.000000',65,'Y','','',46),(2957,'2023-01-13 08:41:14.000000',79,'Y','','',46),(2958,'2022-04-27 03:18:57.000000',14,'Y','','',46),(2959,'2024-10-03 22:51:46.000000',70,'Y','','',46),(2960,'2023-07-20 17:36:06.000000',11,'N','','',46),(2961,'2024-02-06 02:28:44.000000',2,'Y','','',46),(2962,'2022-01-15 07:59:26.000000',19,'N','','',46),(2963,'2023-12-01 07:59:43.000000',54,'Y','','',46),(2964,'2023-09-30 07:37:50.000000',67,'Y','','',46),(2965,'2024-04-09 08:36:36.000000',69,'N','','',46),(2966,'2022-09-24 23:38:39.000000',24,'N','','',46),(2967,'2023-08-11 09:16:18.000000',52,'N','','',46),(2968,'2022-10-28 03:36:29.000000',42,'Y','','',46),(2969,'2024-12-28 01:05:47.000000',67,'Y','','',46),(2970,'2023-07-23 16:40:37.000000',51,'N','','',46),(2971,'2022-09-28 03:50:43.000000',81,'N','','',46),(2972,'2023-07-12 21:33:15.000000',8,'Y','','',46),(2973,'2022-09-24 23:14:02.000000',96,'N','','',46),(2974,'2023-10-25 07:06:36.000000',63,'N','','',46),(2975,'2023-08-21 05:45:32.000000',50,'Y','','',46),(2976,'2023-09-28 23:16:08.000000',6,'Y','','',46),(2977,'2024-03-15 05:38:17.000000',60,'N','','',46),(2978,'2024-10-17 01:22:48.000000',23,'Y','','',46),(2979,'2023-12-27 08:42:37.000000',50,'Y','','',46),(2980,'2024-07-21 21:56:17.000000',78,'N','','',46),(2981,'2022-04-01 22:37:49.000000',26,'N','','',46),(2982,'2022-01-11 07:29:12.000000',71,'N','','',46),(2983,'2023-11-21 20:13:00.000000',98,'Y','','',46),(2984,'2022-02-06 06:27:35.000000',12,'Y','','',46),(2985,'2023-03-12 11:02:28.000000',5,'Y','','',46),(2986,'2024-11-13 09:43:03.000000',36,'N','','',46),(2987,'2023-11-20 11:19:45.000000',55,'N','','',46),(2988,'2023-01-22 14:25:32.000000',88,'Y','','',46),(2989,'2024-07-28 23:38:07.000000',52,'Y','','',46),(2990,'2023-12-23 03:24:00.000000',61,'Y','','',46),(2991,'2022-08-26 20:29:50.000000',57,'N','','',46),(2992,'2023-08-17 06:11:16.000000',38,'Y','','',46),(2993,'2023-10-06 00:05:02.000000',83,'Y','','',46),(2994,'2022-05-21 04:05:48.000000',59,'Y','','',46),(2995,'2023-04-18 13:27:45.000000',39,'N','','',46),(2996,'2023-06-09 03:43:41.000000',81,'Y','','',46),(2997,'2024-11-13 09:43:16.000000',71,'N','','',46),(2998,'2024-05-01 21:27:49.000000',47,'N','','',46),(2999,'2023-04-22 13:21:19.000000',47,'N','','',46),(3000,'2024-11-26 14:26:31.000000',25,'Y','','',46),(3001,'2023-05-17 00:11:35.000000',77,'Y','','',46),(3002,'2022-05-03 03:13:24.000000',3,'Y','','',46),(3003,'2023-12-07 11:10:32.000000',57,'N','','',46),(3004,'2024-01-21 03:28:15.000000',85,'N','','',46),(3005,'2022-01-23 05:09:19.000000',57,'Y','','',46),(3006,'2024-12-28 12:04:51.000000',94,'Y','','',46),(3007,'2024-01-13 18:40:57.000000',25,'Y','','',46),(3008,'2023-12-03 11:57:48.000000',30,'Y','','',46),(3009,'2024-01-22 05:26:45.000000',5,'N','','',46),(3010,'2023-05-01 09:21:06.000000',39,'N','','',46),(3011,'2022-11-29 02:35:34.000000',33,'N','','',46),(3012,'2024-09-13 01:53:02.000000',81,'Y','','',46),(3013,'2022-09-25 09:14:57.000000',51,'N','','',46),(3014,'2022-01-17 07:49:08.000000',17,'N','','',46),(3015,'2023-07-29 23:11:30.000000',94,'N','','',46),(3016,'2023-01-02 07:35:13.000000',90,'Y','','',46),(3017,'2023-02-07 22:50:16.000000',53,'Y','','',46),(3018,'2022-04-21 09:53:03.000000',88,'N','','',46),(3019,'2023-12-01 15:21:57.000000',47,'Y','','',46),(3020,'2023-04-27 10:05:21.000000',70,'N','','',46),(3021,'2024-12-04 08:07:32.000000',20,'N','','',46),(3022,'2024-06-26 18:09:38.000000',4,'N','','',46),(3023,'2022-05-24 09:53:39.000000',27,'Y','','',46),(3024,'2024-04-23 11:48:25.000000',78,'Y','','',46),(3025,'2023-10-09 22:00:04.000000',6,'Y','','',46),(3026,'2023-04-26 17:45:08.000000',75,'Y','','',46),(3027,'2022-02-14 00:09:25.000000',25,'Y','','',46),(3028,'2024-07-22 03:01:17.000000',59,'Y','','',46),(3029,'2022-02-17 18:42:39.000000',85,'N','','',46),(3030,'2024-12-05 23:12:19.000000',52,'N','','',46),(3031,'2024-02-05 18:32:30.000000',96,'N','','',46),(3032,'2024-05-19 20:10:54.000000',53,'Y','','',46),(3033,'2024-06-09 02:03:35.000000',41,'Y','','',46),(3034,'2023-06-07 01:24:22.000000',17,'N','','',46),(3035,'2024-01-17 00:30:49.000000',28,'Y','','',46),(3036,'2023-10-08 01:37:15.000000',90,'Y','','',46),(3037,'2023-02-01 08:40:45.000000',27,'N','','',46),(3038,'2024-04-14 07:08:29.000000',45,'N','','',46),(3039,'2023-03-23 00:29:08.000000',30,'N','','',46),(3040,'2023-10-01 15:51:01.000000',86,'N','','',46),(3041,'2023-01-25 15:32:39.000000',6,'Y','','',46),(3042,'2022-09-11 15:30:49.000000',87,'Y','','',46),(3043,'2022-04-29 20:06:31.000000',75,'N','','',46),(3044,'2024-08-27 01:41:20.000000',43,'Y','','',46),(3045,'2023-08-12 07:45:33.000000',85,'N','','',46),(3046,'2024-08-10 15:08:45.000000',28,'N','','',46),(3047,'2024-06-07 01:32:34.000000',45,'N','','',46),(3048,'2023-09-23 23:32:25.000000',21,'Y','','',46),(3049,'2024-05-06 18:57:59.000000',63,'Y','','',46),(3050,'2022-07-08 16:46:56.000000',68,'Y','','',46),(3051,'2023-06-16 01:24:24.000000',86,'Y','','',46),(3052,'2023-01-20 16:38:49.000000',78,'N','','',46),(3053,'2022-03-31 17:01:15.000000',1,'Y','','',46),(3054,'2023-10-27 08:37:42.000000',40,'N','','',46),(3055,'2024-05-26 11:36:58.000000',75,'Y','','',46),(3056,'2022-08-19 13:53:19.000000',74,'Y','','',46),(3057,'2022-06-25 14:05:15.000000',85,'N','','',46),(3058,'2023-07-03 19:58:54.000000',38,'N','','',46),(3059,'2024-10-31 15:48:58.000000',13,'Y','','',46),(3060,'2023-06-28 00:08:01.000000',8,'N','','',46),(3061,'2023-01-12 00:54:05.000000',76,'Y','','',46),(3062,'2022-12-25 09:13:55.000000',31,'N','','',46),(3063,'2024-12-09 14:43:43.000000',85,'N','','',46),(3064,'2023-03-23 07:16:44.000000',75,'N','','',46),(3065,'2023-09-14 12:38:13.000000',38,'Y','','',46),(3066,'2022-06-07 02:11:51.000000',39,'N','','',46),(3067,'2022-11-10 07:49:23.000000',5,'N','','',46),(3068,'2022-06-25 10:41:20.000000',82,'Y','','',46),(3069,'2022-01-02 20:23:47.000000',17,'N','','',46),(3070,'2023-10-25 00:59:47.000000',74,'N','','',46),(3071,'2023-06-01 16:03:30.000000',22,'Y','','',46),(3072,'2022-10-04 22:46:23.000000',21,'N','','',46),(3073,'2022-07-06 00:51:30.000000',69,'N','','',46),(3074,'2023-12-27 18:45:41.000000',88,'N','','',46),(3075,'2024-01-17 01:01:04.968000',65,'N','','',46),(3076,'2021-08-27 21:32:50.000000',34,'N','','',47),(3077,'2024-03-08 06:18:30.000000',93,'N','','',47),(3078,'2020-03-28 19:10:00.000000',53,'Y','','',47),(3079,'2021-11-28 17:22:19.000000',80,'Y','','',47),(3080,'2020-12-17 04:55:45.000000',9,'N','','',47),(3081,'2020-11-28 10:33:19.000000',93,'N','','',47),(3082,'2018-04-12 02:41:15.000000',99,'Y','','',47),(3083,'2024-03-04 16:44:22.000000',61,'Y','','',47),(3084,'2018-02-06 10:24:40.000000',14,'N','','',47),(3085,'2023-01-28 15:24:17.000000',81,'Y','','',47),(3086,'2019-06-01 14:49:12.000000',35,'Y','','',47),(3087,'2020-10-28 18:05:09.000000',63,'Y','','',47),(3088,'2022-04-20 00:03:59.000000',83,'Y','','',47),(3089,'2021-06-24 05:19:51.000000',7,'N','','',47),(3090,'2020-05-02 03:15:54.000000',57,'Y','','',47),(3091,'2019-08-16 12:28:53.000000',26,'Y','','',47),(3092,'2019-11-26 04:14:36.000000',96,'Y','','',47),(3093,'2019-03-20 10:52:11.000000',68,'Y','','',47),(3094,'2019-01-17 04:40:36.000000',67,'N','','',47),(3095,'2023-10-29 20:13:34.000000',80,'N','','',47),(3096,'2023-03-12 19:36:50.000000',29,'Y','','',47),(3097,'2023-01-29 09:02:44.000000',4,'Y','','',47),(3098,'2020-08-06 23:58:55.000000',42,'Y','','',47),(3099,'2020-09-22 19:46:49.000000',65,'N','','',47),(3100,'2019-08-23 18:39:36.000000',53,'N','','',47),(3101,'2021-07-18 09:57:41.000000',40,'N','','',47),(3102,'2023-11-26 21:33:42.000000',60,'Y','','',47),(3103,'2022-03-26 12:47:10.000000',27,'N','','',47),(3104,'2024-07-04 19:14:09.000000',75,'N','','',47),(3105,'2022-11-30 01:36:00.000000',46,'N','','',47),(3106,'2019-09-19 12:35:50.000000',97,'Y','','',47),(3107,'2018-10-04 08:53:24.000000',46,'Y','','',47),(3108,'2018-11-12 01:14:08.000000',92,'Y','','',47),(3109,'2021-03-08 05:11:11.000000',57,'Y','','',47),(3110,'2020-07-01 17:04:15.000000',81,'Y','','',47),(3111,'2023-08-13 04:07:31.000000',72,'Y','','',47),(3112,'2023-01-29 16:52:58.000000',26,'N','','',47),(3113,'2024-01-08 14:27:00.000000',48,'Y','','',47),(3114,'2019-06-28 14:16:02.000000',64,'N','','',47),(3115,'2020-10-16 13:05:12.000000',5,'Y','','',47),(3116,'2018-12-15 04:50:04.000000',98,'N','','',47),(3117,'2023-10-24 20:39:25.000000',7,'N','','',47),(3118,'2024-08-20 02:48:13.000000',90,'Y','','',47),(3119,'2021-05-14 20:32:11.000000',84,'Y','','',47),(3120,'2020-11-06 00:42:42.000000',7,'N','','',47),(3121,'2024-04-06 06:35:27.000000',10,'N','','',47),(3122,'2023-12-03 17:03:40.000000',98,'Y','','',47),(3123,'2020-11-08 08:51:47.000000',2,'N','','',47),(3124,'2024-08-22 17:37:16.000000',25,'Y','','',47),(3125,'2018-01-20 10:03:00.000000',2,'N','','',47),(3126,'2023-04-01 00:42:18.000000',9,'N','','',47),(3127,'2019-02-03 05:54:52.000000',8,'Y','','',47),(3128,'2019-09-05 12:12:56.000000',55,'N','','',47),(3129,'2018-07-19 17:14:30.000000',72,'N','','',47),(3130,'2018-07-28 07:41:26.000000',97,'Y','','',47),(3131,'2019-06-21 03:28:59.000000',77,'N','','',47),(3132,'2019-07-21 16:09:31.000000',49,'Y','','',47),(3133,'2024-07-22 16:48:50.000000',62,'N','','',47),(3134,'2018-07-24 23:32:57.000000',52,'Y','','',47),(3135,'2022-03-11 02:06:31.000000',94,'N','','',47),(3136,'2018-04-17 23:16:35.000000',44,'Y','','',47),(3137,'2018-11-30 20:32:46.000000',52,'N','','',47),(3138,'2021-06-16 11:17:24.000000',76,'N','','',47),(3139,'2018-01-15 17:59:03.000000',23,'Y','','',47),(3140,'2018-02-04 10:39:29.000000',85,'N','','',47),(3141,'2018-12-14 16:43:25.000000',21,'N','','',47),(3142,'2022-08-13 07:51:33.000000',31,'N','','',47),(3143,'2020-04-02 14:30:34.000000',58,'Y','','',47),(3144,'2021-10-30 02:54:19.000000',70,'N','','',47),(3145,'2018-05-05 03:06:39.000000',51,'Y','','',47),(3146,'2019-12-31 07:31:42.000000',6,'Y','','',47),(3147,'2023-04-27 06:20:18.000000',87,'N','','',47),(3148,'2019-04-14 16:29:28.000000',1,'N','','',47),(3149,'2024-04-18 17:05:00.000000',73,'Y','','',47),(3150,'2022-04-09 03:04:24.000000',88,'N','','',47),(3151,'2022-08-15 07:18:40.000000',31,'N','','',47),(3152,'2024-11-13 06:12:39.000000',6,'N','','',47),(3153,'2018-01-26 19:11:49.000000',92,'Y','','',47),(3154,'2021-04-25 23:11:39.000000',7,'Y','','',47),(3155,'2021-10-01 11:15:23.000000',99,'Y','','',47),(3156,'2023-05-19 19:23:28.000000',46,'N','','',47),(3157,'2023-11-13 23:52:52.000000',82,'Y','','',47),(3158,'2021-10-09 05:08:59.000000',3,'Y','','',47),(3159,'2023-12-15 05:13:36.000000',10,'N','','',47),(3160,'2019-11-09 16:47:34.000000',49,'Y','','',47),(3161,'2020-12-04 13:28:31.000000',55,'N','','',47),(3162,'2019-11-26 21:17:48.000000',12,'Y','','',47),(3163,'2018-04-23 18:17:33.000000',75,'N','','',47),(3164,'2020-06-24 13:07:31.000000',32,'N','','',47),(3165,'2018-10-21 07:39:03.000000',56,'N','','',47),(3166,'2023-01-07 23:52:58.000000',77,'N','','',47),(3167,'2018-08-25 16:19:40.000000',26,'N','','',47),(3168,'2020-03-21 18:47:28.000000',9,'Y','','',47),(3169,'2021-01-12 05:20:52.000000',45,'Y','','',47),(3170,'2024-07-29 12:58:49.000000',39,'N','','',47),(3171,'2019-04-03 17:41:02.000000',42,'Y','','',47),(3172,'2021-02-06 05:20:19.000000',43,'Y','','',47),(3173,'2023-04-29 19:41:03.000000',29,'Y','','',47),(3174,'2020-09-28 00:06:26.000000',60,'Y','','',47),(3175,'2024-10-05 08:10:32.000000',49,'Y','','',47),(3176,'2018-08-24 07:41:01.000000',71,'N','','',47),(3177,'2019-08-10 12:09:07.000000',73,'Y','','',47),(3178,'2018-11-10 06:37:32.000000',98,'N','','',47),(3179,'2021-11-25 07:58:10.000000',2,'N','','',47),(3180,'2020-10-20 13:40:08.000000',92,'Y','','',47),(3181,'2023-01-12 00:55:02.000000',40,'N','','',47),(3182,'2019-08-09 17:33:28.000000',55,'N','','',47),(3183,'2018-11-04 07:25:01.000000',54,'Y','','',47),(3184,'2024-07-23 03:40:26.000000',89,'Y','','',47),(3185,'2023-04-08 22:38:53.000000',23,'Y','','',47),(3186,'2019-03-19 13:35:22.000000',33,'Y','','',47),(3187,'2022-01-16 14:15:54.000000',21,'Y','','',47),(3188,'2020-09-24 02:49:17.000000',81,'Y','','',47),(3189,'2018-07-29 13:25:05.000000',90,'N','','',47),(3190,'2020-08-07 12:52:29.000000',82,'N','','',47),(3191,'2019-09-10 18:01:42.000000',66,'N','','',47),(3192,'2019-02-08 20:01:51.000000',91,'Y','','',47),(3193,'2021-12-14 09:21:16.000000',1,'N','','',47),(3194,'2024-01-30 03:39:52.000000',7,'N','','',47),(3195,'2024-04-07 14:03:11.000000',85,'Y','','',47),(3196,'2023-07-23 00:00:14.000000',45,'Y','','',47),(3197,'2024-11-10 22:42:42.000000',42,'Y','','',47),(3198,'2022-06-06 20:40:58.000000',29,'Y','','',47),(3199,'2021-10-19 02:17:12.000000',40,'Y','','',47),(3200,'2022-08-27 14:47:30.000000',13,'Y','','',47),(3201,'2024-10-11 05:15:33.000000',9,'Y','','',47),(3202,'2024-02-29 09:17:18.000000',12,'Y','','',47),(3203,'2018-09-27 12:57:27.000000',27,'Y','','',47),(3204,'2024-07-27 19:02:55.000000',40,'N','','',47),(3205,'2019-09-07 02:13:41.000000',20,'N','','',47),(3206,'2023-07-08 18:09:48.000000',29,'N','','',47),(3207,'2022-08-09 05:50:11.000000',55,'Y','','',47),(3208,'2019-08-31 23:51:31.000000',59,'N','','',47),(3209,'2022-04-24 06:51:18.000000',45,'Y','','',47),(3210,'2024-11-04 19:21:27.000000',43,'N','','',47),(3211,'2024-03-09 02:49:34.000000',53,'Y','','',47),(3212,'2018-07-24 19:07:20.000000',36,'N','','',47),(3213,'2023-03-31 20:01:14.000000',13,'N','','',47),(3214,'2018-02-24 20:38:30.000000',9,'N','','',47),(3215,'2024-04-20 02:26:35.000000',55,'Y','','',47),(3216,'2022-05-09 04:04:27.000000',24,'N','','',47),(3217,'2021-06-22 09:42:26.000000',45,'Y','','',47),(3218,'2019-09-13 12:13:39.000000',4,'N','','',47),(3219,'2020-06-05 17:27:07.000000',58,'Y','','',47),(3220,'2022-11-03 06:55:48.000000',10,'Y','','',47),(3221,'2019-06-15 01:31:45.000000',44,'Y','','',47),(3222,'2021-08-10 11:19:13.000000',73,'N','','',47),(3223,'2024-05-30 09:31:13.000000',72,'N','','',47),(3224,'2020-10-01 01:47:55.000000',74,'N','','',47),(3225,'2023-05-18 11:55:17.000000',23,'N','','',47),(3226,'2018-12-08 19:31:27.000000',93,'Y','','',47),(3227,'2022-03-07 11:09:07.000000',9,'Y','','',47),(3228,'2022-01-24 03:33:09.000000',62,'Y','','',47),(3229,'2018-04-14 04:49:54.000000',42,'N','','',47),(3230,'2021-05-28 04:47:35.000000',43,'Y','','',47),(3231,'2022-11-07 05:02:57.000000',22,'Y','','',47),(3232,'2024-10-11 02:24:22.000000',51,'N','','',47),(3233,'2022-11-22 03:12:10.000000',2,'Y','','',47),(3234,'2020-05-21 17:21:24.000000',66,'Y','','',47),(3235,'2022-03-10 09:06:23.000000',78,'N','','',47),(3236,'2019-11-30 01:42:47.000000',92,'Y','','',47),(3237,'2019-07-07 12:47:07.000000',45,'N','','',47),(3238,'2022-11-30 09:33:07.000000',37,'Y','','',47),(3239,'2019-01-21 15:59:31.000000',35,'N','','',47),(3240,'2021-03-18 05:35:43.000000',19,'N','','',47),(3241,'2021-02-20 06:10:34.000000',22,'Y','','',47),(3242,'2024-06-14 19:50:37.000000',41,'N','','',47),(3243,'2020-12-15 21:24:11.000000',88,'N','','',47),(3244,'2024-04-21 13:23:30.000000',40,'Y','','',47),(3245,'2020-04-19 19:13:34.000000',33,'Y','','',47),(3246,'2022-08-22 17:00:56.000000',61,'Y','','',47),(3247,'2022-05-18 01:59:53.000000',80,'Y','','',47),(3248,'2020-08-07 12:28:39.000000',30,'N','','',47),(3249,'2023-08-18 06:59:15.000000',31,'N','','',47),(3250,'2024-11-15 08:01:31.000000',22,'Y','','',47),(3251,'2020-11-07 06:43:17.000000',15,'Y','','',47),(3252,'2020-12-14 05:44:52.000000',38,'N','','',47),(3253,'2022-11-26 19:08:04.000000',3,'Y','','',47),(3254,'2021-05-02 11:31:54.000000',67,'Y','','',47),(3255,'2018-03-30 17:17:20.000000',50,'Y','','',47),(3256,'2018-10-30 01:48:35.000000',77,'Y','','',47),(3257,'2021-04-06 23:28:45.000000',17,'Y','','',47),(3258,'2022-05-06 12:33:14.000000',9,'Y','','',47),(3259,'2022-11-13 20:41:07.000000',39,'Y','','',47),(3260,'2024-10-13 07:26:57.000000',11,'N','','',47),(3261,'2018-04-03 19:49:45.000000',23,'N','','',47),(3262,'2021-05-31 03:03:01.000000',67,'N','','',47),(3263,'2019-02-10 19:16:54.000000',57,'N','','',47),(3264,'2020-09-11 00:04:29.000000',56,'N','','',47),(3265,'2022-10-28 03:22:00.000000',64,'Y','','',47),(3266,'2019-09-03 00:21:53.000000',78,'Y','','',47),(3267,'2023-11-26 19:59:46.000000',18,'Y','','',47),(3268,'2021-01-19 20:48:10.000000',72,'Y','','',47),(3269,'2020-02-10 03:25:56.000000',35,'N','','',47),(3270,'2020-07-21 14:06:47.000000',34,'N','','',47),(3271,'2018-06-23 10:51:22.000000',64,'N','','',47),(3272,'2018-07-30 20:19:55.000000',22,'N','','',47),(3273,'2022-02-02 02:45:09.000000',98,'Y','','',47),(3274,'2022-05-03 11:41:43.000000',70,'N','','',47),(3275,'2023-09-26 05:29:13.000000',92,'Y','','',47),(3276,'2019-03-28 05:38:44.000000',73,'Y','','',47),(3277,'2023-06-09 04:05:00.000000',26,'Y','','',47),(3278,'2020-02-29 19:20:56.000000',63,'Y','','',47),(3279,'2020-10-27 02:43:48.000000',70,'N','','',47),(3280,'2023-09-17 05:05:20.000000',8,'N','','',47),(3281,'2022-03-21 04:04:09.000000',36,'Y','','',47),(3282,'2024-05-03 09:45:52.000000',77,'Y','','',47),(3283,'2021-01-05 01:11:18.000000',41,'Y','','',47),(3284,'2018-12-28 06:00:26.000000',19,'N','','',47),(3285,'2023-08-15 07:56:45.000000',40,'Y','','',47),(3286,'2018-06-25 13:14:35.000000',43,'Y','','',47),(3287,'2023-09-27 09:42:51.000000',17,'N','','',47),(3288,'2020-12-29 04:36:03.000000',41,'N','','',47),(3289,'2020-01-31 17:39:09.000000',41,'Y','','',47),(3290,'2022-07-22 05:13:56.000000',12,'N','','',47),(3291,'2023-01-06 19:37:56.000000',15,'N','','',47),(3292,'2018-01-30 20:16:35.000000',49,'N','','',47),(3293,'2021-03-14 21:05:58.000000',26,'Y','','',47),(3294,'2018-03-17 01:53:04.000000',4,'N','','',47),(3295,'2018-03-27 20:10:27.000000',92,'Y','','',47),(3296,'2018-04-13 05:37:31.000000',59,'N','','',47),(3297,'2022-08-30 03:09:16.000000',81,'N','','',47),(3298,'2023-06-10 14:19:54.000000',19,'N','','',47),(3299,'2020-12-24 08:19:46.000000',67,'N','','',47),(3300,'2019-04-02 17:54:14.000000',33,'N','','',47),(3301,'2021-09-12 04:45:49.000000',65,'Y','','',47),(3302,'2024-10-10 11:06:00.000000',68,'Y','','',47),(3303,'2022-11-02 19:33:47.000000',58,'Y','','',47),(3304,'2020-09-10 08:16:02.000000',42,'N','','',47),(3305,'2022-12-31 07:37:38.000000',61,'N','','',47),(3306,'2019-11-21 16:44:59.000000',20,'Y','','',47),(3307,'2021-06-19 12:05:01.000000',43,'N','','',47),(3308,'2018-07-17 00:05:58.000000',28,'Y','','',47),(3309,'2020-05-30 11:03:20.000000',24,'Y','','',47),(3310,'2018-12-19 22:08:02.000000',41,'Y','','',47),(3311,'2019-11-24 04:50:34.000000',12,'N','','',47),(3312,'2020-12-18 15:18:03.000000',78,'Y','','',47),(3313,'2019-09-02 01:32:14.000000',53,'Y','','',47),(3314,'2019-02-22 09:25:49.000000',64,'Y','','',47),(3315,'2020-07-22 21:56:39.000000',58,'Y','','',47),(3316,'2018-01-25 10:31:35.000000',77,'Y','','',47),(3317,'2021-12-08 17:28:08.000000',84,'Y','','',47),(3318,'2023-07-03 15:49:38.000000',51,'Y','','',47),(3319,'2019-08-20 10:51:17.000000',94,'Y','','',47),(3320,'2019-01-18 02:08:33.000000',28,'Y','','',47),(3321,'2021-10-24 06:19:53.000000',27,'N','','',47),(3322,'2021-04-22 14:10:45.000000',6,'N','','',47),(3323,'2018-10-04 22:44:17.000000',60,'Y','','',47),(3324,'2024-09-16 15:32:38.000000',11,'N','','',47),(3325,'2023-09-04 00:57:58.000000',71,'N','','',47),(3326,'2021-01-06 02:49:53.000000',32,'N','','',47),(3327,'2021-10-16 23:38:16.000000',85,'N','','',47),(3328,'2024-11-21 11:48:49.000000',75,'Y','','',47),(3329,'2020-11-16 03:37:17.000000',45,'N','','',47),(3330,'2021-08-04 13:58:40.000000',9,'N','','',47),(3331,'2019-06-19 01:39:57.000000',87,'N','','',47),(3332,'2020-08-27 20:11:26.000000',15,'Y','','',47),(3333,'2018-11-24 09:10:20.000000',91,'Y','','',47),(3334,'2018-09-14 13:34:41.000000',31,'Y','','',47),(3335,'2020-10-25 11:32:54.000000',2,'Y','','',47),(3336,'2020-08-19 00:59:46.000000',35,'N','','',47),(3337,'2024-10-05 18:20:37.000000',31,'Y','','',47),(3338,'2021-09-08 21:52:35.000000',85,'N','','',47),(3339,'2022-09-03 16:35:55.000000',72,'N','','',47),(3340,'2023-08-15 23:36:53.000000',42,'N','','',47),(3341,'2020-03-10 09:16:38.000000',91,'Y','','',47),(3342,'2020-01-28 06:50:22.000000',43,'Y','','',47),(3343,'2024-05-08 11:32:08.000000',48,'N','','',47),(3344,'2023-10-08 18:53:38.000000',50,'Y','','',47),(3345,'2019-12-24 09:55:15.000000',58,'N','','',47),(3346,'2018-11-11 04:46:12.000000',87,'Y','','',47),(3347,'2019-11-14 09:13:37.000000',95,'N','','',47),(3348,'2022-02-06 20:59:26.000000',99,'N','','',47),(3349,'2023-08-09 13:10:25.000000',7,'Y','','',47),(3350,'2021-10-08 05:14:21.000000',80,'Y','','',47),(3351,'2022-10-22 15:43:56.000000',4,'Y','','',47),(3352,'2024-11-05 21:59:39.000000',77,'Y','','',47),(3353,'2023-12-30 01:41:13.000000',21,'Y','','',47),(3354,'2024-08-02 22:39:12.000000',59,'Y','','',47),(3355,'2022-02-04 05:04:35.000000',63,'N','','',47),(3356,'2021-08-07 22:46:28.000000',92,'N','','',47),(3357,'2020-10-17 04:12:53.000000',97,'N','','',47),(3358,'2023-01-04 02:53:36.000000',64,'Y','','',47),(3359,'2024-04-12 09:51:58.000000',16,'Y','','',47),(3360,'2019-04-19 23:01:48.000000',48,'Y','','',47),(3361,'2020-07-12 03:30:10.000000',47,'Y','','',47),(3362,'2020-07-18 18:28:24.000000',5,'Y','','',47),(3363,'2020-09-24 21:15:53.000000',52,'Y','','',47),(3364,'2022-05-17 18:17:20.000000',8,'N','','',47),(3365,'2018-12-25 12:10:15.000000',80,'Y','','',47),(3366,'2018-10-18 05:29:00.000000',73,'N','','',47),(3367,'2019-12-15 08:45:27.000000',70,'Y','','',47),(3368,'2024-04-09 07:18:17.000000',44,'N','','',47),(3369,'2022-05-05 13:08:47.000000',2,'N','','',47),(3370,'2021-03-03 10:24:55.000000',40,'Y','','',47),(3371,'2022-10-12 12:00:17.000000',24,'N','','',47),(3372,'2021-11-13 10:18:07.000000',87,'Y','','',47),(3373,'2023-11-07 23:37:04.000000',21,'N','','',47),(3374,'2019-03-01 23:38:24.000000',81,'N','','',47),(3375,'2020-04-28 04:10:03.000000',60,'Y','','',47),(3376,'2023-03-06 04:46:45.000000',39,'Y','','',47),(3377,'2024-03-11 05:18:45.000000',94,'N','','',47),(3378,'2022-11-07 18:01:17.000000',25,'Y','','',47),(3379,'2024-08-12 09:56:02.000000',16,'Y','','',47),(3380,'2023-06-06 08:05:34.000000',4,'Y','','',47),(3381,'2024-05-01 19:34:28.000000',55,'N','','',47),(3382,'2022-09-07 07:30:19.000000',17,'N','','',47),(3383,'2023-09-30 18:49:33.000000',10,'Y','','',47),(3384,'2022-10-11 21:28:27.000000',61,'Y','','',47),(3385,'2024-06-02 02:42:04.000000',62,'Y','','',47),(3386,'2023-03-07 12:46:35.000000',36,'N','','',47),(3387,'2024-10-15 14:41:19.000000',48,'N','','',47),(3388,'2024-06-23 11:10:09.000000',90,'N','','',47),(3389,'2022-07-03 06:20:44.000000',48,'N','','',47),(3390,'2023-12-03 23:26:07.000000',82,'N','','',47),(3391,'2023-05-11 21:31:40.000000',5,'N','','',47),(3392,'2022-08-01 04:29:13.000000',80,'N','','',47),(3393,'2023-10-09 07:06:26.000000',61,'Y','','',47),(3394,'2023-05-23 02:23:20.000000',84,'Y','','',47),(3395,'2023-09-06 11:09:58.000000',12,'N','','',47),(3396,'2024-10-14 14:06:45.000000',39,'Y','','',47),(3397,'2022-01-30 17:41:00.000000',8,'N','','',47),(3398,'2024-12-01 13:39:08.000000',49,'N','','',47),(3399,'2022-06-02 23:20:30.000000',44,'Y','','',47),(3400,'2022-01-20 19:49:56.000000',13,'N','','',47),(3401,'2023-02-02 14:40:53.000000',33,'N','','',47),(3402,'2022-02-11 14:55:25.000000',86,'N','','',47),(3403,'2024-02-28 07:07:43.000000',83,'N','','',47),(3404,'2024-10-06 20:22:33.000000',67,'N','','',47),(3405,'2024-12-21 03:27:27.000000',98,'Y','','',47),(3406,'2023-02-05 10:04:56.000000',33,'N','','',47),(3407,'2022-11-25 20:00:48.000000',93,'N','','',47),(3408,'2023-04-22 00:39:43.000000',94,'N','','',47),(3409,'2023-09-10 23:39:29.000000',52,'Y','','',47),(3410,'2024-10-01 01:36:38.000000',48,'N','','',47),(3411,'2022-12-28 07:44:47.000000',47,'Y','','',47),(3412,'2022-05-30 05:52:39.000000',51,'N','','',47),(3413,'2023-07-17 19:26:36.000000',99,'N','','',47),(3414,'2024-11-09 16:57:11.000000',56,'N','','',47),(3415,'2023-07-23 20:04:50.000000',20,'N','','',47),(3416,'2024-07-12 13:57:07.000000',19,'N','','',47),(3417,'2023-03-24 07:06:18.000000',14,'Y','','',47),(3418,'2023-08-09 08:22:22.000000',79,'Y','','',47),(3419,'2024-11-08 14:48:27.000000',60,'N','','',47),(3420,'2022-03-08 08:36:19.000000',76,'N','','',47),(3421,'2023-07-14 00:10:10.000000',44,'Y','','',47),(3422,'2024-04-19 12:12:47.000000',71,'Y','','',47),(3423,'2024-11-28 05:08:09.000000',74,'Y','','',47),(3424,'2023-08-04 02:19:33.000000',21,'Y','','',47),(3425,'2023-07-21 21:34:38.000000',82,'N','','',47),(3426,'2022-02-14 10:56:44.000000',7,'N','','',47),(3427,'2024-05-30 21:57:23.000000',52,'N','','',47),(3428,'2023-10-24 03:05:09.000000',78,'Y','','',47),(3429,'2024-05-19 16:57:25.000000',19,'Y','','',47),(3430,'2024-09-18 01:03:19.000000',77,'N','','',47),(3431,'2024-04-01 09:26:22.000000',35,'Y','','',47),(3432,'2023-02-21 12:48:38.000000',21,'Y','','',47),(3433,'2023-07-04 04:17:20.000000',38,'N','','',47),(3434,'2024-03-03 04:16:38.000000',76,'Y','','',47),(3435,'2024-02-26 09:52:24.000000',66,'Y','','',47),(3436,'2023-06-26 12:47:23.000000',92,'Y','','',47),(3437,'2023-03-20 09:08:10.000000',88,'N','','',47),(3438,'2023-11-18 12:11:40.000000',32,'Y','','',47),(3439,'2023-02-03 02:57:25.000000',22,'N','','',47),(3440,'2022-11-27 03:32:55.000000',67,'N','','',47),(3441,'2024-06-25 14:24:17.000000',96,'N','','',47),(3442,'2023-03-05 22:35:59.000000',37,'Y','','',47),(3443,'2023-03-31 22:04:39.000000',66,'Y','','',47),(3444,'2022-01-08 07:42:31.000000',87,'N','','',47),(3445,'2024-07-15 03:07:28.000000',34,'N','','',47),(3446,'2024-10-28 17:38:45.000000',31,'Y','','',47),(3447,'2024-01-02 19:10:48.000000',89,'Y','','',47),(3448,'2022-12-03 18:01:56.000000',95,'N','','',47),(3449,'2024-06-16 18:47:47.000000',3,'Y','','',47),(3450,'2023-10-31 10:50:30.000000',31,'Y','','',47),(3451,'2022-09-23 12:17:05.000000',92,'Y','','',47),(3452,'2024-06-19 18:13:34.000000',59,'N','','',47),(3453,'2024-11-01 05:49:56.000000',40,'N','','',47),(3454,'2022-10-03 21:23:15.000000',46,'Y','','',47),(3455,'2022-04-05 07:42:10.000000',82,'N','','',47),(3456,'2024-01-14 16:48:33.000000',49,'N','','',47),(3457,'2023-09-09 09:56:21.000000',60,'Y','','',47),(3458,'2024-12-06 05:42:12.000000',80,'Y','','',47),(3459,'2024-04-26 10:47:41.000000',38,'N','','',47),(3460,'2023-01-06 17:49:25.000000',52,'N','','',47),(3461,'2024-04-03 21:36:43.000000',27,'Y','','',47),(3462,'2023-09-05 06:11:20.000000',15,'Y','','',47),(3463,'2024-12-30 15:39:12.000000',67,'Y','','',47),(3464,'2024-03-26 10:09:06.000000',20,'Y','','',47),(3465,'2024-12-05 22:53:39.000000',38,'Y','','',47),(3466,'2023-08-20 07:51:48.000000',76,'N','','',47),(3467,'2022-03-13 03:39:44.000000',28,'N','','',47),(3468,'2022-11-22 07:47:06.000000',29,'Y','','',47),(3469,'2022-09-14 03:39:09.000000',21,'Y','','',47),(3470,'2022-06-18 23:40:01.000000',1,'N','','',47),(3471,'2023-02-13 04:34:42.000000',77,'Y','','',47),(3472,'2023-06-29 13:24:51.000000',71,'Y','','',47),(3473,'2024-07-02 00:54:16.000000',5,'N','','',47),(3474,'2023-12-25 10:40:37.000000',34,'N','','',47),(3475,'2022-01-29 16:17:14.000000',44,'Y','','',47),(3476,'2023-07-21 01:45:49.000000',98,'N','','',47),(3477,'2024-10-17 17:35:38.000000',3,'Y','','',47),(3478,'2023-09-18 17:18:11.000000',85,'Y','','',47),(3479,'2023-11-25 22:16:24.000000',50,'N','','',47),(3480,'2023-12-04 15:02:34.000000',59,'Y','','',47),(3481,'2024-06-16 22:35:52.000000',70,'N','','',47),(3482,'2022-05-19 05:08:49.000000',39,'Y','','',47),(3483,'2023-12-08 10:43:39.000000',88,'Y','','',47),(3484,'2023-10-18 05:59:41.000000',47,'Y','','',47),(3485,'2023-09-27 04:04:23.000000',4,'N','','',47),(3486,'2023-11-22 15:20:31.000000',77,'Y','','',47),(3487,'2024-02-01 10:17:14.000000',35,'N','','',47),(3488,'2022-11-08 17:51:41.000000',52,'Y','','',47),(3489,'2024-02-15 17:37:45.000000',3,'N','','',47),(3490,'2023-08-16 00:03:28.000000',90,'Y','','',47),(3491,'2024-11-10 00:18:39.000000',31,'N','','',47),(3492,'2023-10-11 09:50:32.000000',47,'N','','',47),(3493,'2024-02-28 02:14:49.000000',43,'N','','',47),(3494,'2024-01-30 21:06:11.000000',76,'Y','','',47),(3495,'2023-05-26 06:59:49.000000',62,'Y','','',47),(3496,'2024-05-13 10:40:18.000000',90,'N','','',47),(3497,'2024-10-18 22:55:31.000000',94,'Y','','',47),(3498,'2024-04-19 07:47:16.000000',50,'Y','','',47),(3499,'2022-05-12 04:15:24.000000',51,'N','','',47),(3500,'2023-07-28 13:02:54.000000',27,'N','','',47),(3501,'2023-01-13 04:23:04.000000',32,'N','','',47),(3502,'2022-06-17 05:57:37.000000',44,'Y','','',47),(3503,'2022-06-27 04:03:11.000000',99,'Y','','',47),(3504,'2022-04-01 12:28:25.000000',20,'Y','','',47),(3505,'2024-06-08 04:27:44.000000',4,'Y','','',47),(3506,'2022-12-23 14:18:55.000000',80,'N','','',47),(3507,'2022-11-05 10:13:01.000000',45,'N','','',47),(3508,'2022-10-31 21:00:12.000000',4,'Y','','',47),(3509,'2023-03-27 01:09:59.000000',74,'Y','','',47),(3510,'2022-01-08 09:54:51.000000',94,'Y','','',47),(3511,'2023-04-06 15:52:46.000000',67,'N','','',47),(3512,'2022-01-29 16:15:39.000000',58,'Y','','',47),(3513,'2023-02-25 04:51:14.000000',96,'N','','',47),(3514,'2024-05-30 07:50:06.000000',61,'Y','','',47),(3515,'2024-03-10 07:26:19.000000',91,'N','','',47),(3516,'2023-01-11 08:27:50.000000',57,'N','','',47),(3517,'2024-10-19 06:14:33.000000',29,'Y','','',47),(3518,'2024-11-14 16:41:00.000000',86,'Y','','',47),(3519,'2023-09-17 20:15:51.000000',5,'Y','','',47),(3520,'2024-02-25 13:07:45.000000',79,'N','','',47),(3521,'2023-12-14 19:02:04.000000',60,'N','','',47),(3522,'2024-10-26 19:11:49.000000',15,'N','','',47),(3523,'2022-01-23 20:25:43.000000',23,'N','','',47),(3524,'2022-01-31 19:46:33.000000',32,'N','','',47),(3525,'2024-07-17 12:27:47.000000',95,'Y','','',47),(3526,'2024-01-16 08:12:31.000000',38,'Y','','',47),(3527,'2024-04-01 11:30:25.000000',34,'Y','','',47),(3528,'2023-09-05 05:00:20.000000',47,'N','','',47),(3529,'2023-02-04 02:50:09.000000',55,'N','','',47),(3530,'2024-02-29 04:20:30.000000',28,'Y','','',47),(3531,'2022-07-20 00:35:57.000000',87,'N','','',47),(3532,'2023-07-11 22:30:40.000000',75,'Y','','',47),(3533,'2024-02-28 16:13:55.000000',19,'Y','','',47),(3534,'2023-10-31 11:52:47.000000',6,'Y','','',47),(3535,'2022-12-06 01:35:26.000000',86,'Y','','',47),(3536,'2023-10-17 17:58:04.000000',96,'Y','','',47),(3537,'2023-08-11 21:23:55.000000',33,'N','','',47),(3538,'2023-03-19 19:38:58.000000',81,'Y','','',47),(3539,'2022-09-24 02:55:55.000000',73,'N','','',47),(3540,'2023-01-20 05:42:31.000000',2,'Y','','',47),(3541,'2022-03-15 17:34:28.000000',89,'N','','',47),(3542,'2024-09-11 18:43:51.000000',86,'N','','',47),(3543,'2023-05-10 22:29:53.000000',76,'N','','',47),(3544,'2022-01-12 16:04:25.000000',33,'Y','','',47),(3545,'2024-02-08 00:21:01.000000',51,'Y','','',47),(3546,'2022-03-18 11:35:39.000000',94,'N','','',47),(3547,'2024-09-30 23:13:07.000000',28,'Y','','',47),(3548,'2023-01-28 05:55:54.000000',89,'Y','','',47),(3549,'2023-08-20 19:11:36.000000',84,'N','','',47),(3550,'2022-05-23 01:17:18.000000',16,'Y','','',47),(3551,'2024-11-01 06:16:14.000000',33,'N','','',47),(3552,'2023-02-28 23:09:48.000000',7,'N','','',47),(3553,'2024-01-21 21:00:36.000000',86,'N','','',47),(3554,'2023-01-25 18:38:01.000000',49,'Y','','',47),(3555,'2023-07-03 15:23:28.000000',30,'N','','',47),(3556,'2024-03-21 00:48:19.000000',2,'N','','',47),(3557,'2023-04-12 06:09:13.000000',11,'N','','',47),(3558,'2024-01-06 04:02:03.000000',94,'N','','',47),(3559,'2022-11-02 23:48:30.000000',66,'Y','','',47),(3560,'2023-02-15 23:14:46.000000',10,'N','','',47),(3561,'2022-08-03 18:29:02.000000',12,'Y','','',47),(3562,'2023-10-29 09:39:08.000000',12,'Y','','',47),(3563,'2023-04-22 13:31:05.000000',50,'N','','',47),(3564,'2024-01-25 00:37:11.000000',97,'N','','',47),(3565,'2024-12-31 07:25:31.000000',27,'Y','','',47),(3566,'2023-02-13 19:35:08.000000',53,'Y','','',47),(3567,'2023-09-14 11:36:54.000000',70,'N','','',47),(3568,'2024-04-26 09:51:16.000000',3,'Y','','',47),(3569,'2023-06-27 11:37:49.000000',43,'Y','','',47),(3570,'2022-03-22 22:04:07.000000',61,'N','','',47),(3571,'2024-02-26 10:53:18.000000',51,'Y','','',47),(3572,'2023-05-20 02:23:06.000000',45,'N','','',47),(3573,'2022-01-10 08:32:37.000000',75,'Y','','',47),(3574,'2023-07-02 12:11:06.000000',13,'N','','',47),(3575,'2023-05-23 19:25:36.000000',42,'N','','',47),(3576,'2023-01-27 17:33:34.000000',56,'N','','',47),(3577,'2022-10-22 22:13:58.000000',71,'Y','','',47),(3578,'2023-05-07 07:25:45.000000',99,'N','','',47),(3579,'2024-01-30 15:07:26.000000',48,'Y','','',47),(3580,'2023-02-03 03:36:12.000000',77,'Y','','',47),(3581,'2022-01-29 17:51:34.000000',54,'Y','','',47),(3582,'2023-04-24 11:53:49.000000',98,'Y','','',47),(3583,'2023-04-09 23:09:58.000000',54,'N','','',47),(3584,'2023-09-20 13:26:19.000000',61,'N','','',47),(3585,'2022-09-27 18:20:16.000000',68,'Y','','',47),(3586,'2024-01-24 10:59:10.000000',22,'Y','','',47),(3587,'2024-12-15 13:38:44.000000',88,'N','','',47),(3588,'2023-07-27 01:04:27.000000',2,'Y','','',47),(3589,'2024-10-04 09:53:19.000000',80,'N','','',47),(3590,'2024-12-16 17:30:51.000000',45,'N','','',47),(3591,'2024-02-21 11:05:42.000000',33,'N','','',47),(3592,'2023-11-15 15:50:44.000000',37,'N','','',47),(3593,'2024-09-21 02:55:04.000000',5,'N','','',47),(3594,'2023-09-21 04:52:19.000000',8,'N','','',47),(3595,'2022-03-15 10:19:25.000000',12,'Y','','',47),(3596,'2022-05-19 16:52:52.000000',72,'Y','','',47),(3597,'2022-04-24 14:38:10.000000',91,'Y','','',47),(3598,'2022-05-04 23:12:14.000000',6,'Y','','',47),(3599,'2024-07-16 00:35:27.000000',1,'Y','','',47),(3600,'2024-09-27 21:16:18.000000',4,'N','','',47),(3601,'2024-12-20 14:59:30.000000',97,'Y','','',47),(3602,'2022-09-30 09:55:14.000000',50,'N','','',47),(3603,'2023-07-22 21:34:30.000000',18,'Y','','',47),(3604,'2023-01-31 19:38:52.000000',82,'N','','',47),(3605,'2023-06-23 03:13:22.000000',81,'N','','',47),(3606,'2024-04-06 13:40:29.000000',53,'Y','','',47),(3607,'2024-01-01 03:43:36.000000',38,'N','','',47),(3608,'2023-07-21 11:29:44.000000',20,'Y','','',47),(3609,'2022-03-15 09:30:54.000000',85,'Y','','',47),(3610,'2023-01-06 12:13:45.000000',83,'N','','',47),(3611,'2022-02-13 04:59:32.000000',67,'N','','',47),(3612,'2022-10-21 09:05:43.000000',34,'N','','',47),(3613,'2024-05-04 04:16:42.000000',91,'Y','','',47),(3614,'2023-02-12 23:24:36.000000',46,'N','','',47),(3615,'2024-03-26 17:05:32.000000',82,'Y','','',47),(3616,'2024-07-30 16:50:50.000000',77,'Y','','',47),(3617,'2024-07-17 12:28:11.000000',36,'N','','',47),(3618,'2024-04-25 21:52:08.000000',14,'N','','',47),(3619,'2024-06-16 03:08:48.000000',17,'N','','',47),(3620,'2022-02-18 13:29:40.000000',13,'Y','','',47),(3621,'2023-06-12 10:11:31.000000',8,'N','','',47),(3622,'2022-08-26 07:11:56.000000',34,'Y','','',47),(3623,'2023-12-22 15:15:40.000000',94,'Y','','',47),(3624,'2023-12-08 05:34:42.000000',23,'N','','',47),(3625,'2022-01-18 13:03:05.000000',77,'N','','',47),(3626,'2023-11-09 01:07:07.000000',1,'Y','','',47),(3627,'2024-02-27 15:41:57.000000',69,'N','','',47),(3628,'2024-09-23 01:48:40.000000',13,'Y','','',47),(3629,'2022-05-08 07:06:52.000000',87,'Y','','',47),(3630,'2024-12-30 00:09:09.000000',34,'N','','',47),(3631,'2024-01-18 12:42:06.000000',76,'Y','','',47),(3632,'2024-08-08 00:55:13.000000',32,'N','','',47),(3633,'2023-02-16 15:29:12.000000',26,'N','','',47),(3634,'2023-07-18 17:40:13.000000',33,'N','','',47),(3635,'2024-04-11 19:01:01.000000',21,'Y','','',47),(3636,'2023-06-06 13:19:40.000000',26,'Y','','',47),(3637,'2023-05-05 11:48:01.000000',91,'N','','',47),(3638,'2024-01-03 16:36:21.000000',95,'N','','',47),(3639,'2023-04-29 14:29:27.000000',50,'Y','','',47),(3640,'2024-02-12 20:59:38.000000',4,'N','','',47),(3641,'2024-02-19 19:04:24.000000',15,'N','','',47),(3642,'2023-05-12 11:54:20.000000',12,'N','','',47),(3643,'2022-03-25 12:41:22.000000',25,'N','','',47),(3644,'2023-10-09 14:39:18.000000',63,'N','','',47),(3645,'2022-06-22 18:07:04.000000',32,'N','','',47),(3646,'2022-01-30 11:34:50.000000',48,'N','','',47),(3647,'2024-02-16 18:59:14.000000',95,'N','','',47),(3648,'2022-05-01 06:25:03.000000',55,'Y','','',47),(3649,'2023-08-19 17:02:10.000000',83,'N','','',47),(3650,'2022-02-14 14:50:59.000000',65,'Y','','',47),(3651,'2023-12-12 02:33:19.000000',27,'Y','','',47),(3652,'2024-12-20 18:35:01.000000',60,'Y','','',47),(3653,'2022-11-20 00:08:57.000000',69,'Y','','',47),(3654,'2023-05-26 18:23:02.000000',88,'N','','',47),(3655,'2023-08-30 21:33:33.000000',81,'Y','','',47),(3656,'2023-11-10 21:26:25.000000',74,'N','','',47),(3657,'2024-08-05 22:49:13.000000',44,'Y','','',47),(3658,'2023-08-26 16:59:02.000000',28,'Y','','',47),(3659,'2024-01-20 07:00:36.000000',37,'Y','','',47),(3660,'2023-06-17 13:51:38.000000',39,'Y','','',47),(3661,'2023-06-18 03:36:06.000000',44,'N','','',47),(3662,'2022-07-20 04:05:10.000000',75,'N','','',47),(3663,'2022-09-20 14:50:48.000000',17,'N','','',47),(3664,'2024-03-16 10:37:41.000000',94,'N','','',47),(3665,'2022-09-02 10:15:33.000000',36,'N','','',47),(3666,'2022-04-08 15:35:05.000000',33,'N','','',47),(3667,'2023-11-20 00:09:52.000000',15,'Y','','',47),(3668,'2022-12-02 19:35:19.000000',24,'N','','',47),(3669,'2024-03-18 19:12:29.000000',32,'Y','','',47),(3670,'2023-02-28 23:00:08.000000',10,'N','','',47),(3671,'2022-11-28 03:35:58.000000',42,'N','','',47),(3672,'2024-12-28 11:05:00.000000',77,'N','','',47),(3673,'2023-07-24 10:03:57.000000',47,'Y','','',47),(3674,'2023-11-30 17:21:11.000000',4,'N','','',47),(3675,'2024-01-07 18:44:59.000000',56,'Y','','',47),(3676,'2022-09-25 10:27:51.000000',31,'N','','',47),(3677,'2024-09-26 23:46:16.000000',72,'N','','',47),(3678,'2023-12-10 00:45:20.000000',59,'Y','','',47),(3679,'2024-04-07 10:56:34.000000',3,'Y','','',47),(3680,'2022-06-12 10:22:40.000000',62,'N','','',47),(3681,'2022-11-01 20:12:00.000000',17,'Y','','',47),(3682,'2024-10-12 06:52:02.000000',3,'Y','','',47),(3683,'2024-08-01 02:18:41.000000',42,'N','','',47),(3684,'2024-09-08 06:32:35.000000',33,'N','','',47),(3685,'2023-07-10 03:37:41.000000',98,'N','','',47),(3686,'2023-12-21 13:48:07.000000',91,'N','','',47),(3687,'2022-04-01 14:41:42.000000',7,'N','','',47),(3688,'2022-05-06 13:33:14.000000',3,'Y','','',47),(3689,'2022-05-23 08:48:17.000000',9,'N','','',47),(3690,'2024-04-13 03:20:16.000000',93,'N','','',47),(3691,'2022-09-22 17:40:27.000000',79,'Y','','',47),(3692,'2024-12-30 08:24:34.000000',29,'N','','',47),(3693,'2024-04-28 11:43:28.000000',21,'Y','','',47),(3694,'2022-05-22 11:09:00.000000',67,'N','','',47),(3695,'2024-02-16 21:48:09.000000',32,'Y','','',47),(3696,'2024-01-19 15:18:42.000000',28,'N','','',47),(3697,'2024-04-19 02:45:28.000000',10,'N','','',47),(3698,'2024-04-01 21:06:51.000000',39,'Y','','',47),(3699,'2024-04-04 20:47:32.000000',86,'Y','','',47),(3700,'2023-10-27 12:42:30.000000',14,'N','','',47),(3701,'2022-05-22 10:35:12.000000',72,'N','','',47),(3702,'2023-08-04 07:49:12.000000',37,'Y','','',47),(3703,'2022-03-16 11:04:55.000000',74,'N','','',47),(3704,'2023-06-08 10:39:59.000000',22,'Y','','',47),(3705,'2024-06-16 07:11:48.000000',14,'N','','',47),(3706,'2024-01-27 20:20:13.000000',4,'N','','',47),(3707,'2023-09-12 10:57:07.000000',2,'N','','',47),(3708,'2022-11-26 16:32:56.000000',87,'N','','',47),(3709,'2023-02-01 13:08:56.000000',61,'Y','','',47),(3710,'2022-04-24 07:43:42.000000',53,'N','','',47),(3711,'2022-12-11 03:23:18.000000',77,'N','','',47),(3712,'2024-02-10 23:14:52.000000',43,'N','','',47),(3713,'2023-04-23 22:33:34.000000',21,'N','','',47),(3714,'2022-01-15 17:22:59.000000',72,'N','','',47),(3715,'2024-08-05 17:08:52.000000',76,'N','','',47),(3716,'2022-11-28 01:57:31.000000',85,'Y','','',47),(3717,'2024-11-16 12:20:09.000000',19,'Y','','',47),(3718,'2024-09-30 05:46:39.000000',45,'N','','',47),(3719,'2024-07-07 05:53:12.000000',76,'Y','','',47),(3720,'2023-03-02 01:18:57.000000',82,'Y','','',47),(3721,'2022-05-30 20:32:27.000000',64,'N','','',47),(3722,'2023-08-16 11:19:59.000000',25,'N','','',47),(3723,'2023-11-14 10:22:26.000000',95,'N','','',47),(3724,'2024-07-29 08:03:59.000000',53,'N','','',47),(3725,'2024-12-02 03:41:03.000000',95,'Y','','',47),(3726,'2024-08-17 19:08:02.000000',2,'Y','','',47),(3727,'2022-07-02 15:08:12.000000',63,'N','','',47),(3728,'2023-03-03 10:16:25.000000',87,'N','','',47),(3729,'2024-08-22 07:14:15.000000',55,'Y','','',47),(3730,'2024-02-26 06:07:49.000000',22,'Y','','',47),(3731,'2023-02-26 23:10:57.000000',70,'Y','','',47),(3732,'2024-01-29 20:37:10.000000',83,'Y','','',47),(3733,'2023-03-29 18:04:04.000000',89,'Y','','',47),(3734,'2022-10-25 05:04:23.000000',66,'Y','','',47),(3735,'2022-06-04 08:50:30.000000',22,'Y','','',47),(3736,'2023-08-12 17:39:12.000000',10,'Y','','',47),(3737,'2022-11-11 20:10:42.000000',13,'Y','','',47),(3738,'2024-05-05 18:17:33.000000',5,'Y','','',47),(3739,'2024-09-23 04:42:56.000000',99,'Y','','',47),(3740,'2024-01-30 09:00:00.000000',98,'N','','',47),(3741,'2023-11-04 23:10:15.000000',91,'N','','',47),(3742,'2022-09-18 15:29:25.000000',88,'N','','',47),(3743,'2022-05-03 01:47:59.000000',31,'N','','',47),(3744,'2024-07-26 14:46:31.000000',80,'N','','',47),(3745,'2023-07-17 09:31:25.000000',39,'N','','',47),(3746,'2023-10-07 19:24:36.000000',56,'Y','','',47),(3747,'2024-12-23 02:55:14.000000',74,'N','','',47),(3748,'2024-02-16 04:24:38.000000',91,'N','','',47),(3749,'2023-11-14 20:13:06.000000',32,'N','','',47),(3750,'2022-09-07 14:00:16.000000',4,'Y','','',47),(3751,'2023-08-29 05:17:40.000000',14,'Y','','',47),(3752,'2023-06-06 12:17:55.000000',74,'N','','',47),(3753,'2024-11-15 23:46:51.000000',9,'Y','','',47),(3754,'2024-02-27 21:09:38.000000',15,'N','','',47),(3755,'2024-04-04 00:25:14.000000',7,'Y','','',47),(3756,'2023-01-06 06:35:53.000000',35,'N','','',47),(3757,'2022-12-03 01:28:24.000000',77,'Y','','',47),(3758,'2022-01-06 16:53:07.000000',23,'Y','','',47),(3759,'2024-05-16 21:22:12.000000',39,'Y','','',47),(3760,'2023-01-29 07:50:43.000000',76,'Y','','',47),(3761,'2022-05-15 05:51:31.000000',57,'Y','','',47),(3762,'2023-03-27 04:08:11.000000',47,'N','','',47),(3763,'2022-07-01 23:47:27.000000',20,'N','','',47),(3764,'2023-04-09 18:00:15.000000',76,'Y','','',47),(3765,'2022-01-20 11:34:28.000000',45,'Y','','',47),(3766,'2024-10-08 17:52:01.000000',47,'N','','',47),(3767,'2022-10-04 19:38:58.000000',32,'Y','','',47),(3768,'2024-10-23 17:03:17.000000',72,'N','','',47),(3769,'2023-07-29 06:22:29.000000',54,'Y','','',47),(3770,'2023-12-07 21:07:17.000000',53,'N','','',47),(3771,'2023-12-09 00:06:05.000000',44,'N','','',47),(3772,'2024-10-01 08:52:18.000000',26,'N','','',47),(3773,'2022-03-03 23:30:54.000000',91,'Y','','',47),(3774,'2023-03-25 22:09:05.000000',38,'N','','',47),(3775,'2024-06-24 12:39:18.000000',85,'Y','','',47),(3776,'2024-08-30 15:28:56.000000',69,'Y','','',47),(3777,'2024-01-02 09:13:29.000000',57,'N','','',47),(3778,'2024-01-29 22:09:50.000000',67,'Y','','',47),(3779,'2024-05-11 15:53:43.000000',45,'Y','','',47),(3780,'2024-09-10 05:39:31.000000',26,'Y','','',47),(3781,'2024-05-10 20:56:07.000000',82,'N','','',47),(3782,'2023-10-07 18:23:15.000000',25,'Y','','',47),(3783,'2023-07-25 14:13:31.000000',40,'N','','',47),(3784,'2024-02-27 19:57:54.000000',54,'N','','',47),(3785,'2024-06-26 17:42:22.000000',10,'Y','','',47),(3786,'2022-03-07 21:03:21.000000',42,'N','','',47),(3787,'2024-11-28 17:05:09.000000',8,'N','','',47),(3788,'2022-08-28 01:28:16.000000',13,'Y','','',47),(3789,'2023-10-09 10:02:04.000000',19,'Y','','',47),(3790,'2024-06-09 18:33:00.000000',9,'N','','',47),(3791,'2024-04-09 18:19:54.000000',37,'N','','',47),(3792,'2023-06-13 21:34:53.000000',36,'Y','','',47),(3793,'2023-11-20 14:44:23.000000',68,'N','','',47),(3794,'2023-10-25 23:16:43.000000',83,'Y','','',47),(3795,'2023-12-19 00:46:42.000000',90,'Y','','',47),(3796,'2024-01-21 15:09:12.000000',32,'N','','',47),(3797,'2023-06-15 11:43:04.000000',52,'Y','','',47),(3798,'2023-10-22 14:23:28.000000',86,'Y','','',47),(3799,'2023-05-05 23:20:33.000000',28,'N','','',47),(3800,'2022-07-02 06:52:47.000000',59,'Y','','',47),(3801,'2023-03-13 20:24:32.000000',60,'N','','',47),(3802,'2023-08-10 13:25:39.000000',53,'N','','',47),(3803,'2023-12-30 23:46:50.000000',63,'N','','',47),(3804,'2024-10-22 10:29:16.000000',33,'N','','',47),(3805,'2024-04-20 00:31:57.000000',31,'Y','','',47),(3806,'2023-11-11 22:02:04.000000',34,'N','','',47),(3807,'2024-05-17 17:20:13.000000',94,'Y','','',47),(3808,'2023-05-15 07:28:53.000000',3,'Y','','',47),(3809,'2024-07-26 21:40:30.000000',74,'N','','',47),(3810,'2024-05-19 00:01:14.000000',86,'N','','',47),(3811,'2022-03-19 16:02:02.000000',74,'Y','','',47),(3812,'2024-12-16 10:47:42.000000',50,'N','','',47),(3813,'2023-11-07 12:13:21.000000',78,'Y','','',47),(3814,'2023-05-31 09:30:05.000000',43,'Y','','',47),(3815,'2023-04-29 07:14:06.000000',48,'Y','','',47),(3816,'2024-11-20 05:32:02.000000',25,'Y','','',47),(3817,'2023-12-30 05:43:42.000000',89,'Y','','',47),(3818,'2024-02-04 23:12:32.000000',29,'Y','','',47),(3819,'2024-04-03 02:48:38.000000',77,'Y','','',47),(3820,'2022-04-17 20:32:39.000000',95,'N','','',47),(3821,'2022-03-10 02:04:46.000000',17,'Y','','',47),(3822,'2023-10-24 19:10:27.000000',17,'Y','','',47),(3823,'2024-09-28 04:14:48.000000',70,'Y','','',47),(3824,'2024-02-02 01:18:00.000000',67,'Y','','',47),(3825,'2024-09-28 16:59:35.000000',73,'N','','',47),(3826,'2023-01-12 04:59:18.000000',57,'Y','','',47),(3827,'2023-01-04 12:08:20.000000',50,'N','','',47),(3828,'2022-09-15 02:05:56.000000',59,'N','','',47),(3829,'2023-02-14 10:19:24.000000',8,'N','','',47),(3830,'2022-03-24 09:27:22.000000',60,'N','','',47),(3831,'2024-03-18 01:56:18.000000',46,'Y','','',47),(3832,'2023-10-10 12:07:06.000000',46,'Y','','',47),(3833,'2023-10-16 21:34:00.000000',22,'N','','',47),(3834,'2022-03-12 11:02:17.000000',32,'Y','','',47),(3835,'2024-08-08 01:31:09.000000',41,'N','','',47),(3836,'2022-01-31 08:47:10.000000',34,'N','','',47),(3837,'2023-07-09 03:45:39.000000',1,'Y','','',47),(3838,'2022-10-23 13:55:48.000000',17,'N','','',47),(3839,'2023-08-05 15:22:11.000000',8,'N','','',47),(3840,'2022-09-09 02:53:38.000000',27,'Y','','',47),(3841,'2022-05-14 07:56:27.000000',82,'N','','',47),(3842,'2024-07-08 00:48:06.000000',34,'Y','','',47),(3843,'2022-12-10 20:39:39.000000',73,'Y','','',47),(3844,'2023-12-21 17:36:40.000000',71,'Y','','',47),(3845,'2024-08-17 14:00:56.000000',67,'N','','',47),(3846,'2024-10-26 03:05:40.000000',35,'Y','','',47),(3847,'2024-03-02 02:52:25.000000',5,'Y','','',47),(3848,'2022-02-16 16:08:20.000000',91,'N','','',47),(3849,'2022-06-18 21:01:18.000000',44,'N','','',47),(3850,'2023-08-18 10:08:03.000000',54,'N','','',47),(3851,'2024-09-06 17:57:21.000000',60,'N','','',47),(3852,'2023-11-04 22:06:53.000000',7,'N','','',47),(3853,'2023-09-29 01:12:50.000000',61,'Y','','',47),(3854,'2022-12-12 03:28:46.000000',18,'Y','','',47),(3855,'2023-11-05 03:35:40.000000',87,'N','','',47),(3856,'2024-09-01 00:30:14.000000',65,'Y','','',47),(3857,'2023-01-13 08:41:14.000000',79,'Y','','',47),(3858,'2022-04-27 03:18:57.000000',14,'Y','','',47),(3859,'2024-10-03 22:51:46.000000',70,'Y','','',47),(3860,'2023-07-20 17:36:06.000000',11,'N','','',47),(3861,'2024-02-06 02:28:44.000000',2,'Y','','',47),(3862,'2022-01-15 07:59:26.000000',19,'N','','',47),(3863,'2023-12-01 07:59:43.000000',54,'Y','','',47),(3864,'2023-09-30 07:37:50.000000',67,'Y','','',47),(3865,'2024-04-09 08:36:36.000000',69,'N','','',47),(3866,'2022-09-24 23:38:39.000000',24,'N','','',47),(3867,'2023-08-11 09:16:18.000000',52,'N','','',47),(3868,'2022-10-28 03:36:29.000000',42,'Y','','',47),(3869,'2024-12-28 01:05:47.000000',67,'Y','','',47),(3870,'2023-07-23 16:40:37.000000',51,'N','','',47),(3871,'2022-09-28 03:50:43.000000',81,'N','','',47),(3872,'2023-07-12 21:33:15.000000',8,'Y','','',47),(3873,'2022-09-24 23:14:02.000000',96,'N','','',47),(3874,'2023-10-25 07:06:36.000000',63,'N','','',47),(3875,'2023-08-21 05:45:32.000000',50,'Y','','',47),(3876,'2023-09-28 23:16:08.000000',6,'Y','','',47),(3877,'2024-03-15 05:38:17.000000',60,'N','','',47),(3878,'2024-10-17 01:22:48.000000',23,'Y','','',47),(3879,'2023-12-27 08:42:37.000000',50,'Y','','',47),(3880,'2024-07-21 21:56:17.000000',78,'N','','',47),(3881,'2022-04-01 22:37:49.000000',26,'N','','',47),(3882,'2022-01-11 07:29:12.000000',71,'N','','',47),(3883,'2023-11-21 20:13:00.000000',98,'Y','','',47),(3884,'2022-02-06 06:27:35.000000',12,'Y','','',47),(3885,'2023-03-12 11:02:28.000000',5,'Y','','',47),(3886,'2024-11-13 09:43:03.000000',36,'N','','',47),(3887,'2023-11-20 11:19:45.000000',55,'N','','',47),(3888,'2023-01-22 14:25:32.000000',88,'Y','','',47),(3889,'2024-07-28 23:38:07.000000',52,'Y','','',47),(3890,'2023-12-23 03:24:00.000000',61,'Y','','',47),(3891,'2022-08-26 20:29:50.000000',57,'N','','',47),(3892,'2023-08-17 06:11:16.000000',38,'Y','','',47),(3893,'2023-10-06 00:05:02.000000',83,'Y','','',47),(3894,'2022-05-21 04:05:48.000000',59,'Y','','',47),(3895,'2023-04-18 13:27:45.000000',39,'N','','',47),(3896,'2023-06-09 03:43:41.000000',81,'Y','','',47),(3897,'2024-11-13 09:43:16.000000',71,'N','','',47),(3898,'2024-05-01 21:27:49.000000',47,'N','','',47),(3899,'2023-04-22 13:21:19.000000',47,'N','','',47),(3900,'2024-11-26 14:26:31.000000',25,'Y','','',47),(3901,'2023-05-17 00:11:35.000000',77,'Y','','',47),(3902,'2022-05-03 03:13:24.000000',3,'Y','','',47),(3903,'2023-12-07 11:10:32.000000',57,'N','','',47),(3904,'2024-01-21 03:28:15.000000',85,'N','','',47),(3905,'2022-01-23 05:09:19.000000',57,'Y','','',47),(3906,'2024-12-28 12:04:51.000000',94,'Y','','',47),(3907,'2024-01-13 18:40:57.000000',25,'Y','','',47),(3908,'2023-12-03 11:57:48.000000',30,'Y','','',47),(3909,'2024-01-22 05:26:45.000000',5,'N','','',47),(3910,'2023-05-01 09:21:06.000000',39,'N','','',47),(3911,'2022-11-29 02:35:34.000000',33,'N','','',47),(3912,'2024-09-13 01:53:02.000000',81,'Y','','',47),(3913,'2022-09-25 09:14:57.000000',51,'N','','',47),(3914,'2022-01-17 07:49:08.000000',17,'N','','',47),(3915,'2023-07-29 23:11:30.000000',94,'N','','',47),(3916,'2023-01-02 07:35:13.000000',90,'Y','','',47),(3917,'2023-02-07 22:50:16.000000',53,'Y','','',47),(3918,'2022-04-21 09:53:03.000000',88,'N','','',47),(3919,'2023-12-01 15:21:57.000000',47,'Y','','',47),(3920,'2023-04-27 10:05:21.000000',70,'N','','',47),(3921,'2024-12-04 08:07:32.000000',20,'N','','',47),(3922,'2024-06-26 18:09:38.000000',4,'N','','',47),(3923,'2022-05-24 09:53:39.000000',27,'Y','','',47),(3924,'2024-04-23 11:48:25.000000',78,'Y','','',47),(3925,'2023-10-09 22:00:04.000000',6,'Y','','',47),(3926,'2023-04-26 17:45:08.000000',75,'Y','','',47),(3927,'2022-02-14 00:09:25.000000',25,'Y','','',47),(3928,'2024-07-22 03:01:17.000000',59,'Y','','',47),(3929,'2022-02-17 18:42:39.000000',85,'N','','',47),(3930,'2024-12-05 23:12:19.000000',52,'N','','',47),(3931,'2024-02-05 18:32:30.000000',96,'N','','',47),(3932,'2024-05-19 20:10:54.000000',53,'Y','','',47),(3933,'2024-06-09 02:03:35.000000',41,'Y','','',47),(3934,'2023-06-07 01:24:22.000000',17,'N','','',47),(3935,'2024-01-17 00:30:49.000000',28,'Y','','',47),(3936,'2023-10-08 01:37:15.000000',90,'Y','','',47),(3937,'2023-02-01 08:40:45.000000',27,'N','','',47),(3938,'2024-04-14 07:08:29.000000',45,'N','','',47),(3939,'2023-03-23 00:29:08.000000',30,'N','','',47),(3940,'2023-10-01 15:51:01.000000',86,'N','','',47),(3941,'2023-01-25 15:32:39.000000',6,'Y','','',47),(3942,'2022-09-11 15:30:49.000000',87,'Y','','',47),(3943,'2022-04-29 20:06:31.000000',75,'N','','',47),(3944,'2024-08-27 01:41:20.000000',43,'Y','','',47),(3945,'2023-08-12 07:45:33.000000',85,'N','','',47),(3946,'2024-08-10 15:08:45.000000',28,'N','','',47),(3947,'2024-06-07 01:32:34.000000',45,'N','','',47),(3948,'2023-09-23 23:32:25.000000',21,'Y','','',47),(3949,'2024-05-06 18:57:59.000000',63,'Y','','',47),(3950,'2022-07-08 16:46:56.000000',68,'Y','','',47),(3951,'2023-06-16 01:24:24.000000',86,'Y','','',47),(3952,'2023-01-20 16:38:49.000000',78,'N','','',47),(3953,'2022-03-31 17:01:15.000000',1,'Y','','',47),(3954,'2023-10-27 08:37:42.000000',40,'N','','',47),(3955,'2024-05-26 11:36:58.000000',75,'Y','','',47),(3956,'2022-08-19 13:53:19.000000',74,'Y','','',47),(3957,'2022-06-25 14:05:15.000000',85,'N','','',47),(3958,'2023-07-03 19:58:54.000000',38,'N','','',47),(3959,'2024-10-31 15:48:58.000000',13,'Y','','',47),(3960,'2023-06-28 00:08:01.000000',8,'N','','',47),(3961,'2023-01-12 00:54:05.000000',76,'Y','','',47),(3962,'2022-12-25 09:13:55.000000',31,'N','','',47),(3963,'2024-12-09 14:43:43.000000',85,'N','','',47),(3964,'2023-03-23 07:16:44.000000',75,'N','','',47),(3965,'2023-09-14 12:38:13.000000',38,'Y','','',47),(3966,'2022-06-07 02:11:51.000000',39,'N','','',47),(3967,'2022-11-10 07:49:23.000000',5,'N','','',47),(3968,'2022-06-25 10:41:20.000000',82,'Y','','',47),(3969,'2022-01-02 20:23:47.000000',17,'N','','',47),(3970,'2023-10-25 00:59:47.000000',74,'N','','',47),(3971,'2023-06-01 16:03:30.000000',22,'Y','','',47),(3972,'2022-10-04 22:46:23.000000',21,'N','','',47),(3973,'2022-07-06 00:51:30.000000',69,'N','','',47),(3974,'2023-12-27 18:45:41.000000',88,'N','','',47),(3975,'2024-01-17 01:08:44.077000',65,'N','','',47),(3976,'2023-05-02 17:40:20.000000',3,'Y','','',47),(3977,'2023-10-07 07:44:22.000000',18,'N','','',47),(3978,'2023-04-09 21:39:45.000000',27,'N','','',47),(3979,'2023-08-25 22:43:41.000000',78,'N','','',47),(3980,'2023-09-16 17:21:11.000000',70,'Y','','',47),(3981,'2023-03-06 10:44:18.000000',51,'N','','',47),(3982,'2023-12-08 15:56:19.000000',28,'Y','','',47),(3983,'2023-04-04 12:48:18.000000',34,'N','','',47),(3984,'2023-05-08 17:55:26.000000',2,'Y','','',47),(3985,'2023-08-22 20:17:23.000000',51,'N','','',47),(3986,'2023-12-29 04:01:52.000000',57,'Y','','',47),(3987,'2023-03-23 12:31:03.000000',44,'Y','','',47),(3988,'2023-04-21 18:16:28.000000',52,'N','','',47),(3989,'2023-08-28 20:13:30.000000',12,'Y','','',47),(3990,'2023-10-20 12:48:22.000000',37,'Y','','',47),(3991,'2023-04-03 13:07:50.000000',17,'N','','',47),(3992,'2023-08-31 22:14:24.000000',25,'N','','',47),(3993,'2023-07-18 13:25:37.000000',23,'Y','','',47),(3994,'2023-09-02 06:53:48.000000',73,'N','','',47),(3995,'2023-04-04 14:49:52.000000',95,'N','','',47),(3996,'2023-12-10 17:09:06.000000',2,'N','','',47),(3997,'2023-01-25 12:55:15.000000',30,'Y','','',47),(3998,'2023-06-04 01:18:30.000000',73,'N','','',47),(3999,'2023-03-24 05:24:27.000000',44,'Y','','',47),(4000,'2023-07-23 06:13:32.000000',83,'Y','','',47),(4001,'2023-07-22 21:31:32.000000',94,'Y','','',47),(4002,'2023-07-18 18:45:48.000000',2,'N','','',47),(4003,'2023-07-02 04:34:07.000000',63,'N','','',47),(4004,'2023-09-18 08:04:35.000000',1,'Y','','',47),(4005,'2023-04-26 08:13:24.000000',50,'Y','','',47),(4006,'2023-07-25 19:33:13.000000',16,'N','','',47),(4007,'2023-04-27 17:59:39.000000',49,'N','','',47),(4008,'2023-02-25 08:56:01.000000',21,'N','','',47),(4009,'2023-02-12 09:56:48.000000',40,'N','','',47),(4010,'2023-09-23 01:27:14.000000',90,'Y','','',47),(4011,'2023-01-12 23:22:00.000000',93,'Y','','',47),(4012,'2023-01-16 02:01:40.000000',55,'N','','',47),(4013,'2023-04-15 10:07:34.000000',48,'N','','',47),(4014,'2023-08-25 10:09:30.000000',10,'N','','',47),(4015,'2023-12-27 21:17:38.000000',13,'N','','',47),(4016,'2023-07-15 12:45:51.000000',10,'Y','','',47),(4017,'2023-04-01 20:56:00.000000',84,'N','','',47),(4018,'2023-04-27 02:11:19.000000',1,'Y','','',47),(4019,'2023-07-31 03:24:32.000000',93,'Y','','',47),(4020,'2023-07-17 21:02:46.000000',17,'Y','','',47),(4021,'2023-07-30 12:51:38.000000',57,'N','','',47),(4022,'2023-05-19 06:15:19.000000',92,'N','','',47),(4023,'2023-02-14 01:28:21.000000',9,'Y','','',47),(4024,'2023-08-19 14:57:58.000000',77,'Y','','',47),(4025,'2023-10-12 18:37:12.000000',89,'Y','','',47),(4026,'2023-09-20 14:42:34.000000',13,'Y','','',47),(4027,'2023-12-16 23:55:15.000000',57,'N','','',47),(4028,'2023-02-19 16:49:54.000000',15,'Y','','',47),(4029,'2023-05-09 13:00:04.000000',82,'Y','','',47),(4030,'2023-04-16 09:39:35.000000',81,'Y','','',47),(4031,'2023-07-17 17:59:25.000000',41,'Y','','',47),(4032,'2023-07-05 03:34:27.000000',36,'Y','','',47),(4033,'2023-01-15 18:10:09.000000',79,'Y','','',47),(4034,'2023-04-18 00:15:18.000000',60,'Y','','',47),(4035,'2023-07-04 10:15:21.000000',99,'Y','','',47),(4036,'2023-09-03 14:05:46.000000',51,'N','','',47),(4037,'2023-04-04 19:00:22.000000',20,'Y','','',47),(4038,'2023-02-21 06:57:43.000000',47,'N','','',47),(4039,'2023-07-05 02:00:21.000000',97,'N','','',47),(4040,'2023-12-05 11:58:22.000000',44,'N','','',47),(4041,'2023-02-19 06:48:19.000000',40,'N','','',47),(4042,'2023-11-24 09:50:08.000000',75,'N','','',47),(4043,'2023-05-29 12:36:35.000000',94,'Y','','',47),(4044,'2023-08-10 02:09:36.000000',68,'N','','',47),(4045,'2023-05-29 07:31:14.000000',35,'Y','','',47),(4046,'2023-09-03 23:41:16.000000',61,'Y','','',47),(4047,'2023-01-30 03:13:59.000000',36,'Y','','',47),(4048,'2023-03-28 01:19:25.000000',57,'Y','','',47),(4049,'2023-09-24 23:30:13.000000',82,'N','','',47),(4050,'2023-02-28 05:14:40.000000',16,'N','','',47),(4051,'2023-07-17 22:31:43.000000',93,'N','','',47),(4052,'2023-12-05 18:06:22.000000',61,'Y','','',47),(4053,'2023-05-12 21:22:58.000000',55,'Y','','',47),(4054,'2023-12-22 03:11:53.000000',93,'Y','','',47),(4055,'2023-05-20 19:47:37.000000',35,'N','','',47),(4056,'2023-12-15 06:18:57.000000',78,'Y','','',47),(4057,'2023-07-08 07:05:19.000000',28,'N','','',47),(4058,'2023-04-15 01:07:45.000000',78,'N','','',47),(4059,'2023-11-20 00:15:48.000000',66,'N','','',47),(4060,'2023-06-11 06:23:07.000000',97,'Y','','',47),(4061,'2023-01-18 21:27:31.000000',10,'Y','','',47),(4062,'2023-02-21 00:18:22.000000',16,'Y','','',47),(4063,'2023-12-14 23:04:26.000000',6,'Y','','',47),(4064,'2023-11-07 18:36:34.000000',89,'N','','',47),(4065,'2023-06-03 11:06:00.000000',52,'N','','',47),(4066,'2023-02-17 09:33:41.000000',41,'N','','',47),(4067,'2023-11-19 02:41:24.000000',37,'N','','',47),(4068,'2023-07-22 15:46:51.000000',8,'N','','',47),(4069,'2023-10-21 20:54:35.000000',5,'Y','','',47),(4070,'2023-06-21 05:13:40.000000',23,'Y','','',47),(4071,'2023-12-14 10:47:56.000000',85,'N','','',47),(4072,'2023-11-20 06:18:22.000000',98,'N','','',47),(4073,'2023-05-04 21:00:44.000000',3,'Y','','',47),(4074,'2023-06-22 21:42:07.000000',10,'Y','','',47),(4075,'2023-08-28 05:47:08.000000',13,'Y','','',47),(4076,'2023-02-11 23:30:52.000000',83,'Y','','',47),(4077,'2023-08-10 14:13:16.000000',26,'N','','',47),(4078,'2023-05-28 18:38:26.000000',15,'Y','','',47),(4079,'2023-04-24 14:00:09.000000',45,'N','','',47),(4080,'2023-08-11 01:05:13.000000',15,'N','','',47),(4081,'2023-06-18 11:45:53.000000',55,'Y','','',47),(4082,'2023-10-15 19:45:34.000000',78,'N','','',47),(4083,'2023-06-11 21:16:24.000000',63,'Y','','',47),(4084,'2023-05-07 00:34:04.000000',3,'Y','','',47),(4085,'2023-01-01 00:30:22.000000',24,'N','','',47),(4086,'2023-01-07 16:10:09.000000',31,'N','','',47),(4087,'2023-04-08 16:58:11.000000',96,'N','','',47),(4088,'2023-07-12 08:54:06.000000',58,'Y','','',47),(4089,'2023-11-27 03:30:50.000000',36,'N','','',47),(4090,'2023-12-01 03:31:27.000000',84,'N','','',47),(4091,'2023-10-21 20:42:32.000000',20,'N','','',47),(4092,'2023-02-06 22:25:01.000000',8,'N','','',47),(4093,'2023-05-14 11:47:49.000000',73,'N','','',47),(4094,'2023-11-06 17:53:05.000000',58,'N','','',47),(4095,'2023-01-24 00:48:20.000000',45,'Y','','',47),(4096,'2023-09-25 13:19:36.000000',40,'N','','',47),(4097,'2023-03-22 23:50:29.000000',90,'Y','','',47),(4098,'2023-12-06 18:12:41.000000',66,'Y','','',47),(4099,'2023-08-29 07:32:06.000000',94,'N','','',47),(4100,'2023-06-17 22:19:54.000000',85,'N','','',47),(4101,'2023-12-26 15:10:18.000000',80,'Y','','',47),(4102,'2023-01-06 17:00:54.000000',28,'N','','',47),(4103,'2023-10-11 22:24:29.000000',12,'N','','',47),(4104,'2023-07-12 02:32:56.000000',14,'N','','',47),(4105,'2023-02-16 13:20:23.000000',80,'Y','','',47),(4106,'2023-01-01 17:27:44.000000',65,'N','','',47),(4107,'2023-03-14 05:36:42.000000',28,'N','','',47),(4108,'2023-01-04 03:56:53.000000',31,'N','','',47),(4109,'2023-01-07 09:30:21.000000',11,'Y','','',47),(4110,'2023-06-06 11:39:56.000000',18,'Y','','',47),(4111,'2023-02-01 22:39:50.000000',92,'Y','','',47),(4112,'2023-03-19 14:06:28.000000',76,'N','','',47),(4113,'2023-10-15 13:29:12.000000',23,'Y','','',47),(4114,'2023-03-06 09:49:52.000000',45,'Y','','',47),(4115,'2023-07-02 17:45:11.000000',85,'Y','','',47),(4116,'2023-12-16 15:59:14.000000',59,'N','','',47),(4117,'2023-07-02 15:59:50.000000',66,'N','','',47),(4118,'2023-06-08 23:37:26.000000',69,'Y','','',47),(4119,'2023-09-11 06:29:19.000000',62,'N','','',47),(4120,'2023-09-08 20:38:47.000000',40,'Y','','',47),(4121,'2023-04-02 14:20:19.000000',88,'Y','','',47),(4122,'2023-01-29 15:44:04.000000',91,'Y','','',47),(4123,'2023-04-24 08:13:22.000000',91,'N','','',47),(4124,'2023-12-06 08:55:03.000000',77,'Y','','',47),(4125,'2023-01-04 02:51:32.000000',37,'Y','','',47),(4126,'2023-05-10 16:16:51.000000',57,'N','','',47),(4127,'2023-05-15 19:28:30.000000',27,'N','','',47),(4128,'2023-08-09 15:05:54.000000',22,'N','','',47),(4129,'2023-12-08 09:08:21.000000',54,'Y','','',47),(4130,'2023-12-18 02:32:30.000000',14,'Y','','',47),(4131,'2023-08-06 11:39:27.000000',76,'Y','','',47),(4132,'2023-04-20 20:37:47.000000',95,'Y','','',47),(4133,'2023-12-16 03:54:27.000000',32,'N','','',47),(4134,'2023-11-04 18:01:48.000000',65,'Y','','',47),(4135,'2023-01-22 01:20:28.000000',54,'N','','',47),(4136,'2023-12-31 07:32:04.000000',72,'Y','','',47),(4137,'2023-03-04 16:59:03.000000',71,'Y','','',47),(4138,'2023-05-27 06:28:01.000000',46,'Y','','',47),(4139,'2023-09-15 05:30:18.000000',14,'Y','','',47),(4140,'2023-12-12 17:33:46.000000',58,'N','','',47),(4141,'2023-03-19 18:25:06.000000',97,'N','','',47),(4142,'2023-04-06 10:59:17.000000',40,'N','','',47),(4143,'2023-03-07 10:55:11.000000',80,'Y','','',47),(4144,'2023-11-30 02:19:12.000000',46,'N','','',47),(4145,'2023-01-24 12:30:19.000000',55,'Y','','',47),(4146,'2023-09-09 12:23:59.000000',19,'N','','',47),(4147,'2023-01-08 07:24:53.000000',16,'Y','','',47),(4148,'2023-08-02 09:10:24.000000',87,'Y','','',47),(4149,'2023-02-10 11:18:35.000000',35,'N','','',47),(4150,'2023-06-27 06:50:32.000000',40,'Y','','',47),(4151,'2023-10-26 20:21:12.000000',78,'Y','','',47),(4152,'2023-04-25 09:57:08.000000',64,'N','','',47),(4153,'2023-01-19 11:55:31.000000',1,'Y','','',47),(4154,'2023-08-20 23:58:17.000000',16,'N','','',47),(4155,'2023-04-24 13:24:54.000000',82,'N','','',47),(4156,'2023-11-13 08:53:50.000000',60,'N','','',47),(4157,'2023-11-14 00:16:24.000000',75,'N','','',47),(4158,'2023-07-16 05:43:48.000000',45,'Y','','',47),(4159,'2023-06-17 19:22:01.000000',60,'N','','',47),(4160,'2023-01-23 10:58:23.000000',28,'Y','','',47),(4161,'2023-03-07 19:31:58.000000',82,'N','','',47),(4162,'2023-08-26 22:41:15.000000',63,'Y','','',47),(4163,'2023-12-17 07:04:07.000000',75,'N','','',47),(4164,'2023-04-01 18:35:40.000000',6,'Y','','',47),(4165,'2023-12-09 19:18:50.000000',14,'N','','',47),(4166,'2023-06-02 16:56:01.000000',33,'N','','',47),(4167,'2023-04-27 10:44:12.000000',47,'N','','',47),(4168,'2023-05-24 01:12:37.000000',16,'Y','','',47),(4169,'2023-10-14 00:09:17.000000',54,'Y','','',47),(4170,'2023-11-15 17:22:12.000000',45,'N','','',47),(4171,'2023-10-01 15:47:09.000000',60,'Y','','',47),(4172,'2023-12-05 07:20:58.000000',56,'N','','',47),(4173,'2023-01-19 17:16:18.000000',84,'N','','',47),(4174,'2023-07-14 00:34:38.000000',59,'N','','',47),(4175,'2023-04-04 08:53:06.000000',86,'Y','','',47),(4176,'2023-12-19 08:17:22.000000',9,'Y','','',47),(4177,'2023-11-26 15:13:59.000000',86,'N','','',47),(4178,'2023-02-26 06:36:49.000000',1,'N','','',47),(4179,'2023-03-28 01:46:40.000000',90,'N','','',47),(4180,'2023-12-20 14:54:18.000000',62,'Y','','',47),(4181,'2023-09-27 11:10:58.000000',3,'Y','','',47),(4182,'2023-04-02 17:40:55.000000',59,'N','','',47),(4183,'2023-03-13 23:19:38.000000',66,'Y','','',47),(4184,'2023-05-25 10:52:06.000000',99,'Y','','',47),(4185,'2023-01-22 15:44:17.000000',96,'Y','','',47),(4186,'2023-01-08 22:21:32.000000',3,'Y','','',47),(4187,'2023-07-25 06:29:14.000000',26,'N','','',47),(4188,'2023-04-14 23:54:17.000000',49,'N','','',47),(4189,'2023-05-27 20:03:19.000000',35,'N','','',47),(4190,'2023-04-20 03:06:50.000000',96,'Y','','',47),(4191,'2023-10-17 22:26:00.000000',49,'Y','','',47),(4192,'2023-08-30 09:34:54.000000',20,'Y','','',47),(4193,'2023-03-21 23:53:45.000000',50,'Y','','',47),(4194,'2023-03-20 14:11:32.000000',37,'N','','',47),(4195,'2023-06-15 03:55:28.000000',4,'N','','',47),(4196,'2023-07-03 22:18:30.000000',75,'Y','','',47),(4197,'2023-04-26 02:48:07.000000',17,'Y','','',47),(4198,'2023-07-29 05:04:15.000000',30,'Y','','',47),(4199,'2023-11-20 16:09:23.000000',75,'Y','','',47),(4200,'2023-05-08 01:59:36.000000',18,'N','','',47),(4201,'2023-01-15 06:51:51.000000',39,'Y','','',47),(4202,'2023-04-09 06:22:13.000000',97,'N','','',47),(4203,'2023-12-09 17:20:54.000000',57,'Y','','',47),(4204,'2023-05-27 22:02:58.000000',81,'N','','',47),(4205,'2023-08-04 05:34:24.000000',82,'N','','',47),(4206,'2023-01-10 09:15:59.000000',42,'N','','',47),(4207,'2023-02-20 12:52:02.000000',51,'Y','','',47),(4208,'2023-09-25 11:35:09.000000',14,'N','','',47),(4209,'2023-09-01 21:48:55.000000',88,'Y','','',47),(4210,'2023-03-03 11:12:07.000000',22,'Y','','',47),(4211,'2023-10-12 22:56:22.000000',7,'N','','',47),(4212,'2023-04-16 04:06:11.000000',22,'N','','',47),(4213,'2023-07-12 02:32:02.000000',33,'N','','',47),(4214,'2023-12-16 15:58:48.000000',94,'Y','','',47),(4215,'2023-03-06 12:30:24.000000',30,'N','','',47),(4216,'2023-12-23 17:22:35.000000',63,'Y','','',47),(4217,'2023-12-07 14:16:26.000000',12,'N','','',47),(4218,'2023-11-06 11:05:17.000000',33,'N','','',47),(4219,'2023-07-13 12:30:35.000000',17,'N','','',47),(4220,'2023-12-22 01:07:14.000000',18,'Y','','',47),(4221,'2023-08-27 20:52:21.000000',34,'N','','',47),(4222,'2023-02-10 01:40:20.000000',32,'N','','',47),(4223,'2023-09-13 05:53:24.000000',48,'N','','',47),(4224,'2023-11-20 08:59:14.000000',40,'N','','',47),(4225,'2023-04-10 16:07:31.000000',34,'Y','','',47),(4226,'2023-08-23 16:09:56.000000',82,'Y','','',47),(4227,'2023-04-15 11:28:49.000000',77,'N','','',47),(4228,'2023-12-13 03:22:08.000000',88,'N','','',47),(4229,'2023-02-04 22:11:00.000000',61,'N','','',47),(4230,'2023-03-13 00:36:41.000000',14,'Y','','',47),(4231,'2023-09-14 04:26:18.000000',84,'Y','','',47),(4232,'2023-01-22 19:32:24.000000',84,'Y','','',47),(4233,'2023-02-19 03:31:00.000000',28,'N','','',47),(4234,'2023-12-25 11:08:17.000000',98,'N','','',47),(4235,'2023-08-09 02:37:52.000000',4,'Y','','',47),(4236,'2023-07-31 20:32:41.000000',3,'N','','',47),(4237,'2023-04-03 08:31:41.000000',62,'N','','',47),(4238,'2023-01-01 16:36:10.000000',27,'N','','',47),(4239,'2023-05-06 19:25:35.000000',66,'N','','',47),(4240,'2023-04-19 01:47:37.000000',62,'Y','','',47),(4241,'2023-01-25 17:16:26.000000',71,'Y','','',47),(4242,'2023-02-12 21:20:31.000000',56,'Y','','',47),(4243,'2023-10-22 20:03:33.000000',22,'N','','',47),(4244,'2023-05-01 12:49:17.000000',73,'N','','',47),(4245,'2023-02-11 19:14:31.000000',42,'Y','','',47),(4246,'2023-05-31 18:16:57.000000',71,'N','','',47),(4247,'2023-05-19 09:42:43.000000',58,'Y','','',47),(4248,'2023-01-09 10:09:28.000000',25,'Y','','',47),(4249,'2023-03-21 07:00:04.000000',33,'Y','','',47),(4250,'2023-09-29 01:10:52.000000',28,'N','','',47),(4251,'2023-11-29 18:43:59.000000',36,'Y','','',47),(4252,'2023-10-27 16:24:04.000000',96,'N','','',47),(4253,'2023-02-06 19:25:05.000000',9,'N','','',47),(4254,'2023-10-17 11:25:41.000000',49,'N','','',47),(4255,'2023-07-20 08:02:01.000000',63,'Y','','',47),(4256,'2023-02-08 12:16:50.000000',11,'Y','','',47),(4257,'2023-07-13 05:05:34.000000',35,'Y','','',47),(4258,'2023-01-15 05:16:44.000000',54,'Y','','',47),(4259,'2023-05-25 17:55:36.000000',3,'Y','','',47),(4260,'2023-01-28 15:16:02.000000',84,'Y','','',47),(4261,'2023-02-08 09:19:22.000000',20,'N','','',47),(4262,'2023-01-25 04:01:40.000000',55,'N','','',47),(4263,'2023-03-02 05:19:03.000000',32,'Y','','',47),(4264,'2023-05-23 15:56:31.000000',30,'Y','','',47),(4265,'2023-06-20 00:14:44.000000',6,'N','','',47),(4266,'2023-12-16 09:10:31.000000',32,'Y','','',47),(4267,'2023-07-28 00:11:49.000000',70,'N','','',47),(4268,'2023-10-13 19:35:09.000000',21,'N','','',47),(4269,'2023-08-15 11:10:08.000000',63,'Y','','',47),(4270,'2023-04-20 00:28:39.000000',28,'Y','','',47),(4271,'2023-05-21 12:02:15.000000',18,'Y','','',47),(4272,'2023-10-31 10:31:08.000000',68,'Y','','',47),(4273,'2023-09-22 19:13:25.000000',26,'N','','',47),(4274,'2023-03-20 10:02:43.000000',35,'Y','','',47),(4275,'2023-07-30 20:51:48.000000',44,'N','','',47),(4276,'2023-10-21 06:59:41.000000',18,'N','','',47),(4277,'2023-11-12 15:27:21.000000',86,'N','','',47),(4278,'2023-06-05 03:33:23.000000',6,'Y','','',47),(4279,'2023-07-31 23:10:39.000000',81,'N','','',47),(4280,'2023-11-28 13:50:07.000000',64,'Y','','',47),(4281,'2023-11-14 09:42:03.000000',9,'Y','','',47),(4282,'2023-07-18 15:28:08.000000',79,'Y','','',47),(4283,'2023-05-20 08:52:49.000000',19,'N','','',47),(4284,'2023-09-13 02:39:48.000000',86,'Y','','',47),(4285,'2023-01-25 16:00:41.000000',76,'N','','',47),(4286,'2023-09-22 07:08:16.000000',23,'N','','',47),(4287,'2023-02-19 20:34:27.000000',14,'N','','',47),(4288,'2023-08-19 08:02:47.000000',73,'Y','','',47),(4289,'2023-09-16 10:44:48.000000',62,'Y','','',47),(4290,'2023-11-05 16:47:08.000000',22,'N','','',47),(4291,'2023-07-16 02:15:31.000000',38,'N','','',47),(4292,'2023-01-11 04:00:20.000000',32,'N','','',47),(4293,'2023-07-29 09:08:10.000000',80,'N','','',47),(4294,'2023-11-15 10:26:29.000000',57,'N','','',47),(4295,'2023-11-10 22:46:16.000000',56,'N','','',47),(4296,'2023-02-26 01:42:37.000000',39,'N','','',47),(4297,'2023-03-05 04:17:54.000000',29,'N','','',47),(4298,'2023-10-03 18:54:36.000000',46,'N','','',47),(4299,'2023-02-04 02:34:38.000000',40,'Y','','',47),(4300,'2023-10-13 01:13:22.000000',21,'N','','',47),(4301,'2023-05-14 17:03:04.000000',27,'Y','','',47),(4302,'2023-06-17 16:24:17.000000',12,'N','','',47),(4303,'2023-12-17 09:24:17.000000',89,'N','','',47),(4304,'2023-06-08 21:27:08.000000',75,'Y','','',47),(4305,'2023-01-09 23:08:50.000000',56,'N','','',47),(4306,'2023-01-12 03:44:36.000000',3,'N','','',47),(4307,'2023-10-29 13:34:16.000000',67,'N','','',47),(4308,'2023-02-19 19:45:40.000000',73,'N','','',47),(4309,'2023-03-02 12:59:23.000000',80,'N','','',47),(4310,'2023-05-16 21:38:30.000000',95,'Y','','',47),(4311,'2023-05-13 15:09:54.000000',43,'N','','',47),(4312,'2023-07-10 08:50:22.000000',51,'N','','',47),(4313,'2023-06-19 10:26:27.000000',84,'N','','',47),(4314,'2023-11-17 12:24:38.000000',86,'Y','','',47),(4315,'2023-10-21 00:31:50.000000',14,'N','','',47),(4316,'2023-08-21 23:50:48.000000',91,'N','','',47),(4317,'2023-01-10 07:44:08.000000',56,'N','','',47),(4318,'2023-03-09 15:34:03.000000',86,'N','','',47),(4319,'2023-05-08 22:55:49.000000',6,'Y','','',47),(4320,'2023-09-29 14:19:22.000000',10,'N','','',47),(4321,'2023-06-23 13:16:49.000000',28,'Y','','',47),(4322,'2023-01-30 16:22:53.000000',68,'N','','',47),(4323,'2023-12-09 03:38:54.000000',67,'Y','','',47),(4324,'2023-06-12 18:10:25.000000',76,'Y','','',47),(4325,'2023-08-07 04:28:56.000000',31,'Y','','',47),(4326,'2023-09-22 16:13:55.000000',7,'Y','','',47),(4327,'2023-11-20 20:04:36.000000',36,'N','','',47),(4328,'2023-05-24 05:08:16.000000',14,'N','','',47),(4329,'2023-12-22 20:17:55.000000',89,'N','','',47),(4330,'2023-02-03 14:26:08.000000',62,'N','','',47),(4331,'2023-03-15 13:44:55.000000',21,'Y','','',47),(4332,'2023-02-01 07:36:41.000000',80,'N','','',47),(4333,'2023-10-04 14:51:01.000000',77,'N','','',47),(4334,'2023-08-02 22:54:37.000000',54,'Y','','',47),(4335,'2023-08-24 18:18:21.000000',3,'N','','',47),(4336,'2023-09-01 23:21:39.000000',39,'Y','','',47),(4337,'2023-11-29 11:53:06.000000',41,'Y','','',47),(4338,'2023-10-15 17:43:38.000000',34,'N','','',47),(4339,'2023-10-18 22:47:59.000000',44,'Y','','',47),(4340,'2023-05-28 09:31:32.000000',2,'Y','','',47),(4341,'2023-06-08 15:57:31.000000',88,'Y','','',47),(4342,'2023-02-01 20:41:33.000000',41,'Y','','',47),(4343,'2023-02-04 17:04:37.000000',13,'Y','','',47),(4344,'2023-08-22 18:59:22.000000',59,'Y','','',47),(4345,'2023-03-30 01:12:34.000000',70,'Y','','',47),(4346,'2023-08-03 04:27:28.000000',67,'Y','','',47),(4347,'2023-06-29 20:18:29.000000',69,'Y','','',47),(4348,'2023-05-02 12:31:06.000000',65,'N','','',47),(4349,'2023-05-19 22:50:13.000000',56,'Y','','',47),(4350,'2023-01-10 04:31:48.000000',73,'N','','',47),(4351,'2023-12-14 23:53:24.000000',26,'N','','',47),(4352,'2023-08-06 15:03:43.000000',34,'N','','',47),(4353,'2023-11-22 14:59:26.000000',78,'Y','','',47),(4354,'2023-03-22 15:37:04.000000',14,'Y','','',47),(4355,'2023-08-05 16:26:53.000000',89,'Y','','',47),(4356,'2023-07-20 01:02:23.000000',3,'N','','',47),(4357,'2023-11-23 01:37:30.000000',59,'N','','',47),(4358,'2023-05-01 19:31:01.000000',2,'N','','',47),(4359,'2023-04-10 02:05:35.000000',82,'Y','','',47),(4360,'2023-10-25 04:32:17.000000',77,'Y','','',47),(4361,'2023-05-08 06:48:03.000000',9,'Y','','',47),(4362,'2023-09-12 21:32:21.000000',55,'N','','',47),(4363,'2023-12-06 05:59:55.000000',80,'N','','',47),(4364,'2023-02-22 01:31:19.000000',21,'N','','',47),(4365,'2023-05-06 03:46:11.000000',62,'N','','',47),(4366,'2023-09-10 15:59:09.000000',24,'Y','','',47),(4367,'2023-03-19 01:20:59.000000',42,'N','','',47),(4368,'2023-01-01 21:26:02.000000',42,'N','','',47),(4369,'2023-06-18 20:56:10.000000',50,'N','','',47),(4370,'2023-09-26 14:28:19.000000',94,'Y','','',47),(4371,'2023-10-12 19:51:32.000000',51,'N','','',47),(4372,'2023-09-02 16:58:56.000000',2,'N','','',47),(4373,'2023-07-23 08:14:47.000000',57,'N','','',47),(4374,'2023-12-05 18:14:05.000000',31,'N','','',47),(4375,'2023-01-21 01:03:16.000000',14,'Y','','',47),(4376,'2023-09-10 18:32:01.000000',78,'Y','','',47),(4377,'2023-06-02 10:24:50.000000',98,'N','','',47),(4378,'2023-03-20 16:22:17.000000',73,'Y','','',47),(4379,'2023-09-16 12:28:22.000000',12,'N','','',47),(4380,'2023-11-10 22:46:40.000000',54,'N','','',47),(4381,'2023-12-22 22:25:55.000000',58,'Y','','',47),(4382,'2023-04-23 00:23:27.000000',71,'N','','',47),(4383,'2023-08-06 22:32:58.000000',95,'N','','',47),(4384,'2023-08-07 23:53:41.000000',60,'N','','',47),(4385,'2023-11-22 13:37:54.000000',45,'N','','',47),(4386,'2023-03-07 06:54:13.000000',56,'Y','','',47),(4387,'2023-06-21 10:26:59.000000',21,'Y','','',47),(4388,'2023-10-25 00:16:12.000000',25,'N','','',47),(4389,'2023-01-17 19:49:36.000000',88,'N','','',47),(4390,'2023-09-20 03:26:34.000000',86,'Y','','',47),(4391,'2023-08-11 00:56:47.000000',41,'N','','',47),(4392,'2023-08-14 15:17:52.000000',78,'Y','','',47),(4393,'2023-09-02 13:36:48.000000',28,'Y','','',47),(4394,'2023-05-13 06:44:28.000000',78,'Y','','',47),(4395,'2023-05-02 04:12:00.000000',79,'N','','',47),(4396,'2023-01-20 14:15:16.000000',63,'Y','','',47),(4397,'2023-07-06 21:09:53.000000',63,'N','','',47),(4398,'2023-10-21 01:54:39.000000',68,'Y','','',47),(4399,'2023-02-13 06:00:50.000000',31,'Y','','',47),(4400,'2023-01-18 06:06:25.000000',99,'N','','',47),(4401,'2023-04-20 16:25:11.000000',5,'N','','',47),(4402,'2023-07-06 06:55:50.000000',74,'N','','',47),(4403,'2023-04-06 03:39:07.000000',2,'Y','','',47),(4404,'2023-06-29 04:48:56.000000',16,'Y','','',47),(4405,'2023-11-06 16:00:58.000000',78,'N','','',47),(4406,'2023-01-30 23:35:32.000000',77,'N','','',47),(4407,'2023-10-12 17:38:54.000000',32,'N','','',47),(4408,'2023-01-28 05:36:17.000000',63,'Y','','',47),(4409,'2023-09-25 02:27:07.000000',73,'Y','','',47),(4410,'2023-03-04 02:28:07.000000',54,'Y','','',47),(4411,'2023-04-21 21:54:57.000000',60,'Y','','',47),(4412,'2023-01-03 06:00:38.000000',24,'N','','',47),(4413,'2023-03-29 15:58:40.000000',39,'Y','','',47),(4414,'2023-05-06 18:22:59.000000',79,'N','','',47),(4415,'2023-05-17 21:38:42.000000',9,'Y','','',47),(4416,'2023-09-07 07:30:55.000000',86,'Y','','',47),(4417,'2023-07-05 22:35:11.000000',38,'Y','','',47),(4418,'2023-04-30 17:29:10.000000',43,'Y','','',47),(4419,'2023-02-17 00:00:08.000000',45,'N','','',47),(4420,'2023-06-27 02:24:17.000000',90,'Y','','',47),(4421,'2023-01-30 06:05:14.000000',57,'N','','',47),(4422,'2023-06-26 13:07:53.000000',59,'N','','',47),(4423,'2023-12-25 14:37:36.000000',74,'N','','',47),(4424,'2023-01-31 16:22:01.000000',45,'Y','','',47),(4425,'2023-03-16 17:48:07.000000',86,'N','','',47),(4426,'2023-10-15 12:00:54.000000',12,'Y','','',47),(4427,'2023-10-06 08:16:23.000000',38,'Y','','',47),(4428,'2023-03-23 11:52:20.000000',73,'Y','','',47),(4429,'2023-01-31 20:48:23.000000',1,'N','','',47),(4430,'2023-08-27 10:03:12.000000',65,'N','','',47),(4431,'2023-11-10 05:54:44.000000',96,'N','','',47),(4432,'2023-11-03 14:29:16.000000',30,'N','','',47),(4433,'2023-11-20 21:29:51.000000',96,'Y','','',47),(4434,'2023-12-29 21:41:02.000000',11,'Y','','',47),(4435,'2023-02-21 06:10:36.000000',85,'Y','','',47),(4436,'2023-08-03 22:36:34.000000',55,'Y','','',47),(4437,'2023-01-16 00:58:54.000000',13,'Y','','',47),(4438,'2023-09-15 01:24:45.000000',93,'Y','','',47),(4439,'2023-08-03 08:46:15.000000',41,'N','','',47),(4440,'2023-01-09 15:13:26.000000',24,'Y','','',47),(4441,'2023-10-13 12:31:56.000000',49,'Y','','',47),(4442,'2023-08-13 21:30:28.000000',26,'N','','',47),(4443,'2023-11-20 15:21:33.000000',6,'Y','','',47),(4444,'2023-01-12 08:11:59.000000',39,'Y','','',47),(4445,'2023-02-14 06:57:44.000000',14,'N','','',47),(4446,'2023-01-13 00:42:19.000000',51,'N','','',47),(4447,'2023-09-16 11:14:14.000000',41,'Y','','',47),(4448,'2023-02-10 08:41:04.000000',89,'Y','','',47),(4449,'2023-07-24 06:13:53.000000',74,'Y','','',47),(4450,'2023-01-08 07:43:03.000000',95,'N','','',47),(4451,'2023-05-21 02:17:38.000000',76,'N','','',47),(4452,'2023-11-22 03:00:42.000000',55,'N','','',47),(4453,'2023-06-02 01:53:07.000000',55,'Y','','',47),(4454,'2023-02-08 09:49:03.000000',74,'N','','',47),(4455,'2023-07-21 19:26:57.000000',24,'N','','',47),(4456,'2023-02-23 16:39:26.000000',44,'N','','',47),(4457,'2023-01-17 01:02:28.000000',57,'Y','','',47),(4458,'2023-12-29 11:07:47.000000',2,'N','','',47),(4459,'2023-05-11 01:21:51.000000',75,'N','','',47),(4460,'2023-12-27 11:05:26.000000',57,'N','','',47),(4461,'2023-08-07 21:27:53.000000',54,'N','','',47),(4462,'2023-04-14 05:23:16.000000',23,'N','','',47),(4463,'2023-02-04 07:26:58.000000',85,'N','','',47),(4464,'2023-03-30 11:04:25.000000',93,'N','','',47),(4465,'2023-07-10 01:22:43.000000',83,'Y','','',47),(4466,'2023-04-20 19:21:45.000000',73,'N','','',47),(4467,'2023-01-02 23:43:44.000000',5,'N','','',47),(4468,'2023-07-07 09:29:42.000000',26,'N','','',47),(4469,'2023-03-16 00:30:06.000000',32,'N','','',47),(4470,'2023-08-27 07:50:40.000000',4,'Y','','',47),(4471,'2023-10-21 07:15:44.000000',43,'Y','','',47),(4472,'2023-06-14 00:23:46.000000',13,'Y','','',47),(4473,'2023-06-09 17:10:38.000000',8,'Y','','',47),(4474,'2023-05-19 16:22:22.000000',70,'Y','','',47),(4475,'2023-04-25 00:13:16.000000',90,'Y','','',47),(4476,'2023-01-13 22:00:18.000000',22,'N','','',47),(4477,'2023-08-09 16:24:15.000000',23,'Y','','',47),(4478,'2023-03-25 06:01:05.000000',5,'Y','','',47),(4479,'2023-06-29 10:44:57.000000',72,'Y','','',47),(4480,'2023-11-11 17:06:01.000000',12,'N','','',47),(4481,'2023-04-18 05:17:21.000000',72,'Y','','',47),(4482,'2023-10-19 15:57:46.000000',50,'Y','','',47),(4483,'2023-04-22 03:59:39.000000',3,'N','','',47),(4484,'2023-02-23 06:49:07.000000',17,'Y','','',47),(4485,'2023-04-20 15:24:51.000000',51,'N','','',47),(4486,'2023-09-23 06:44:12.000000',49,'N','','',47),(4487,'2023-06-07 15:10:02.000000',19,'N','','',47),(4488,'2023-02-02 17:49:25.000000',57,'N','','',47),(4489,'2023-07-20 18:56:04.000000',10,'Y','','',47),(4490,'2023-11-08 06:24:07.000000',86,'N','','',47),(4491,'2023-10-14 19:55:34.000000',75,'N','','',47),(4492,'2023-04-10 14:28:36.000000',1,'Y','','',47),(4493,'2023-05-01 23:35:54.000000',17,'N','','',47),(4494,'2023-04-03 07:34:14.000000',20,'Y','','',47),(4495,'2023-04-21 11:12:33.000000',7,'N','','',47),(4496,'2023-09-15 16:41:15.000000',19,'N','','',47),(4497,'2023-05-15 07:51:19.000000',3,'N','','',47),(4498,'2023-08-14 02:56:45.000000',52,'N','','',47),(4499,'2023-01-18 10:05:13.000000',79,'Y','','',47),(4500,'2023-01-26 11:51:00.000000',75,'N','','',47),(4501,'2023-03-07 03:16:49.000000',76,'Y','','',47),(4502,'2023-08-04 20:33:23.000000',84,'Y','','',47),(4503,'2023-01-05 14:53:09.000000',94,'Y','','',47),(4504,'2023-05-02 20:04:00.000000',63,'Y','','',47),(4505,'2023-06-05 06:48:04.000000',80,'N','','',47),(4506,'2023-01-21 01:14:06.000000',20,'N','','',47),(4507,'2023-05-09 15:30:38.000000',19,'Y','','',47),(4508,'2023-12-17 21:50:23.000000',11,'N','','',47),(4509,'2023-03-22 17:31:17.000000',75,'Y','','',47),(4510,'2023-01-19 09:07:19.000000',84,'N','','',47),(4511,'2023-11-16 18:26:57.000000',65,'Y','','',47),(4512,'2023-06-18 13:48:36.000000',72,'Y','','',47),(4513,'2023-04-10 19:44:06.000000',50,'Y','','',47),(4514,'2023-11-09 20:25:14.000000',75,'Y','','',47),(4515,'2023-03-18 08:28:02.000000',36,'N','','',47),(4516,'2023-03-20 19:15:47.000000',36,'N','','',47),(4517,'2023-12-10 00:08:27.000000',42,'Y','','',47),(4518,'2023-04-12 12:47:56.000000',73,'N','','',47),(4519,'2023-10-28 17:49:21.000000',99,'Y','','',47),(4520,'2023-08-10 01:30:41.000000',15,'N','','',47),(4521,'2023-01-15 19:36:03.000000',51,'Y','','',47),(4522,'2023-05-19 19:37:25.000000',8,'N','','',47),(4523,'2023-07-23 07:17:02.000000',69,'Y','','',47),(4524,'2023-11-18 09:43:47.000000',7,'N','','',47),(4525,'2023-05-19 14:12:46.000000',55,'Y','','',47),(4526,'2023-12-25 12:06:58.000000',66,'N','','',47),(4527,'2023-08-26 06:41:19.000000',2,'Y','','',47),(4528,'2023-04-20 07:59:32.000000',24,'Y','','',47),(4529,'2023-04-12 04:20:53.000000',89,'N','','',47),(4530,'2023-02-20 11:19:25.000000',3,'Y','','',47),(4531,'2023-06-25 09:14:39.000000',5,'Y','','',47),(4532,'2023-09-13 15:01:23.000000',88,'N','','',47),(4533,'2023-04-09 02:02:19.000000',65,'Y','','',47),(4534,'2023-12-11 19:11:34.000000',87,'Y','','',47),(4535,'2023-06-21 20:29:53.000000',47,'Y','','',47),(4536,'2023-08-04 04:37:40.000000',38,'Y','','',47),(4537,'2023-09-09 20:55:10.000000',50,'Y','','',47),(4538,'2023-10-14 17:38:32.000000',53,'Y','','',47),(4539,'2023-01-31 16:50:21.000000',35,'Y','','',47),(4540,'2023-08-02 09:13:11.000000',14,'N','','',47),(4541,'2023-04-09 16:36:19.000000',84,'Y','','',47),(4542,'2023-04-06 15:06:30.000000',85,'Y','','',47),(4543,'2023-08-30 11:08:05.000000',60,'N','','',47),(4544,'2023-03-01 23:45:56.000000',15,'Y','','',47),(4545,'2023-11-02 08:17:07.000000',16,'Y','','',47),(4546,'2023-08-16 15:48:55.000000',16,'N','','',47),(4547,'2023-06-29 05:54:37.000000',92,'N','','',47),(4548,'2023-02-10 21:44:41.000000',88,'Y','','',47),(4549,'2023-09-19 19:39:01.000000',43,'Y','','',47),(4550,'2023-06-09 19:06:46.000000',95,'N','','',47),(4551,'2023-12-28 01:36:43.000000',9,'N','','',47),(4552,'2023-01-18 04:24:40.000000',71,'N','','',47),(4553,'2023-08-24 10:02:57.000000',85,'N','','',47),(4554,'2023-05-23 11:05:15.000000',54,'N','','',47),(4555,'2023-01-09 01:02:57.000000',25,'N','','',47),(4556,'2023-08-13 21:41:56.000000',45,'Y','','',47),(4557,'2023-02-19 13:23:01.000000',15,'Y','','',47),(4558,'2023-04-09 04:08:19.000000',66,'Y','','',47),(4559,'2023-04-14 18:18:16.000000',89,'Y','','',47),(4560,'2023-11-15 23:25:58.000000',32,'N','','',47),(4561,'2023-08-28 18:17:21.000000',47,'N','','',47),(4562,'2023-04-06 19:14:24.000000',16,'Y','','',47),(4563,'2023-09-24 21:42:56.000000',38,'Y','','',47),(4564,'2023-06-26 02:04:48.000000',58,'N','','',47),(4565,'2023-06-21 22:16:33.000000',62,'Y','','',47),(4566,'2023-12-15 06:18:08.000000',34,'N','','',47),(4567,'2023-06-12 23:05:30.000000',60,'Y','','',47),(4568,'2023-06-29 18:54:54.000000',9,'Y','','',47),(4569,'2023-05-13 16:25:12.000000',30,'N','','',47),(4570,'2023-07-01 14:41:29.000000',37,'N','','',47),(4571,'2023-04-18 16:32:58.000000',53,'N','','',47),(4572,'2023-01-03 06:57:12.000000',8,'N','','',47),(4573,'2023-02-24 00:24:35.000000',45,'Y','','',47),(4574,'2023-08-31 21:48:13.000000',83,'Y','','',47),(4575,'2023-06-08 12:46:02.000000',91,'N','','',47),(12296,'2021-08-27 21:32:50.000000',34,'N','','',52),(12297,'2024-03-08 06:18:30.000000',93,'N','','',52),(12298,'2020-03-28 19:10:00.000000',53,'Y','','',52),(12299,'2021-11-28 17:22:19.000000',80,'Y','','',52),(12300,'2020-12-17 04:55:45.000000',9,'N','','',52),(12301,'2020-11-28 10:33:19.000000',93,'N','','',52),(12302,'2018-04-12 02:41:15.000000',99,'Y','','',52),(12303,'2024-03-04 16:44:22.000000',61,'Y','','',52),(12304,'2018-02-06 10:24:40.000000',14,'N','','',52),(12305,'2023-01-28 15:24:17.000000',81,'Y','','',52),(12306,'2019-06-01 14:49:12.000000',35,'Y','','',52),(12307,'2020-10-28 18:05:09.000000',63,'Y','','',52),(12308,'2022-04-20 00:03:59.000000',83,'Y','','',52),(12309,'2021-06-24 05:19:51.000000',7,'N','','',52),(12310,'2020-05-02 03:15:54.000000',57,'Y','','',52),(12311,'2019-08-16 12:28:53.000000',26,'Y','','',52),(12312,'2019-11-26 04:14:36.000000',96,'Y','','',52),(12313,'2019-03-20 10:52:11.000000',68,'Y','','',52),(12314,'2019-01-17 04:40:36.000000',67,'N','','',52),(12315,'2023-10-29 20:13:34.000000',80,'N','','',52),(12316,'2023-03-12 19:36:50.000000',29,'Y','','',52),(12317,'2023-01-29 09:02:44.000000',4,'Y','','',52),(12318,'2020-08-06 23:58:55.000000',42,'Y','','',52),(12319,'2020-09-22 19:46:49.000000',65,'N','','',52),(12320,'2019-08-23 18:39:36.000000',53,'N','','',52),(12321,'2021-07-18 09:57:41.000000',40,'N','','',52),(12322,'2023-11-26 21:33:42.000000',60,'Y','','',52),(12323,'2022-03-26 12:47:10.000000',27,'N','','',52),(12324,'2024-07-04 19:14:09.000000',75,'N','','',52),(12325,'2022-11-30 01:36:00.000000',46,'N','','',52),(12326,'2019-09-19 12:35:50.000000',97,'Y','','',52),(12327,'2018-10-04 08:53:24.000000',46,'Y','','',52),(12328,'2018-11-12 01:14:08.000000',92,'Y','','',52),(12329,'2021-03-08 05:11:11.000000',57,'Y','','',52),(12330,'2020-07-01 17:04:15.000000',81,'Y','','',52),(12331,'2023-08-13 04:07:31.000000',72,'Y','','',52),(12332,'2023-01-29 16:52:58.000000',26,'N','','',52),(12333,'2024-01-08 14:27:00.000000',48,'Y','','',52),(12334,'2019-06-28 14:16:02.000000',64,'N','','',52),(12335,'2020-10-16 13:05:12.000000',5,'Y','','',52),(12336,'2018-12-15 04:50:04.000000',98,'N','','',52),(12337,'2023-10-24 20:39:25.000000',7,'N','','',52),(12338,'2024-08-20 02:48:13.000000',90,'Y','','',52),(12339,'2021-05-14 20:32:11.000000',84,'Y','','',52),(12340,'2020-11-06 00:42:42.000000',7,'N','','',52),(12341,'2024-04-06 06:35:27.000000',10,'N','','',52),(12342,'2023-12-03 17:03:40.000000',98,'Y','','',52),(12343,'2020-11-08 08:51:47.000000',2,'N','','',52),(12344,'2024-08-22 17:37:16.000000',25,'Y','','',52),(12345,'2018-01-20 10:03:00.000000',2,'N','','',52),(12346,'2023-04-01 00:42:18.000000',9,'N','','',52),(12347,'2019-02-03 05:54:52.000000',8,'Y','','',52),(12348,'2019-09-05 12:12:56.000000',55,'N','','',52),(12349,'2018-07-19 17:14:30.000000',72,'N','','',52),(12350,'2018-07-28 07:41:26.000000',97,'Y','','',52),(12351,'2019-06-21 03:28:59.000000',77,'N','','',52),(12352,'2019-07-21 16:09:31.000000',49,'Y','','',52),(12353,'2024-07-22 16:48:50.000000',62,'N','','',52),(12354,'2018-07-24 23:32:57.000000',52,'Y','','',52),(12355,'2022-03-11 02:06:31.000000',94,'N','','',52),(12356,'2018-04-17 23:16:35.000000',44,'Y','','',52),(12357,'2018-11-30 20:32:46.000000',52,'N','','',52),(12358,'2021-06-16 11:17:24.000000',76,'N','','',52),(12359,'2018-01-15 17:59:03.000000',23,'Y','','',52),(12360,'2018-02-04 10:39:29.000000',85,'N','','',52),(12361,'2018-12-14 16:43:25.000000',21,'N','','',52),(12362,'2022-08-13 07:51:33.000000',31,'N','','',52),(12363,'2020-04-02 14:30:34.000000',58,'Y','','',52),(12364,'2021-10-30 02:54:19.000000',70,'N','','',52),(12365,'2018-05-05 03:06:39.000000',51,'Y','','',52),(12366,'2019-12-31 07:31:42.000000',6,'Y','','',52),(12367,'2023-04-27 06:20:18.000000',87,'N','','',52),(12368,'2019-04-14 16:29:28.000000',1,'N','','',52),(12369,'2024-04-18 17:05:00.000000',73,'Y','','',52),(12370,'2022-04-09 03:04:24.000000',88,'N','','',52),(12371,'2022-08-15 07:18:40.000000',31,'N','','',52),(12372,'2024-11-13 06:12:39.000000',6,'N','','',52),(12373,'2018-01-26 19:11:49.000000',92,'Y','','',52),(12374,'2021-04-25 23:11:39.000000',7,'Y','','',52),(12375,'2021-10-01 11:15:23.000000',99,'Y','','',52),(12376,'2023-05-19 19:23:28.000000',46,'N','','',52),(12377,'2023-11-13 23:52:52.000000',82,'Y','','',52),(12378,'2021-10-09 05:08:59.000000',3,'Y','','',52),(12379,'2023-12-15 05:13:36.000000',10,'N','','',52),(12380,'2019-11-09 16:47:34.000000',49,'Y','','',52),(12381,'2020-12-04 13:28:31.000000',55,'N','','',52),(12382,'2019-11-26 21:17:48.000000',12,'Y','','',52),(12383,'2018-04-23 18:17:33.000000',75,'N','','',52),(12384,'2020-06-24 13:07:31.000000',32,'N','','',52),(12385,'2018-10-21 07:39:03.000000',56,'N','','',52),(12386,'2023-01-07 23:52:58.000000',77,'N','','',52),(12387,'2018-08-25 16:19:40.000000',26,'N','','',52),(12388,'2020-03-21 18:47:28.000000',9,'Y','','',52),(12389,'2021-01-12 05:20:52.000000',45,'Y','','',52),(12390,'2024-07-29 12:58:49.000000',39,'N','','',52),(12391,'2019-04-03 17:41:02.000000',42,'Y','','',52),(12392,'2021-02-06 05:20:19.000000',43,'Y','','',52),(12393,'2023-04-29 19:41:03.000000',29,'Y','','',52),(12394,'2020-09-28 00:06:26.000000',60,'Y','','',52),(12395,'2024-10-05 08:10:32.000000',49,'Y','','',52),(12396,'2018-08-24 07:41:01.000000',71,'N','','',52),(12397,'2019-08-10 12:09:07.000000',73,'Y','','',52),(12398,'2018-11-10 06:37:32.000000',98,'N','','',52),(12399,'2021-11-25 07:58:10.000000',2,'N','','',52),(12400,'2020-10-20 13:40:08.000000',92,'Y','','',52),(12401,'2023-01-12 00:55:02.000000',40,'N','','',52),(12402,'2019-08-09 17:33:28.000000',55,'N','','',52),(12403,'2018-11-04 07:25:01.000000',54,'Y','','',52),(12404,'2024-07-23 03:40:26.000000',89,'Y','','',52),(12405,'2023-04-08 22:38:53.000000',23,'Y','','',52),(12406,'2019-03-19 13:35:22.000000',33,'Y','','',52),(12407,'2022-01-16 14:15:54.000000',21,'Y','','',52),(12408,'2020-09-24 02:49:17.000000',81,'Y','','',52),(12409,'2018-07-29 13:25:05.000000',90,'N','','',52),(12410,'2020-08-07 12:52:29.000000',82,'N','','',52),(12411,'2019-09-10 18:01:42.000000',66,'N','','',52),(12412,'2019-02-08 20:01:51.000000',91,'Y','','',52),(12413,'2021-12-14 09:21:16.000000',1,'N','','',52),(12414,'2024-01-30 03:39:52.000000',7,'N','','',52),(12415,'2024-04-07 14:03:11.000000',85,'Y','','',52),(12416,'2023-07-23 00:00:14.000000',45,'Y','','',52),(12417,'2024-11-10 22:42:42.000000',42,'Y','','',52),(12418,'2022-06-06 20:40:58.000000',29,'Y','','',52),(12419,'2021-10-19 02:17:12.000000',40,'Y','','',52),(12420,'2022-08-27 14:47:30.000000',13,'Y','','',52),(12421,'2024-10-11 05:15:33.000000',9,'Y','','',52),(12422,'2024-02-29 09:17:18.000000',12,'Y','','',52),(12423,'2018-09-27 12:57:27.000000',27,'Y','','',52),(12424,'2024-07-27 19:02:55.000000',40,'N','','',52),(12425,'2019-09-07 02:13:41.000000',20,'N','','',52),(12426,'2023-07-08 18:09:48.000000',29,'N','','',52),(12427,'2022-08-09 05:50:11.000000',55,'Y','','',52),(12428,'2019-08-31 23:51:31.000000',59,'N','','',52),(12429,'2022-04-24 06:51:18.000000',45,'Y','','',52),(12430,'2024-11-04 19:21:27.000000',43,'N','','',52),(12431,'2024-03-09 02:49:34.000000',53,'Y','','',52),(12432,'2018-07-24 19:07:20.000000',36,'N','','',52),(12433,'2023-03-31 20:01:14.000000',13,'N','','',52),(12434,'2018-02-24 20:38:30.000000',9,'N','','',52),(12435,'2024-04-20 02:26:35.000000',55,'Y','','',52),(12436,'2022-05-09 04:04:27.000000',24,'N','','',52),(12437,'2021-06-22 09:42:26.000000',45,'Y','','',52),(12438,'2019-09-13 12:13:39.000000',4,'N','','',52),(12439,'2020-06-05 17:27:07.000000',58,'Y','','',52),(12440,'2022-11-03 06:55:48.000000',10,'Y','','',52),(12441,'2019-06-15 01:31:45.000000',44,'Y','','',52),(12442,'2021-08-10 11:19:13.000000',73,'N','','',52),(12443,'2024-05-30 09:31:13.000000',72,'N','','',52),(12444,'2020-10-01 01:47:55.000000',74,'N','','',52),(12445,'2023-05-18 11:55:17.000000',23,'N','','',52),(12446,'2018-12-08 19:31:27.000000',93,'Y','','',52),(12447,'2022-03-07 11:09:07.000000',9,'Y','','',52),(12448,'2022-01-24 03:33:09.000000',62,'Y','','',52),(12449,'2018-04-14 04:49:54.000000',42,'N','','',52),(12450,'2021-05-28 04:47:35.000000',43,'Y','','',52),(12451,'2022-11-07 05:02:57.000000',22,'Y','','',52),(12452,'2024-10-11 02:24:22.000000',51,'N','','',52),(12453,'2022-11-22 03:12:10.000000',2,'Y','','',52),(12454,'2020-05-21 17:21:24.000000',66,'Y','','',52),(12455,'2022-03-10 09:06:23.000000',78,'N','','',52),(12456,'2019-11-30 01:42:47.000000',92,'Y','','',52),(12457,'2019-07-07 12:47:07.000000',45,'N','','',52),(12458,'2022-11-30 09:33:07.000000',37,'Y','','',52),(12459,'2019-01-21 15:59:31.000000',35,'N','','',52),(12460,'2021-03-18 05:35:43.000000',19,'N','','',52),(12461,'2021-02-20 06:10:34.000000',22,'Y','','',52),(12462,'2024-06-14 19:50:37.000000',41,'N','','',52),(12463,'2020-12-15 21:24:11.000000',88,'N','','',52),(12464,'2024-04-21 13:23:30.000000',40,'Y','','',52),(12465,'2020-04-19 19:13:34.000000',33,'Y','','',52),(12466,'2022-08-22 17:00:56.000000',61,'Y','','',52),(12467,'2022-05-18 01:59:53.000000',80,'Y','','',52),(12468,'2020-08-07 12:28:39.000000',30,'N','','',52),(12469,'2023-08-18 06:59:15.000000',31,'N','','',52),(12470,'2024-11-15 08:01:31.000000',22,'Y','','',52),(12471,'2020-11-07 06:43:17.000000',15,'Y','','',52),(12472,'2020-12-14 05:44:52.000000',38,'N','','',52),(12473,'2022-11-26 19:08:04.000000',3,'Y','','',52),(12474,'2021-05-02 11:31:54.000000',67,'Y','','',52),(12475,'2018-03-30 17:17:20.000000',50,'Y','','',52),(12476,'2018-10-30 01:48:35.000000',77,'Y','','',52),(12477,'2021-04-06 23:28:45.000000',17,'Y','','',52),(12478,'2022-05-06 12:33:14.000000',9,'Y','','',52),(12479,'2022-11-13 20:41:07.000000',39,'Y','','',52),(12480,'2024-10-13 07:26:57.000000',11,'N','','',52),(12481,'2018-04-03 19:49:45.000000',23,'N','','',52),(12482,'2021-05-31 03:03:01.000000',67,'N','','',52),(12483,'2019-02-10 19:16:54.000000',57,'N','','',52),(12484,'2020-09-11 00:04:29.000000',56,'N','','',52),(12485,'2022-10-28 03:22:00.000000',64,'Y','','',52),(12486,'2019-09-03 00:21:53.000000',78,'Y','','',52),(12487,'2023-11-26 19:59:46.000000',18,'Y','','',52),(12488,'2021-01-19 20:48:10.000000',72,'Y','','',52),(12489,'2020-02-10 03:25:56.000000',35,'N','','',52),(12490,'2020-07-21 14:06:47.000000',34,'N','','',52),(12491,'2018-06-23 10:51:22.000000',64,'N','','',52),(12492,'2018-07-30 20:19:55.000000',22,'N','','',52),(12493,'2022-02-02 02:45:09.000000',98,'Y','','',52),(12494,'2022-05-03 11:41:43.000000',70,'N','','',52),(12495,'2023-09-26 05:29:13.000000',92,'Y','','',52),(12496,'2019-03-28 05:38:44.000000',73,'Y','','',52),(12497,'2023-06-09 04:05:00.000000',26,'Y','','',52),(12498,'2020-02-29 19:20:56.000000',63,'Y','','',52),(12499,'2020-10-27 02:43:48.000000',70,'N','','',52),(12500,'2023-09-17 05:05:20.000000',8,'N','','',52),(12501,'2022-03-21 04:04:09.000000',36,'Y','','',52),(12502,'2024-05-03 09:45:52.000000',77,'Y','','',52),(12503,'2021-01-05 01:11:18.000000',41,'Y','','',52),(12504,'2018-12-28 06:00:26.000000',19,'N','','',52),(12505,'2023-08-15 07:56:45.000000',40,'Y','','',52),(12506,'2018-06-25 13:14:35.000000',43,'Y','','',52),(12507,'2023-09-27 09:42:51.000000',17,'N','','',52),(12508,'2020-12-29 04:36:03.000000',41,'N','','',52),(12509,'2020-01-31 17:39:09.000000',41,'Y','','',52),(12510,'2022-07-22 05:13:56.000000',12,'N','','',52),(12511,'2023-01-06 19:37:56.000000',15,'N','','',52),(12512,'2018-01-30 20:16:35.000000',49,'N','','',52),(12513,'2021-03-14 21:05:58.000000',26,'Y','','',52),(12514,'2018-03-17 01:53:04.000000',4,'N','','',52),(12515,'2018-03-27 20:10:27.000000',92,'Y','','',52),(12516,'2018-04-13 05:37:31.000000',59,'N','','',52),(12517,'2022-08-30 03:09:16.000000',81,'N','','',52),(12518,'2023-06-10 14:19:54.000000',19,'N','','',52),(12519,'2020-12-24 08:19:46.000000',67,'N','','',52),(12520,'2019-04-02 17:54:14.000000',33,'N','','',52),(12521,'2021-09-12 04:45:49.000000',65,'Y','','',52),(12522,'2024-10-10 11:06:00.000000',68,'Y','','',52),(12523,'2022-11-02 19:33:47.000000',58,'Y','','',52),(12524,'2020-09-10 08:16:02.000000',42,'N','','',52),(12525,'2022-12-31 07:37:38.000000',61,'N','','',52),(12526,'2019-11-21 16:44:59.000000',20,'Y','','',52),(12527,'2021-06-19 12:05:01.000000',43,'N','','',52),(12528,'2018-07-17 00:05:58.000000',28,'Y','','',52),(12529,'2020-05-30 11:03:20.000000',24,'Y','','',52),(12530,'2018-12-19 22:08:02.000000',41,'Y','','',52),(12531,'2019-11-24 04:50:34.000000',12,'N','','',52),(12532,'2020-12-18 15:18:03.000000',78,'Y','','',52),(12533,'2019-09-02 01:32:14.000000',53,'Y','','',52),(12534,'2019-02-22 09:25:49.000000',64,'Y','','',52),(12535,'2020-07-22 21:56:39.000000',58,'Y','','',52),(12536,'2018-01-25 10:31:35.000000',77,'Y','','',52),(12537,'2021-12-08 17:28:08.000000',84,'Y','','',52),(12538,'2023-07-03 15:49:38.000000',51,'Y','','',52),(12539,'2019-08-20 10:51:17.000000',94,'Y','','',52),(12540,'2019-01-18 02:08:33.000000',28,'Y','','',52),(12541,'2021-10-24 06:19:53.000000',27,'N','','',52),(12542,'2021-04-22 14:10:45.000000',6,'N','','',52),(12543,'2018-10-04 22:44:17.000000',60,'Y','','',52),(12544,'2024-09-16 15:32:38.000000',11,'N','','',52),(12545,'2023-09-04 00:57:58.000000',71,'N','','',52),(12546,'2021-01-06 02:49:53.000000',32,'N','','',52),(12547,'2021-10-16 23:38:16.000000',85,'N','','',52),(12548,'2024-11-21 11:48:49.000000',75,'Y','','',52),(12549,'2020-11-16 03:37:17.000000',45,'N','','',52),(12550,'2021-08-04 13:58:40.000000',9,'N','','',52),(12551,'2019-06-19 01:39:57.000000',87,'N','','',52),(12552,'2020-08-27 20:11:26.000000',15,'Y','','',52),(12553,'2018-11-24 09:10:20.000000',91,'Y','','',52),(12554,'2018-09-14 13:34:41.000000',31,'Y','','',52),(12555,'2020-10-25 11:32:54.000000',2,'Y','','',52),(12556,'2020-08-19 00:59:46.000000',35,'N','','',52),(12557,'2024-10-05 18:20:37.000000',31,'Y','','',52),(12558,'2021-09-08 21:52:35.000000',85,'N','','',52),(12559,'2022-09-03 16:35:55.000000',72,'N','','',52),(12560,'2023-08-15 23:36:53.000000',42,'N','','',52),(12561,'2020-03-10 09:16:38.000000',91,'Y','','',52),(12562,'2020-01-28 06:50:22.000000',43,'Y','','',52),(12563,'2024-05-08 11:32:08.000000',48,'N','','',52),(12564,'2023-10-08 18:53:38.000000',50,'Y','','',52),(12565,'2019-12-24 09:55:15.000000',58,'N','','',52),(12566,'2018-11-11 04:46:12.000000',87,'Y','','',52),(12567,'2019-11-14 09:13:37.000000',95,'N','','',52),(12568,'2022-02-06 20:59:26.000000',99,'N','','',52),(12569,'2023-08-09 13:10:25.000000',7,'Y','','',52),(12570,'2021-10-08 05:14:21.000000',80,'Y','','',52),(12571,'2022-10-22 15:43:56.000000',4,'Y','','',52),(12572,'2024-11-05 21:59:39.000000',77,'Y','','',52),(12573,'2023-12-30 01:41:13.000000',21,'Y','','',52),(12574,'2024-08-02 22:39:12.000000',59,'Y','','',52),(12575,'2022-02-04 05:04:35.000000',63,'N','','',52),(12576,'2021-08-07 22:46:28.000000',92,'N','','',52),(12577,'2020-10-17 04:12:53.000000',97,'N','','',52),(12578,'2023-01-04 02:53:36.000000',64,'Y','','',52),(12579,'2024-04-12 09:51:58.000000',16,'Y','','',52),(12580,'2019-04-19 23:01:48.000000',48,'Y','','',52),(12581,'2020-07-12 03:30:10.000000',47,'Y','','',52),(12582,'2020-07-18 18:28:24.000000',5,'Y','','',52),(12583,'2020-09-24 21:15:53.000000',52,'Y','','',52),(12584,'2022-05-17 18:17:20.000000',8,'N','','',52),(12585,'2018-12-25 12:10:15.000000',80,'Y','','',52),(12586,'2018-10-18 05:29:00.000000',73,'N','','',52),(12587,'2019-12-15 08:45:27.000000',70,'Y','','',52),(12588,'2024-04-09 07:18:17.000000',44,'N','','',52),(12589,'2022-05-05 13:08:47.000000',2,'N','','',52),(12590,'2021-03-03 10:24:55.000000',40,'Y','','',52),(12591,'2022-10-12 12:00:17.000000',24,'N','','',52),(12592,'2021-11-13 10:18:07.000000',87,'Y','','',52),(12593,'2023-11-07 23:37:04.000000',21,'N','','',52),(12594,'2019-03-01 23:38:24.000000',81,'N','','',52),(12595,'2020-04-28 04:10:03.000000',60,'Y','','',52),(12596,'2023-03-06 04:46:45.000000',39,'Y','','',52),(12597,'2024-03-11 05:18:45.000000',94,'N','','',52),(12598,'2022-11-07 18:01:17.000000',25,'Y','','',52),(12599,'2024-08-12 09:56:02.000000',16,'Y','','',52),(12600,'2023-06-06 08:05:34.000000',4,'Y','','',52),(12601,'2024-05-01 19:34:28.000000',55,'N','','',52),(12602,'2022-09-07 07:30:19.000000',17,'N','','',52),(12603,'2023-09-30 18:49:33.000000',10,'Y','','',52),(12604,'2022-10-11 21:28:27.000000',61,'Y','','',52),(12605,'2024-06-02 02:42:04.000000',62,'Y','','',52),(12606,'2023-03-07 12:46:35.000000',36,'N','','',52),(12607,'2024-10-15 14:41:19.000000',48,'N','','',52),(12608,'2024-06-23 11:10:09.000000',90,'N','','',52),(12609,'2022-07-03 06:20:44.000000',48,'N','','',52),(12610,'2023-12-03 23:26:07.000000',82,'N','','',52),(12611,'2023-05-11 21:31:40.000000',5,'N','','',52),(12612,'2022-08-01 04:29:13.000000',80,'N','','',52),(12613,'2023-10-09 07:06:26.000000',61,'Y','','',52),(12614,'2023-05-23 02:23:20.000000',84,'Y','','',52),(12615,'2023-09-06 11:09:58.000000',12,'N','','',52),(12616,'2024-10-14 14:06:45.000000',39,'Y','','',52),(12617,'2022-01-30 17:41:00.000000',8,'N','','',52),(12618,'2024-12-01 13:39:08.000000',49,'N','','',52),(12619,'2022-06-02 23:20:30.000000',44,'Y','','',52),(12620,'2022-01-20 19:49:56.000000',13,'N','','',52),(12621,'2023-02-02 14:40:53.000000',33,'N','','',52),(12622,'2022-02-11 14:55:25.000000',86,'N','','',52),(12623,'2024-02-28 07:07:43.000000',83,'N','','',52),(12624,'2024-10-06 20:22:33.000000',67,'N','','',52),(12625,'2024-12-21 03:27:27.000000',98,'Y','','',52),(12626,'2023-02-05 10:04:56.000000',33,'N','','',52),(12627,'2022-11-25 20:00:48.000000',93,'N','','',52),(12628,'2023-04-22 00:39:43.000000',94,'N','','',52),(12629,'2023-09-10 23:39:29.000000',52,'Y','','',52),(12630,'2024-10-01 01:36:38.000000',48,'N','','',52),(12631,'2022-12-28 07:44:47.000000',47,'Y','','',52),(12632,'2022-05-30 05:52:39.000000',51,'N','','',52),(12633,'2023-07-17 19:26:36.000000',99,'N','','',52),(12634,'2024-11-09 16:57:11.000000',56,'N','','',52),(12635,'2023-07-23 20:04:50.000000',20,'N','','',52),(12636,'2024-07-12 13:57:07.000000',19,'N','','',52),(12637,'2023-03-24 07:06:18.000000',14,'Y','','',52),(12638,'2023-08-09 08:22:22.000000',79,'Y','','',52),(12639,'2024-11-08 14:48:27.000000',60,'N','','',52),(12640,'2022-03-08 08:36:19.000000',76,'N','','',52),(12641,'2023-07-14 00:10:10.000000',44,'Y','','',52),(12642,'2024-04-19 12:12:47.000000',71,'Y','','',52),(12643,'2024-11-28 05:08:09.000000',74,'Y','','',52),(12644,'2023-08-04 02:19:33.000000',21,'Y','','',52),(12645,'2023-07-21 21:34:38.000000',82,'N','','',52),(12646,'2022-02-14 10:56:44.000000',7,'N','','',52),(12647,'2024-05-30 21:57:23.000000',52,'N','','',52),(12648,'2023-10-24 03:05:09.000000',78,'Y','','',52),(12649,'2024-05-19 16:57:25.000000',19,'Y','','',52),(12650,'2024-09-18 01:03:19.000000',77,'N','','',52),(12651,'2024-04-01 09:26:22.000000',35,'Y','','',52),(12652,'2023-02-21 12:48:38.000000',21,'Y','','',52),(12653,'2023-07-04 04:17:20.000000',38,'N','','',52),(12654,'2024-03-03 04:16:38.000000',76,'Y','','',52),(12655,'2024-02-26 09:52:24.000000',66,'Y','','',52),(12656,'2023-06-26 12:47:23.000000',92,'Y','','',52),(12657,'2023-03-20 09:08:10.000000',88,'N','','',52),(12658,'2023-11-18 12:11:40.000000',32,'Y','','',52),(12659,'2023-02-03 02:57:25.000000',22,'N','','',52),(12660,'2022-11-27 03:32:55.000000',67,'N','','',52),(12661,'2024-06-25 14:24:17.000000',96,'N','','',52),(12662,'2023-03-05 22:35:59.000000',37,'Y','','',52),(12663,'2023-03-31 22:04:39.000000',66,'Y','','',52),(12664,'2022-01-08 07:42:31.000000',87,'N','','',52),(12665,'2024-07-15 03:07:28.000000',34,'N','','',52),(12666,'2024-10-28 17:38:45.000000',31,'Y','','',52),(12667,'2024-01-02 19:10:48.000000',89,'Y','','',52),(12668,'2022-12-03 18:01:56.000000',95,'N','','',52),(12669,'2024-06-16 18:47:47.000000',3,'Y','','',52),(12670,'2023-10-31 10:50:30.000000',31,'Y','','',52),(12671,'2022-09-23 12:17:05.000000',92,'Y','','',52),(12672,'2024-06-19 18:13:34.000000',59,'N','','',52),(12673,'2024-11-01 05:49:56.000000',40,'N','','',52),(12674,'2022-10-03 21:23:15.000000',46,'Y','','',52),(12675,'2022-04-05 07:42:10.000000',82,'N','','',52),(12676,'2024-01-14 16:48:33.000000',49,'N','','',52),(12677,'2023-09-09 09:56:21.000000',60,'Y','','',52),(12678,'2024-12-06 05:42:12.000000',80,'Y','','',52),(12679,'2024-04-26 10:47:41.000000',38,'N','','',52),(12680,'2023-01-06 17:49:25.000000',52,'N','','',52),(12681,'2024-04-03 21:36:43.000000',27,'Y','','',52),(12682,'2023-09-05 06:11:20.000000',15,'Y','','',52),(12683,'2024-12-30 15:39:12.000000',67,'Y','','',52),(12684,'2024-03-26 10:09:06.000000',20,'Y','','',52),(12685,'2024-12-05 22:53:39.000000',38,'Y','','',52),(12686,'2023-08-20 07:51:48.000000',76,'N','','',52),(12687,'2022-03-13 03:39:44.000000',28,'N','','',52),(12688,'2022-11-22 07:47:06.000000',29,'Y','','',52),(12689,'2022-09-14 03:39:09.000000',21,'Y','','',52),(12690,'2022-06-18 23:40:01.000000',1,'N','','',52),(12691,'2023-02-13 04:34:42.000000',77,'Y','','',52),(12692,'2023-06-29 13:24:51.000000',71,'Y','','',52),(12693,'2024-07-02 00:54:16.000000',5,'N','','',52),(12694,'2023-12-25 10:40:37.000000',34,'N','','',52),(12695,'2022-01-29 16:17:14.000000',44,'Y','','',52),(12696,'2023-07-21 01:45:49.000000',98,'N','','',52),(12697,'2024-10-17 17:35:38.000000',3,'Y','','',52),(12698,'2023-09-18 17:18:11.000000',85,'Y','','',52),(12699,'2023-11-25 22:16:24.000000',50,'N','','',52),(12700,'2023-12-04 15:02:34.000000',59,'Y','','',52),(12701,'2024-06-16 22:35:52.000000',70,'N','','',52),(12702,'2022-05-19 05:08:49.000000',39,'Y','','',52),(12703,'2023-12-08 10:43:39.000000',88,'Y','','',52),(12704,'2023-10-18 05:59:41.000000',47,'Y','','',52),(12705,'2023-09-27 04:04:23.000000',4,'N','','',52),(12706,'2023-11-22 15:20:31.000000',77,'Y','','',52),(12707,'2024-02-01 10:17:14.000000',35,'N','','',52),(12708,'2022-11-08 17:51:41.000000',52,'Y','','',52),(12709,'2024-02-15 17:37:45.000000',3,'N','','',52),(12710,'2023-08-16 00:03:28.000000',90,'Y','','',52),(12711,'2024-11-10 00:18:39.000000',31,'N','','',52),(12712,'2023-10-11 09:50:32.000000',47,'N','','',52),(12713,'2024-02-28 02:14:49.000000',43,'N','','',52),(12714,'2024-01-30 21:06:11.000000',76,'Y','','',52),(12715,'2023-05-26 06:59:49.000000',62,'Y','','',52),(12716,'2024-05-13 10:40:18.000000',90,'N','','',52),(12717,'2024-10-18 22:55:31.000000',94,'Y','','',52),(12718,'2024-04-19 07:47:16.000000',50,'Y','','',52),(12719,'2022-05-12 04:15:24.000000',51,'N','','',52),(12720,'2023-07-28 13:02:54.000000',27,'N','','',52),(12721,'2023-01-13 04:23:04.000000',32,'N','','',52),(12722,'2022-06-17 05:57:37.000000',44,'Y','','',52),(12723,'2022-06-27 04:03:11.000000',99,'Y','','',52),(12724,'2022-04-01 12:28:25.000000',20,'Y','','',52),(12725,'2024-06-08 04:27:44.000000',4,'Y','','',52),(12726,'2022-12-23 14:18:55.000000',80,'N','','',52),(12727,'2022-11-05 10:13:01.000000',45,'N','','',52),(12728,'2022-10-31 21:00:12.000000',4,'Y','','',52),(12729,'2023-03-27 01:09:59.000000',74,'Y','','',52),(12730,'2022-01-08 09:54:51.000000',94,'Y','','',52),(12731,'2023-04-06 15:52:46.000000',67,'N','','',52),(12732,'2022-01-29 16:15:39.000000',58,'Y','','',52),(12733,'2023-02-25 04:51:14.000000',96,'N','','',52),(12734,'2024-05-30 07:50:06.000000',61,'Y','','',52),(12735,'2024-03-10 07:26:19.000000',91,'N','','',52),(12736,'2023-01-11 08:27:50.000000',57,'N','','',52),(12737,'2024-10-19 06:14:33.000000',29,'Y','','',52),(12738,'2024-11-14 16:41:00.000000',86,'Y','','',52),(12739,'2023-09-17 20:15:51.000000',5,'Y','','',52),(12740,'2024-02-25 13:07:45.000000',79,'N','','',52),(12741,'2023-12-14 19:02:04.000000',60,'N','','',52),(12742,'2024-10-26 19:11:49.000000',15,'N','','',52),(12743,'2022-01-23 20:25:43.000000',23,'N','','',52),(12744,'2022-01-31 19:46:33.000000',32,'N','','',52),(12745,'2024-07-17 12:27:47.000000',95,'Y','','',52),(12746,'2024-01-16 08:12:31.000000',38,'Y','','',52),(12747,'2024-04-01 11:30:25.000000',34,'Y','','',52),(12748,'2023-09-05 05:00:20.000000',47,'N','','',52),(12749,'2023-02-04 02:50:09.000000',55,'N','','',52),(12750,'2024-02-29 04:20:30.000000',28,'Y','','',52),(12751,'2022-07-20 00:35:57.000000',87,'N','','',52),(12752,'2023-07-11 22:30:40.000000',75,'Y','','',52),(12753,'2024-02-28 16:13:55.000000',19,'Y','','',52),(12754,'2023-10-31 11:52:47.000000',6,'Y','','',52),(12755,'2022-12-06 01:35:26.000000',86,'Y','','',52),(12756,'2023-10-17 17:58:04.000000',96,'Y','','',52),(12757,'2023-08-11 21:23:55.000000',33,'N','','',52),(12758,'2023-03-19 19:38:58.000000',81,'Y','','',52),(12759,'2022-09-24 02:55:55.000000',73,'N','','',52),(12760,'2023-01-20 05:42:31.000000',2,'Y','','',52),(12761,'2022-03-15 17:34:28.000000',89,'N','','',52),(12762,'2024-09-11 18:43:51.000000',86,'N','','',52),(12763,'2023-05-10 22:29:53.000000',76,'N','','',52),(12764,'2022-01-12 16:04:25.000000',33,'Y','','',52),(12765,'2024-02-08 00:21:01.000000',51,'Y','','',52),(12766,'2022-03-18 11:35:39.000000',94,'N','','',52),(12767,'2024-09-30 23:13:07.000000',28,'Y','','',52),(12768,'2023-01-28 05:55:54.000000',89,'Y','','',52),(12769,'2023-08-20 19:11:36.000000',84,'N','','',52),(12770,'2022-05-23 01:17:18.000000',16,'Y','','',52),(12771,'2024-11-01 06:16:14.000000',33,'N','','',52),(12772,'2023-02-28 23:09:48.000000',7,'N','','',52),(12773,'2024-01-21 21:00:36.000000',86,'N','','',52),(12774,'2023-01-25 18:38:01.000000',49,'Y','','',52),(12775,'2023-07-03 15:23:28.000000',30,'N','','',52),(12776,'2024-03-21 00:48:19.000000',2,'N','','',52),(12777,'2023-04-12 06:09:13.000000',11,'N','','',52),(12778,'2024-01-06 04:02:03.000000',94,'N','','',52),(12779,'2022-11-02 23:48:30.000000',66,'Y','','',52),(12780,'2023-02-15 23:14:46.000000',10,'N','','',52),(12781,'2022-08-03 18:29:02.000000',12,'Y','','',52),(12782,'2023-10-29 09:39:08.000000',12,'Y','','',52),(12783,'2023-04-22 13:31:05.000000',50,'N','','',52),(12784,'2024-01-25 00:37:11.000000',97,'N','','',52),(12785,'2024-12-31 07:25:31.000000',27,'Y','','',52),(12786,'2023-02-13 19:35:08.000000',53,'Y','','',52),(12787,'2023-09-14 11:36:54.000000',70,'N','','',52),(12788,'2024-04-26 09:51:16.000000',3,'Y','','',52),(12789,'2023-06-27 11:37:49.000000',43,'Y','','',52),(12790,'2022-03-22 22:04:07.000000',61,'N','','',52),(12791,'2024-02-26 10:53:18.000000',51,'Y','','',52),(12792,'2023-05-20 02:23:06.000000',45,'N','','',52),(12793,'2022-01-10 08:32:37.000000',75,'Y','','',52),(12794,'2023-07-02 12:11:06.000000',13,'N','','',52),(12795,'2023-05-23 19:25:36.000000',42,'N','','',52),(12796,'2023-01-27 17:33:34.000000',56,'N','','',52),(12797,'2022-10-22 22:13:58.000000',71,'Y','','',52),(12798,'2023-05-07 07:25:45.000000',99,'N','','',52),(12799,'2024-01-30 15:07:26.000000',48,'Y','','',52),(12800,'2023-02-03 03:36:12.000000',77,'Y','','',52),(12801,'2022-01-29 17:51:34.000000',54,'Y','','',52),(12802,'2023-04-24 11:53:49.000000',98,'Y','','',52),(12803,'2023-04-09 23:09:58.000000',54,'N','','',52),(12804,'2023-09-20 13:26:19.000000',61,'N','','',52),(12805,'2022-09-27 18:20:16.000000',68,'Y','','',52),(12806,'2024-01-24 10:59:10.000000',22,'Y','','',52),(12807,'2024-12-15 13:38:44.000000',88,'N','','',52),(12808,'2023-07-27 01:04:27.000000',2,'Y','','',52),(12809,'2024-10-04 09:53:19.000000',80,'N','','',52),(12810,'2024-12-16 17:30:51.000000',45,'N','','',52),(12811,'2024-02-21 11:05:42.000000',33,'N','','',52),(12812,'2023-11-15 15:50:44.000000',37,'N','','',52),(12813,'2024-09-21 02:55:04.000000',5,'N','','',52),(12814,'2023-09-21 04:52:19.000000',8,'N','','',52),(12815,'2022-03-15 10:19:25.000000',12,'Y','','',52),(12816,'2022-05-19 16:52:52.000000',72,'Y','','',52),(12817,'2022-04-24 14:38:10.000000',91,'Y','','',52),(12818,'2022-05-04 23:12:14.000000',6,'Y','','',52),(12819,'2024-07-16 00:35:27.000000',1,'Y','','',52),(12820,'2024-09-27 21:16:18.000000',4,'N','','',52),(12821,'2024-12-20 14:59:30.000000',97,'Y','','',52),(12822,'2022-09-30 09:55:14.000000',50,'N','','',52),(12823,'2023-07-22 21:34:30.000000',18,'Y','','',52),(12824,'2023-01-31 19:38:52.000000',82,'N','','',52),(12825,'2023-06-23 03:13:22.000000',81,'N','','',52),(12826,'2024-04-06 13:40:29.000000',53,'Y','','',52),(12827,'2024-01-01 03:43:36.000000',38,'N','','',52),(12828,'2023-07-21 11:29:44.000000',20,'Y','','',52),(12829,'2022-03-15 09:30:54.000000',85,'Y','','',52),(12830,'2023-01-06 12:13:45.000000',83,'N','','',52),(12831,'2022-02-13 04:59:32.000000',67,'N','','',52),(12832,'2022-10-21 09:05:43.000000',34,'N','','',52),(12833,'2024-05-04 04:16:42.000000',91,'Y','','',52),(12834,'2023-02-12 23:24:36.000000',46,'N','','',52),(12835,'2024-03-26 17:05:32.000000',82,'Y','','',52),(12836,'2024-07-30 16:50:50.000000',77,'Y','','',52),(12837,'2024-07-17 12:28:11.000000',36,'N','','',52),(12838,'2024-04-25 21:52:08.000000',14,'N','','',52),(12839,'2024-06-16 03:08:48.000000',17,'N','','',52),(12840,'2022-02-18 13:29:40.000000',13,'Y','','',52),(12841,'2023-06-12 10:11:31.000000',8,'N','','',52),(12842,'2022-08-26 07:11:56.000000',34,'Y','','',52),(12843,'2023-12-22 15:15:40.000000',94,'Y','','',52),(12844,'2023-12-08 05:34:42.000000',23,'N','','',52),(12845,'2022-01-18 13:03:05.000000',77,'N','','',52),(12846,'2023-11-09 01:07:07.000000',1,'Y','','',52),(12847,'2024-02-27 15:41:57.000000',69,'N','','',52),(12848,'2024-09-23 01:48:40.000000',13,'Y','','',52),(12849,'2022-05-08 07:06:52.000000',87,'Y','','',52),(12850,'2024-12-30 00:09:09.000000',34,'N','','',52),(12851,'2024-01-18 12:42:06.000000',76,'Y','','',52),(12852,'2024-08-08 00:55:13.000000',32,'N','','',52),(12853,'2023-02-16 15:29:12.000000',26,'N','','',52),(12854,'2023-07-18 17:40:13.000000',33,'N','','',52),(12855,'2024-04-11 19:01:01.000000',21,'Y','','',52),(12856,'2023-06-06 13:19:40.000000',26,'Y','','',52),(12857,'2023-05-05 11:48:01.000000',91,'N','','',52),(12858,'2024-01-03 16:36:21.000000',95,'N','','',52),(12859,'2023-04-29 14:29:27.000000',50,'Y','','',52),(12860,'2024-02-12 20:59:38.000000',4,'N','','',52),(12861,'2024-02-19 19:04:24.000000',15,'N','','',52),(12862,'2023-05-12 11:54:20.000000',12,'N','','',52),(12863,'2022-03-25 12:41:22.000000',25,'N','','',52),(12864,'2023-10-09 14:39:18.000000',63,'N','','',52),(12865,'2022-06-22 18:07:04.000000',32,'N','','',52),(12866,'2022-01-30 11:34:50.000000',48,'N','','',52),(12867,'2024-02-16 18:59:14.000000',95,'N','','',52),(12868,'2022-05-01 06:25:03.000000',55,'Y','','',52),(12869,'2023-08-19 17:02:10.000000',83,'N','','',52),(12870,'2022-02-14 14:50:59.000000',65,'Y','','',52),(12871,'2023-12-12 02:33:19.000000',27,'Y','','',52),(12872,'2024-12-20 18:35:01.000000',60,'Y','','',52),(12873,'2022-11-20 00:08:57.000000',69,'Y','','',52),(12874,'2023-05-26 18:23:02.000000',88,'N','','',52),(12875,'2023-08-30 21:33:33.000000',81,'Y','','',52),(12876,'2023-11-10 21:26:25.000000',74,'N','','',52),(12877,'2024-08-05 22:49:13.000000',44,'Y','','',52),(12878,'2023-08-26 16:59:02.000000',28,'Y','','',52),(12879,'2024-01-20 07:00:36.000000',37,'Y','','',52),(12880,'2023-06-17 13:51:38.000000',39,'Y','','',52),(12881,'2023-06-18 03:36:06.000000',44,'N','','',52),(12882,'2022-07-20 04:05:10.000000',75,'N','','',52),(12883,'2022-09-20 14:50:48.000000',17,'N','','',52),(12884,'2024-03-16 10:37:41.000000',94,'N','','',52),(12885,'2022-09-02 10:15:33.000000',36,'N','','',52),(12886,'2022-04-08 15:35:05.000000',33,'N','','',52),(12887,'2023-11-20 00:09:52.000000',15,'Y','','',52),(12888,'2022-12-02 19:35:19.000000',24,'N','','',52),(12889,'2024-03-18 19:12:29.000000',32,'Y','','',52),(12890,'2023-02-28 23:00:08.000000',10,'N','','',52),(12891,'2022-11-28 03:35:58.000000',42,'N','','',52),(12892,'2024-12-28 11:05:00.000000',77,'N','','',52),(12893,'2023-07-24 10:03:57.000000',47,'Y','','',52),(12894,'2023-11-30 17:21:11.000000',4,'N','','',52),(12895,'2024-01-07 18:44:59.000000',56,'Y','','',52),(12896,'2022-09-25 10:27:51.000000',31,'N','','',52),(12897,'2024-09-26 23:46:16.000000',72,'N','','',52),(12898,'2023-12-10 00:45:20.000000',59,'Y','','',52),(12899,'2024-04-07 10:56:34.000000',3,'Y','','',52),(12900,'2022-06-12 10:22:40.000000',62,'N','','',52),(12901,'2022-11-01 20:12:00.000000',17,'Y','','',52),(12902,'2024-10-12 06:52:02.000000',3,'Y','','',52),(12903,'2024-08-01 02:18:41.000000',42,'N','','',52),(12904,'2024-09-08 06:32:35.000000',33,'N','','',52),(12905,'2023-07-10 03:37:41.000000',98,'N','','',52),(12906,'2023-12-21 13:48:07.000000',91,'N','','',52),(12907,'2022-04-01 14:41:42.000000',7,'N','','',52),(12908,'2022-05-06 13:33:14.000000',3,'Y','','',52),(12909,'2022-05-23 08:48:17.000000',9,'N','','',52),(12910,'2024-04-13 03:20:16.000000',93,'N','','',52),(12911,'2022-09-22 17:40:27.000000',79,'Y','','',52),(12912,'2024-12-30 08:24:34.000000',29,'N','','',52),(12913,'2024-04-28 11:43:28.000000',21,'Y','','',52),(12914,'2022-05-22 11:09:00.000000',67,'N','','',52),(12915,'2024-02-16 21:48:09.000000',32,'Y','','',52),(12916,'2024-01-19 15:18:42.000000',28,'N','','',52),(12917,'2024-04-19 02:45:28.000000',10,'N','','',52),(12918,'2024-04-01 21:06:51.000000',39,'Y','','',52),(12919,'2024-04-04 20:47:32.000000',86,'Y','','',52),(12920,'2023-10-27 12:42:30.000000',14,'N','','',52),(12921,'2022-05-22 10:35:12.000000',72,'N','','',52),(12922,'2023-08-04 07:49:12.000000',37,'Y','','',52),(12923,'2022-03-16 11:04:55.000000',74,'N','','',52),(12924,'2023-06-08 10:39:59.000000',22,'Y','','',52),(12925,'2024-06-16 07:11:48.000000',14,'N','','',52),(12926,'2024-01-27 20:20:13.000000',4,'N','','',52),(12927,'2023-09-12 10:57:07.000000',2,'N','','',52),(12928,'2022-11-26 16:32:56.000000',87,'N','','',52),(12929,'2023-02-01 13:08:56.000000',61,'Y','','',52),(12930,'2022-04-24 07:43:42.000000',53,'N','','',52),(12931,'2022-12-11 03:23:18.000000',77,'N','','',52),(12932,'2024-02-10 23:14:52.000000',43,'N','','',52),(12933,'2023-04-23 22:33:34.000000',21,'N','','',52),(12934,'2022-01-15 17:22:59.000000',72,'N','','',52),(12935,'2024-08-05 17:08:52.000000',76,'N','','',52),(12936,'2022-11-28 01:57:31.000000',85,'Y','','',52),(12937,'2024-11-16 12:20:09.000000',19,'Y','','',52),(12938,'2024-09-30 05:46:39.000000',45,'N','','',52),(12939,'2024-07-07 05:53:12.000000',76,'Y','','',52),(12940,'2023-03-02 01:18:57.000000',82,'Y','','',52),(12941,'2022-05-30 20:32:27.000000',64,'N','','',52),(12942,'2023-08-16 11:19:59.000000',25,'N','','',52),(12943,'2023-11-14 10:22:26.000000',95,'N','','',52),(12944,'2024-07-29 08:03:59.000000',53,'N','','',52),(12945,'2024-12-02 03:41:03.000000',95,'Y','','',52),(12946,'2024-08-17 19:08:02.000000',2,'Y','','',52),(12947,'2022-07-02 15:08:12.000000',63,'N','','',52),(12948,'2023-03-03 10:16:25.000000',87,'N','','',52),(12949,'2024-08-22 07:14:15.000000',55,'Y','','',52),(12950,'2024-02-26 06:07:49.000000',22,'Y','','',52),(12951,'2023-02-26 23:10:57.000000',70,'Y','','',52),(12952,'2024-01-29 20:37:10.000000',83,'Y','','',52),(12953,'2023-03-29 18:04:04.000000',89,'Y','','',52),(12954,'2022-10-25 05:04:23.000000',66,'Y','','',52),(12955,'2022-06-04 08:50:30.000000',22,'Y','','',52),(12956,'2023-08-12 17:39:12.000000',10,'Y','','',52),(12957,'2022-11-11 20:10:42.000000',13,'Y','','',52),(12958,'2024-05-05 18:17:33.000000',5,'Y','','',52),(12959,'2024-09-23 04:42:56.000000',99,'Y','','',52),(12960,'2024-01-30 09:00:00.000000',98,'N','','',52),(12961,'2023-11-04 23:10:15.000000',91,'N','','',52),(12962,'2022-09-18 15:29:25.000000',88,'N','','',52),(12963,'2022-05-03 01:47:59.000000',31,'N','','',52),(12964,'2024-07-26 14:46:31.000000',80,'N','','',52),(12965,'2023-07-17 09:31:25.000000',39,'N','','',52),(12966,'2023-10-07 19:24:36.000000',56,'Y','','',52),(12967,'2024-12-23 02:55:14.000000',74,'N','','',52),(12968,'2024-02-16 04:24:38.000000',91,'N','','',52),(12969,'2023-11-14 20:13:06.000000',32,'N','','',52),(12970,'2022-09-07 14:00:16.000000',4,'Y','','',52),(12971,'2023-08-29 05:17:40.000000',14,'Y','','',52),(12972,'2023-06-06 12:17:55.000000',74,'N','','',52),(12973,'2024-11-15 23:46:51.000000',9,'Y','','',52),(12974,'2024-02-27 21:09:38.000000',15,'N','','',52),(12975,'2024-04-04 00:25:14.000000',7,'Y','','',52),(12976,'2023-01-06 06:35:53.000000',35,'N','','',52),(12977,'2022-12-03 01:28:24.000000',77,'Y','','',52),(12978,'2022-01-06 16:53:07.000000',23,'Y','','',52),(12979,'2024-05-16 21:22:12.000000',39,'Y','','',52),(12980,'2023-01-29 07:50:43.000000',76,'Y','','',52),(12981,'2022-05-15 05:51:31.000000',57,'Y','','',52),(12982,'2023-03-27 04:08:11.000000',47,'N','','',52),(12983,'2022-07-01 23:47:27.000000',20,'N','','',52),(12984,'2023-04-09 18:00:15.000000',76,'Y','','',52),(12985,'2022-01-20 11:34:28.000000',45,'Y','','',52),(12986,'2024-10-08 17:52:01.000000',47,'N','','',52),(12987,'2022-10-04 19:38:58.000000',32,'Y','','',52),(12988,'2024-10-23 17:03:17.000000',72,'N','','',52),(12989,'2023-07-29 06:22:29.000000',54,'Y','','',52),(12990,'2023-12-07 21:07:17.000000',53,'N','','',52),(12991,'2023-12-09 00:06:05.000000',44,'N','','',52),(12992,'2024-10-01 08:52:18.000000',26,'N','','',52),(12993,'2022-03-03 23:30:54.000000',91,'Y','','',52),(12994,'2023-03-25 22:09:05.000000',38,'N','','',52),(12995,'2024-06-24 12:39:18.000000',85,'Y','','',52),(12996,'2024-08-30 15:28:56.000000',69,'Y','','',52),(12997,'2024-01-02 09:13:29.000000',57,'N','','',52),(12998,'2024-01-29 22:09:50.000000',67,'Y','','',52),(12999,'2024-05-11 15:53:43.000000',45,'Y','','',52),(13000,'2024-09-10 05:39:31.000000',26,'Y','','',52),(13001,'2024-05-10 20:56:07.000000',82,'N','','',52),(13002,'2023-10-07 18:23:15.000000',25,'Y','','',52),(13003,'2023-07-25 14:13:31.000000',40,'N','','',52),(13004,'2024-02-27 19:57:54.000000',54,'N','','',52),(13005,'2024-06-26 17:42:22.000000',10,'Y','','',52),(13006,'2022-03-07 21:03:21.000000',42,'N','','',52),(13007,'2024-11-28 17:05:09.000000',8,'N','','',52),(13008,'2022-08-28 01:28:16.000000',13,'Y','','',52),(13009,'2023-10-09 10:02:04.000000',19,'Y','','',52),(13010,'2024-06-09 18:33:00.000000',9,'N','','',52),(13011,'2024-04-09 18:19:54.000000',37,'N','','',52),(13012,'2023-06-13 21:34:53.000000',36,'Y','','',52),(13013,'2023-11-20 14:44:23.000000',68,'N','','',52),(13014,'2023-10-25 23:16:43.000000',83,'Y','','',52),(13015,'2023-12-19 00:46:42.000000',90,'Y','','',52),(13016,'2024-01-21 15:09:12.000000',32,'N','','',52),(13017,'2023-06-15 11:43:04.000000',52,'Y','','',52),(13018,'2023-10-22 14:23:28.000000',86,'Y','','',52),(13019,'2023-05-05 23:20:33.000000',28,'N','','',52),(13020,'2022-07-02 06:52:47.000000',59,'Y','','',52),(13021,'2023-03-13 20:24:32.000000',60,'N','','',52),(13022,'2023-08-10 13:25:39.000000',53,'N','','',52),(13023,'2023-12-30 23:46:50.000000',63,'N','','',52),(13024,'2024-10-22 10:29:16.000000',33,'N','','',52),(13025,'2024-04-20 00:31:57.000000',31,'Y','','',52),(13026,'2023-11-11 22:02:04.000000',34,'N','','',52),(13027,'2024-05-17 17:20:13.000000',94,'Y','','',52),(13028,'2023-05-15 07:28:53.000000',3,'Y','','',52),(13029,'2024-07-26 21:40:30.000000',74,'N','','',52),(13030,'2024-05-19 00:01:14.000000',86,'N','','',52),(13031,'2022-03-19 16:02:02.000000',74,'Y','','',52),(13032,'2024-12-16 10:47:42.000000',50,'N','','',52),(13033,'2023-11-07 12:13:21.000000',78,'Y','','',52),(13034,'2023-05-31 09:30:05.000000',43,'Y','','',52),(13035,'2023-04-29 07:14:06.000000',48,'Y','','',52),(13036,'2024-11-20 05:32:02.000000',25,'Y','','',52),(13037,'2023-12-30 05:43:42.000000',89,'Y','','',52),(13038,'2024-02-04 23:12:32.000000',29,'Y','','',52),(13039,'2024-04-03 02:48:38.000000',77,'Y','','',52),(13040,'2022-04-17 20:32:39.000000',95,'N','','',52),(13041,'2022-03-10 02:04:46.000000',17,'Y','','',52),(13042,'2023-10-24 19:10:27.000000',17,'Y','','',52),(13043,'2024-09-28 04:14:48.000000',70,'Y','','',52),(13044,'2024-02-02 01:18:00.000000',67,'Y','','',52),(13045,'2024-09-28 16:59:35.000000',73,'N','','',52),(13046,'2023-01-12 04:59:18.000000',57,'Y','','',52),(13047,'2023-01-04 12:08:20.000000',50,'N','','',52),(13048,'2022-09-15 02:05:56.000000',59,'N','','',52),(13049,'2023-02-14 10:19:24.000000',8,'N','','',52),(13050,'2022-03-24 09:27:22.000000',60,'N','','',52),(13051,'2024-03-18 01:56:18.000000',46,'Y','','',52),(13052,'2023-10-10 12:07:06.000000',46,'Y','','',52),(13053,'2023-10-16 21:34:00.000000',22,'N','','',52),(13054,'2022-03-12 11:02:17.000000',32,'Y','','',52),(13055,'2024-08-08 01:31:09.000000',41,'N','','',52),(13056,'2022-01-31 08:47:10.000000',34,'N','','',52),(13057,'2023-07-09 03:45:39.000000',1,'Y','','',52),(13058,'2022-10-23 13:55:48.000000',17,'N','','',52),(13059,'2023-08-05 15:22:11.000000',8,'N','','',52),(13060,'2022-09-09 02:53:38.000000',27,'Y','','',52),(13061,'2022-05-14 07:56:27.000000',82,'N','','',52),(13062,'2024-07-08 00:48:06.000000',34,'Y','','',52),(13063,'2022-12-10 20:39:39.000000',73,'Y','','',52),(13064,'2023-12-21 17:36:40.000000',71,'Y','','',52),(13065,'2024-08-17 14:00:56.000000',67,'N','','',52),(13066,'2024-10-26 03:05:40.000000',35,'Y','','',52),(13067,'2024-03-02 02:52:25.000000',5,'Y','','',52),(13068,'2022-02-16 16:08:20.000000',91,'N','','',52),(13069,'2022-06-18 21:01:18.000000',44,'N','','',52),(13070,'2023-08-18 10:08:03.000000',54,'N','','',52),(13071,'2024-09-06 17:57:21.000000',60,'N','','',52),(13072,'2023-11-04 22:06:53.000000',7,'N','','',52),(13073,'2023-09-29 01:12:50.000000',61,'Y','','',52),(13074,'2022-12-12 03:28:46.000000',18,'Y','','',52),(13075,'2023-11-05 03:35:40.000000',87,'N','','',52),(13076,'2024-09-01 00:30:14.000000',65,'Y','','',52),(13077,'2023-01-13 08:41:14.000000',79,'Y','','',52),(13078,'2022-04-27 03:18:57.000000',14,'Y','','',52),(13079,'2024-10-03 22:51:46.000000',70,'Y','','',52),(13080,'2023-07-20 17:36:06.000000',11,'N','','',52),(13081,'2024-02-06 02:28:44.000000',2,'Y','','',52),(13082,'2022-01-15 07:59:26.000000',19,'N','','',52),(13083,'2023-12-01 07:59:43.000000',54,'Y','','',52),(13084,'2023-09-30 07:37:50.000000',67,'Y','','',52),(13085,'2024-04-09 08:36:36.000000',69,'N','','',52),(13086,'2022-09-24 23:38:39.000000',24,'N','','',52),(13087,'2023-08-11 09:16:18.000000',52,'N','','',52),(13088,'2022-10-28 03:36:29.000000',42,'Y','','',52),(13089,'2024-12-28 01:05:47.000000',67,'Y','','',52),(13090,'2023-07-23 16:40:37.000000',51,'N','','',52),(13091,'2022-09-28 03:50:43.000000',81,'N','','',52),(13092,'2023-07-12 21:33:15.000000',8,'Y','','',52),(13093,'2022-09-24 23:14:02.000000',96,'N','','',52),(13094,'2023-10-25 07:06:36.000000',63,'N','','',52),(13095,'2023-08-21 05:45:32.000000',50,'Y','','',52),(13096,'2023-09-28 23:16:08.000000',6,'Y','','',52),(13097,'2024-03-15 05:38:17.000000',60,'N','','',52),(13098,'2024-10-17 01:22:48.000000',23,'Y','','',52),(13099,'2023-12-27 08:42:37.000000',50,'Y','','',52),(13100,'2024-07-21 21:56:17.000000',78,'N','','',52),(13101,'2022-04-01 22:37:49.000000',26,'N','','',52),(13102,'2022-01-11 07:29:12.000000',71,'N','','',52),(13103,'2023-11-21 20:13:00.000000',98,'Y','','',52),(13104,'2022-02-06 06:27:35.000000',12,'Y','','',52),(13105,'2023-03-12 11:02:28.000000',5,'Y','','',52),(13106,'2024-11-13 09:43:03.000000',36,'N','','',52),(13107,'2023-11-20 11:19:45.000000',55,'N','','',52),(13108,'2023-01-22 14:25:32.000000',88,'Y','','',52),(13109,'2024-07-28 23:38:07.000000',52,'Y','','',52),(13110,'2023-12-23 03:24:00.000000',61,'Y','','',52),(13111,'2022-08-26 20:29:50.000000',57,'N','','',52),(13112,'2023-08-17 06:11:16.000000',38,'Y','','',52),(13113,'2023-10-06 00:05:02.000000',83,'Y','','',52),(13114,'2022-05-21 04:05:48.000000',59,'Y','','',52),(13115,'2023-04-18 13:27:45.000000',39,'N','','',52),(13116,'2023-06-09 03:43:41.000000',81,'Y','','',52),(13117,'2024-11-13 09:43:16.000000',71,'N','','',52),(13118,'2024-05-01 21:27:49.000000',47,'N','','',52),(13119,'2023-04-22 13:21:19.000000',47,'N','','',52),(13120,'2024-11-26 14:26:31.000000',25,'Y','','',52),(13121,'2023-05-17 00:11:35.000000',77,'Y','','',52),(13122,'2022-05-03 03:13:24.000000',3,'Y','','',52),(13123,'2023-12-07 11:10:32.000000',57,'N','','',52),(13124,'2024-01-21 03:28:15.000000',85,'N','','',52),(13125,'2022-01-23 05:09:19.000000',57,'Y','','',52),(13126,'2024-12-28 12:04:51.000000',94,'Y','','',52),(13127,'2024-01-13 18:40:57.000000',25,'Y','','',52),(13128,'2023-12-03 11:57:48.000000',30,'Y','','',52),(13129,'2024-01-22 05:26:45.000000',5,'N','','',52),(13130,'2023-05-01 09:21:06.000000',39,'N','','',52),(13131,'2022-11-29 02:35:34.000000',33,'N','','',52),(13132,'2024-09-13 01:53:02.000000',81,'Y','','',52),(13133,'2022-09-25 09:14:57.000000',51,'N','','',52),(13134,'2022-01-17 07:49:08.000000',17,'N','','',52),(13135,'2023-07-29 23:11:30.000000',94,'N','','',52),(13136,'2023-01-02 07:35:13.000000',90,'Y','','',52),(13137,'2023-02-07 22:50:16.000000',53,'Y','','',52),(13138,'2022-04-21 09:53:03.000000',88,'N','','',52),(13139,'2023-12-01 15:21:57.000000',47,'Y','','',52),(13140,'2023-04-27 10:05:21.000000',70,'N','','',52),(13141,'2024-12-04 08:07:32.000000',20,'N','','',52),(13142,'2024-06-26 18:09:38.000000',4,'N','','',52),(13143,'2022-05-24 09:53:39.000000',27,'Y','','',52),(13144,'2024-04-23 11:48:25.000000',78,'Y','','',52),(13145,'2023-10-09 22:00:04.000000',6,'Y','','',52),(13146,'2023-04-26 17:45:08.000000',75,'Y','','',52),(13147,'2022-02-14 00:09:25.000000',25,'Y','','',52),(13148,'2024-07-22 03:01:17.000000',59,'Y','','',52),(13149,'2022-02-17 18:42:39.000000',85,'N','','',52),(13150,'2024-12-05 23:12:19.000000',52,'N','','',52),(13151,'2024-02-05 18:32:30.000000',96,'N','','',52),(13152,'2024-05-19 20:10:54.000000',53,'Y','','',52),(13153,'2024-06-09 02:03:35.000000',41,'Y','','',52),(13154,'2023-06-07 01:24:22.000000',17,'N','','',52),(13155,'2024-01-17 00:30:49.000000',28,'Y','','',52),(13156,'2023-10-08 01:37:15.000000',90,'Y','','',52),(13157,'2023-02-01 08:40:45.000000',27,'N','','',52),(13158,'2024-04-14 07:08:29.000000',45,'N','','',52),(13159,'2023-03-23 00:29:08.000000',30,'N','','',52),(13160,'2023-10-01 15:51:01.000000',86,'N','','',52),(13161,'2023-01-25 15:32:39.000000',6,'Y','','',52),(13162,'2022-09-11 15:30:49.000000',87,'Y','','',52),(13163,'2022-04-29 20:06:31.000000',75,'N','','',52),(13164,'2024-08-27 01:41:20.000000',43,'Y','','',52),(13165,'2023-08-12 07:45:33.000000',85,'N','','',52),(13166,'2024-08-10 15:08:45.000000',28,'N','','',52),(13167,'2024-06-07 01:32:34.000000',45,'N','','',52),(13168,'2023-09-23 23:32:25.000000',21,'Y','','',52),(13169,'2024-05-06 18:57:59.000000',63,'Y','','',52),(13170,'2022-07-08 16:46:56.000000',68,'Y','','',52),(13171,'2023-06-16 01:24:24.000000',86,'Y','','',52),(13172,'2023-01-20 16:38:49.000000',78,'N','','',52),(13173,'2022-03-31 17:01:15.000000',1,'Y','','',52),(13174,'2023-10-27 08:37:42.000000',40,'N','','',52),(13175,'2024-05-26 11:36:58.000000',75,'Y','','',52),(13176,'2022-08-19 13:53:19.000000',74,'Y','','',52),(13177,'2022-06-25 14:05:15.000000',85,'N','','',52),(13178,'2023-07-03 19:58:54.000000',38,'N','','',52),(13179,'2024-10-31 15:48:58.000000',13,'Y','','',52),(13180,'2023-06-28 00:08:01.000000',8,'N','','',52),(13181,'2023-01-12 00:54:05.000000',76,'Y','','',52),(13182,'2022-12-25 09:13:55.000000',31,'N','','',52),(13183,'2024-12-09 14:43:43.000000',85,'N','','',52),(13184,'2023-03-23 07:16:44.000000',75,'N','','',52),(13185,'2023-09-14 12:38:13.000000',38,'Y','','',52),(13186,'2022-06-07 02:11:51.000000',39,'N','','',52),(13187,'2022-11-10 07:49:23.000000',5,'N','','',52),(13188,'2022-06-25 10:41:20.000000',82,'Y','','',52),(13189,'2022-01-02 20:23:47.000000',17,'N','','',52),(13190,'2023-10-25 00:59:47.000000',74,'N','','',52),(13191,'2023-06-01 16:03:30.000000',22,'Y','','',52),(13192,'2022-10-04 22:46:23.000000',21,'N','','',52),(13193,'2022-07-06 00:51:30.000000',69,'N','','',52),(13194,'2023-12-27 18:45:41.000000',88,'N','','',52),(13195,'2024-01-17 01:45:37.603000',65,'N','','',52),(13196,'2023-05-02 17:40:20.000000',3,'Y','','',52),(13197,'2023-10-07 07:44:22.000000',18,'N','','',52),(13198,'2023-04-09 21:39:45.000000',27,'N','','',52),(13199,'2023-08-25 22:43:41.000000',78,'N','','',52),(13200,'2023-09-16 17:21:11.000000',70,'Y','','',52),(13201,'2023-03-06 10:44:18.000000',51,'N','','',52),(13202,'2023-12-08 15:56:19.000000',28,'Y','','',52),(13203,'2023-04-04 12:48:18.000000',34,'N','','',52),(13204,'2023-05-08 17:55:26.000000',2,'Y','','',52),(13205,'2023-08-22 20:17:23.000000',51,'N','','',52),(13206,'2023-12-29 04:01:52.000000',57,'Y','','',52),(13207,'2023-03-23 12:31:03.000000',44,'Y','','',52),(13208,'2023-04-21 18:16:28.000000',52,'N','','',52),(13209,'2023-08-28 20:13:30.000000',12,'Y','','',52),(13210,'2023-10-20 12:48:22.000000',37,'Y','','',52),(13211,'2023-04-03 13:07:50.000000',17,'N','','',52),(13212,'2023-08-31 22:14:24.000000',25,'N','','',52),(13213,'2023-07-18 13:25:37.000000',23,'Y','','',52),(13214,'2023-09-02 06:53:48.000000',73,'N','','',52),(13215,'2023-04-04 14:49:52.000000',95,'N','','',52),(13216,'2023-12-10 17:09:06.000000',2,'N','','',52),(13217,'2023-01-25 12:55:15.000000',30,'Y','','',52),(13218,'2023-06-04 01:18:30.000000',73,'N','','',52),(13219,'2023-03-24 05:24:27.000000',44,'Y','','',52),(13220,'2023-07-23 06:13:32.000000',83,'Y','','',52),(13221,'2023-07-22 21:31:32.000000',94,'Y','','',52),(13222,'2023-07-18 18:45:48.000000',2,'N','','',52),(13223,'2023-07-02 04:34:07.000000',63,'N','','',52),(13224,'2023-09-18 08:04:35.000000',1,'Y','','',52),(13225,'2023-04-26 08:13:24.000000',50,'Y','','',52),(13226,'2023-07-25 19:33:13.000000',16,'N','','',52),(13227,'2023-04-27 17:59:39.000000',49,'N','','',52),(13228,'2023-02-25 08:56:01.000000',21,'N','','',52),(13229,'2023-02-12 09:56:48.000000',40,'N','','',52),(13230,'2023-09-23 01:27:14.000000',90,'Y','','',52),(13231,'2023-01-12 23:22:00.000000',93,'Y','','',52),(13232,'2023-01-16 02:01:40.000000',55,'N','','',52),(13233,'2023-04-15 10:07:34.000000',48,'N','','',52),(13234,'2023-08-25 10:09:30.000000',10,'N','','',52),(13235,'2023-12-27 21:17:38.000000',13,'N','','',52),(13236,'2023-07-15 12:45:51.000000',10,'Y','','',52),(13237,'2023-04-01 20:56:00.000000',84,'N','','',52),(13238,'2023-04-27 02:11:19.000000',1,'Y','','',52),(13239,'2023-07-31 03:24:32.000000',93,'Y','','',52),(13240,'2023-07-17 21:02:46.000000',17,'Y','','',52),(13241,'2023-07-30 12:51:38.000000',57,'N','','',52),(13242,'2023-05-19 06:15:19.000000',92,'N','','',52),(13243,'2023-02-14 01:28:21.000000',9,'Y','','',52),(13244,'2023-08-19 14:57:58.000000',77,'Y','','',52),(13245,'2023-10-12 18:37:12.000000',89,'Y','','',52),(13246,'2023-09-20 14:42:34.000000',13,'Y','','',52),(13247,'2023-12-16 23:55:15.000000',57,'N','','',52),(13248,'2023-02-19 16:49:54.000000',15,'Y','','',52),(13249,'2023-05-09 13:00:04.000000',82,'Y','','',52),(13250,'2023-04-16 09:39:35.000000',81,'Y','','',52),(13251,'2023-07-17 17:59:25.000000',41,'Y','','',52),(13252,'2023-07-05 03:34:27.000000',36,'Y','','',52),(13253,'2023-01-15 18:10:09.000000',79,'Y','','',52),(13254,'2023-04-18 00:15:18.000000',60,'Y','','',52),(13255,'2023-07-04 10:15:21.000000',99,'Y','','',52),(13256,'2023-09-03 14:05:46.000000',51,'N','','',52),(13257,'2023-04-04 19:00:22.000000',20,'Y','','',52),(13258,'2023-02-21 06:57:43.000000',47,'N','','',52),(13259,'2023-07-05 02:00:21.000000',97,'N','','',52),(13260,'2023-12-05 11:58:22.000000',44,'N','','',52),(13261,'2023-02-19 06:48:19.000000',40,'N','','',52),(13262,'2023-11-24 09:50:08.000000',75,'N','','',52),(13263,'2023-05-29 12:36:35.000000',94,'Y','','',52),(13264,'2023-08-10 02:09:36.000000',68,'N','','',52),(13265,'2023-05-29 07:31:14.000000',35,'Y','','',52),(13266,'2023-09-03 23:41:16.000000',61,'Y','','',52),(13267,'2023-01-30 03:13:59.000000',36,'Y','','',52),(13268,'2023-03-28 01:19:25.000000',57,'Y','','',52),(13269,'2023-09-24 23:30:13.000000',82,'N','','',52),(13270,'2023-02-28 05:14:40.000000',16,'N','','',52),(13271,'2023-07-17 22:31:43.000000',93,'N','','',52),(13272,'2023-12-05 18:06:22.000000',61,'Y','','',52),(13273,'2023-05-12 21:22:58.000000',55,'Y','','',52),(13274,'2023-12-22 03:11:53.000000',93,'Y','','',52),(13275,'2023-05-20 19:47:37.000000',35,'N','','',52),(13276,'2023-12-15 06:18:57.000000',78,'Y','','',52),(13277,'2023-07-08 07:05:19.000000',28,'N','','',52),(13278,'2023-04-15 01:07:45.000000',78,'N','','',52),(13279,'2023-11-20 00:15:48.000000',66,'N','','',52),(13280,'2023-06-11 06:23:07.000000',97,'Y','','',52),(13281,'2023-01-18 21:27:31.000000',10,'Y','','',52),(13282,'2023-02-21 00:18:22.000000',16,'Y','','',52),(13283,'2023-12-14 23:04:26.000000',6,'Y','','',52),(13284,'2023-11-07 18:36:34.000000',89,'N','','',52),(13285,'2023-06-03 11:06:00.000000',52,'N','','',52),(13286,'2023-02-17 09:33:41.000000',41,'N','','',52),(13287,'2023-11-19 02:41:24.000000',37,'N','','',52),(13288,'2023-07-22 15:46:51.000000',8,'N','','',52),(13289,'2023-10-21 20:54:35.000000',5,'Y','','',52),(13290,'2023-06-21 05:13:40.000000',23,'Y','','',52),(13291,'2023-12-14 10:47:56.000000',85,'N','','',52),(13292,'2023-11-20 06:18:22.000000',98,'N','','',52),(13293,'2023-05-04 21:00:44.000000',3,'Y','','',52),(13294,'2023-06-22 21:42:07.000000',10,'Y','','',52),(13295,'2023-08-28 05:47:08.000000',13,'Y','','',52),(13296,'2023-02-11 23:30:52.000000',83,'Y','','',52),(13297,'2023-08-10 14:13:16.000000',26,'N','','',52),(13298,'2023-05-28 18:38:26.000000',15,'Y','','',52),(13299,'2023-04-24 14:00:09.000000',45,'N','','',52),(13300,'2023-08-11 01:05:13.000000',15,'N','','',52),(13301,'2023-06-18 11:45:53.000000',55,'Y','','',52),(13302,'2023-10-15 19:45:34.000000',78,'N','','',52),(13303,'2023-06-11 21:16:24.000000',63,'Y','','',52),(13304,'2023-05-07 00:34:04.000000',3,'Y','','',52),(13305,'2023-01-01 00:30:22.000000',24,'N','','',52),(13306,'2023-01-07 16:10:09.000000',31,'N','','',52),(13307,'2023-04-08 16:58:11.000000',96,'N','','',52),(13308,'2023-07-12 08:54:06.000000',58,'Y','','',52),(13309,'2023-11-27 03:30:50.000000',36,'N','','',52),(13310,'2023-12-01 03:31:27.000000',84,'N','','',52),(13311,'2023-10-21 20:42:32.000000',20,'N','','',52),(13312,'2023-02-06 22:25:01.000000',8,'N','','',52),(13313,'2023-05-14 11:47:49.000000',73,'N','','',52),(13314,'2023-11-06 17:53:05.000000',58,'N','','',52),(13315,'2023-01-24 00:48:20.000000',45,'Y','','',52),(13316,'2023-09-25 13:19:36.000000',40,'N','','',52),(13317,'2023-03-22 23:50:29.000000',90,'Y','','',52),(13318,'2023-12-06 18:12:41.000000',66,'Y','','',52),(13319,'2023-08-29 07:32:06.000000',94,'N','','',52),(13320,'2023-06-17 22:19:54.000000',85,'N','','',52),(13321,'2023-12-26 15:10:18.000000',80,'Y','','',52),(13322,'2023-01-06 17:00:54.000000',28,'N','','',52),(13323,'2023-10-11 22:24:29.000000',12,'N','','',52),(13324,'2023-07-12 02:32:56.000000',14,'N','','',52),(13325,'2023-02-16 13:20:23.000000',80,'Y','','',52),(13326,'2023-01-01 17:27:44.000000',65,'N','','',52),(13327,'2023-03-14 05:36:42.000000',28,'N','','',52),(13328,'2023-01-04 03:56:53.000000',31,'N','','',52),(13329,'2023-01-07 09:30:21.000000',11,'Y','','',52),(13330,'2023-06-06 11:39:56.000000',18,'Y','','',52),(13331,'2023-02-01 22:39:50.000000',92,'Y','','',52),(13332,'2023-03-19 14:06:28.000000',76,'N','','',52),(13333,'2023-10-15 13:29:12.000000',23,'Y','','',52),(13334,'2023-03-06 09:49:52.000000',45,'Y','','',52),(13335,'2023-07-02 17:45:11.000000',85,'Y','','',52),(13336,'2023-12-16 15:59:14.000000',59,'N','','',52),(13337,'2023-07-02 15:59:50.000000',66,'N','','',52),(13338,'2023-06-08 23:37:26.000000',69,'Y','','',52),(13339,'2023-09-11 06:29:19.000000',62,'N','','',52),(13340,'2023-09-08 20:38:47.000000',40,'Y','','',52),(13341,'2023-04-02 14:20:19.000000',88,'Y','','',52),(13342,'2023-01-29 15:44:04.000000',91,'Y','','',52),(13343,'2023-04-24 08:13:22.000000',91,'N','','',52),(13344,'2023-12-06 08:55:03.000000',77,'Y','','',52),(13345,'2023-01-04 02:51:32.000000',37,'Y','','',52),(13346,'2023-05-10 16:16:51.000000',57,'N','','',52),(13347,'2023-05-15 19:28:30.000000',27,'N','','',52),(13348,'2023-08-09 15:05:54.000000',22,'N','','',52),(13349,'2023-12-08 09:08:21.000000',54,'Y','','',52),(13350,'2023-12-18 02:32:30.000000',14,'Y','','',52),(13351,'2023-08-06 11:39:27.000000',76,'Y','','',52),(13352,'2023-04-20 20:37:47.000000',95,'Y','','',52),(13353,'2023-12-16 03:54:27.000000',32,'N','','',52),(13354,'2023-11-04 18:01:48.000000',65,'Y','','',52),(13355,'2023-01-22 01:20:28.000000',54,'N','','',52),(13356,'2023-12-31 07:32:04.000000',72,'Y','','',52),(13357,'2023-03-04 16:59:03.000000',71,'Y','','',52),(13358,'2023-05-27 06:28:01.000000',46,'Y','','',52),(13359,'2023-09-15 05:30:18.000000',14,'Y','','',52),(13360,'2023-12-12 17:33:46.000000',58,'N','','',52),(13361,'2023-03-19 18:25:06.000000',97,'N','','',52),(13362,'2023-04-06 10:59:17.000000',40,'N','','',52),(13363,'2023-03-07 10:55:11.000000',80,'Y','','',52),(13364,'2023-11-30 02:19:12.000000',46,'N','','',52),(13365,'2023-01-24 12:30:19.000000',55,'Y','','',52),(13366,'2023-09-09 12:23:59.000000',19,'N','','',52),(13367,'2023-01-08 07:24:53.000000',16,'Y','','',52),(13368,'2023-08-02 09:10:24.000000',87,'Y','','',52),(13369,'2023-02-10 11:18:35.000000',35,'N','','',52),(13370,'2023-06-27 06:50:32.000000',40,'Y','','',52),(13371,'2023-10-26 20:21:12.000000',78,'Y','','',52),(13372,'2023-04-25 09:57:08.000000',64,'N','','',52),(13373,'2023-01-19 11:55:31.000000',1,'Y','','',52),(13374,'2023-08-20 23:58:17.000000',16,'N','','',52),(13375,'2023-04-24 13:24:54.000000',82,'N','','',52),(13376,'2023-11-13 08:53:50.000000',60,'N','','',52),(13377,'2023-11-14 00:16:24.000000',75,'N','','',52),(13378,'2023-07-16 05:43:48.000000',45,'Y','','',52),(13379,'2023-06-17 19:22:01.000000',60,'N','','',52),(13380,'2023-01-23 10:58:23.000000',28,'Y','','',52),(13381,'2023-03-07 19:31:58.000000',82,'N','','',52),(13382,'2023-08-26 22:41:15.000000',63,'Y','','',52),(13383,'2023-12-17 07:04:07.000000',75,'N','','',52),(13384,'2023-04-01 18:35:40.000000',6,'Y','','',52),(13385,'2023-12-09 19:18:50.000000',14,'N','','',52),(13386,'2023-06-02 16:56:01.000000',33,'N','','',52),(13387,'2023-04-27 10:44:12.000000',47,'N','','',52),(13388,'2023-05-24 01:12:37.000000',16,'Y','','',52),(13389,'2023-10-14 00:09:17.000000',54,'Y','','',52),(13390,'2023-11-15 17:22:12.000000',45,'N','','',52),(13391,'2023-10-01 15:47:09.000000',60,'Y','','',52),(13392,'2023-12-05 07:20:58.000000',56,'N','','',52),(13393,'2023-01-19 17:16:18.000000',84,'N','','',52),(13394,'2023-07-14 00:34:38.000000',59,'N','','',52),(13395,'2023-04-04 08:53:06.000000',86,'Y','','',52),(13396,'2023-12-19 08:17:22.000000',9,'Y','','',52),(13397,'2023-11-26 15:13:59.000000',86,'N','','',52),(13398,'2023-02-26 06:36:49.000000',1,'N','','',52),(13399,'2023-03-28 01:46:40.000000',90,'N','','',52),(13400,'2023-12-20 14:54:18.000000',62,'Y','','',52),(13401,'2023-09-27 11:10:58.000000',3,'Y','','',52),(13402,'2023-04-02 17:40:55.000000',59,'N','','',52),(13403,'2023-03-13 23:19:38.000000',66,'Y','','',52),(13404,'2023-05-25 10:52:06.000000',99,'Y','','',52),(13405,'2023-01-22 15:44:17.000000',96,'Y','','',52),(13406,'2023-01-08 22:21:32.000000',3,'Y','','',52),(13407,'2023-07-25 06:29:14.000000',26,'N','','',52),(13408,'2023-04-14 23:54:17.000000',49,'N','','',52),(13409,'2023-05-27 20:03:19.000000',35,'N','','',52),(13410,'2023-04-20 03:06:50.000000',96,'Y','','',52),(13411,'2023-10-17 22:26:00.000000',49,'Y','','',52),(13412,'2023-08-30 09:34:54.000000',20,'Y','','',52),(13413,'2023-03-21 23:53:45.000000',50,'Y','','',52),(13414,'2023-03-20 14:11:32.000000',37,'N','','',52),(13415,'2023-06-15 03:55:28.000000',4,'N','','',52),(13416,'2023-07-03 22:18:30.000000',75,'Y','','',52),(13417,'2023-04-26 02:48:07.000000',17,'Y','','',52),(13418,'2023-07-29 05:04:15.000000',30,'Y','','',52),(13419,'2023-11-20 16:09:23.000000',75,'Y','','',52),(13420,'2023-05-08 01:59:36.000000',18,'N','','',52),(13421,'2023-01-15 06:51:51.000000',39,'Y','','',52),(13422,'2023-04-09 06:22:13.000000',97,'N','','',52),(13423,'2023-12-09 17:20:54.000000',57,'Y','','',52),(13424,'2023-05-27 22:02:58.000000',81,'N','','',52),(13425,'2023-08-04 05:34:24.000000',82,'N','','',52),(13426,'2023-01-10 09:15:59.000000',42,'N','','',52),(13427,'2023-02-20 12:52:02.000000',51,'Y','','',52),(13428,'2023-09-25 11:35:09.000000',14,'N','','',52),(13429,'2023-09-01 21:48:55.000000',88,'Y','','',52),(13430,'2023-03-03 11:12:07.000000',22,'Y','','',52),(13431,'2023-10-12 22:56:22.000000',7,'N','','',52),(13432,'2023-04-16 04:06:11.000000',22,'N','','',52),(13433,'2023-07-12 02:32:02.000000',33,'N','','',52),(13434,'2023-12-16 15:58:48.000000',94,'Y','','',52),(13435,'2023-03-06 12:30:24.000000',30,'N','','',52),(13436,'2023-12-23 17:22:35.000000',63,'Y','','',52),(13437,'2023-12-07 14:16:26.000000',12,'N','','',52),(13438,'2023-11-06 11:05:17.000000',33,'N','','',52),(13439,'2023-07-13 12:30:35.000000',17,'N','','',52),(13440,'2023-12-22 01:07:14.000000',18,'Y','','',52),(13441,'2023-08-27 20:52:21.000000',34,'N','','',52),(13442,'2023-02-10 01:40:20.000000',32,'N','','',52),(13443,'2023-09-13 05:53:24.000000',48,'N','','',52),(13444,'2023-11-20 08:59:14.000000',40,'N','','',52),(13445,'2023-04-10 16:07:31.000000',34,'Y','','',52),(13446,'2023-08-23 16:09:56.000000',82,'Y','','',52),(13447,'2023-04-15 11:28:49.000000',77,'N','','',52),(13448,'2023-12-13 03:22:08.000000',88,'N','','',52),(13449,'2023-02-04 22:11:00.000000',61,'N','','',52),(13450,'2023-03-13 00:36:41.000000',14,'Y','','',52),(13451,'2023-09-14 04:26:18.000000',84,'Y','','',52),(13452,'2023-01-22 19:32:24.000000',84,'Y','','',52),(13453,'2023-02-19 03:31:00.000000',28,'N','','',52),(13454,'2023-12-25 11:08:17.000000',98,'N','','',52),(13455,'2023-08-09 02:37:52.000000',4,'Y','','',52),(13456,'2023-07-31 20:32:41.000000',3,'N','','',52),(13457,'2023-04-03 08:31:41.000000',62,'N','','',52),(13458,'2023-01-01 16:36:10.000000',27,'N','','',52),(13459,'2023-05-06 19:25:35.000000',66,'N','','',52),(13460,'2023-04-19 01:47:37.000000',62,'Y','','',52),(13461,'2023-01-25 17:16:26.000000',71,'Y','','',52),(13462,'2023-02-12 21:20:31.000000',56,'Y','','',52),(13463,'2023-10-22 20:03:33.000000',22,'N','','',52),(13464,'2023-05-01 12:49:17.000000',73,'N','','',52),(13465,'2023-02-11 19:14:31.000000',42,'Y','','',52),(13466,'2023-05-31 18:16:57.000000',71,'N','','',52),(13467,'2023-05-19 09:42:43.000000',58,'Y','','',52),(13468,'2023-01-09 10:09:28.000000',25,'Y','','',52),(13469,'2023-03-21 07:00:04.000000',33,'Y','','',52),(13470,'2023-09-29 01:10:52.000000',28,'N','','',52),(13471,'2023-11-29 18:43:59.000000',36,'Y','','',52),(13472,'2023-10-27 16:24:04.000000',96,'N','','',52),(13473,'2023-02-06 19:25:05.000000',9,'N','','',52),(13474,'2023-10-17 11:25:41.000000',49,'N','','',52),(13475,'2023-07-20 08:02:01.000000',63,'Y','','',52),(13476,'2023-02-08 12:16:50.000000',11,'Y','','',52),(13477,'2023-07-13 05:05:34.000000',35,'Y','','',52),(13478,'2023-01-15 05:16:44.000000',54,'Y','','',52),(13479,'2023-05-25 17:55:36.000000',3,'Y','','',52),(13480,'2023-01-28 15:16:02.000000',84,'Y','','',52),(13481,'2023-02-08 09:19:22.000000',20,'N','','',52),(13482,'2023-01-25 04:01:40.000000',55,'N','','',52),(13483,'2023-03-02 05:19:03.000000',32,'Y','','',52),(13484,'2023-05-23 15:56:31.000000',30,'Y','','',52),(13485,'2023-06-20 00:14:44.000000',6,'N','','',52),(13486,'2023-12-16 09:10:31.000000',32,'Y','','',52),(13487,'2023-07-28 00:11:49.000000',70,'N','','',52),(13488,'2023-10-13 19:35:09.000000',21,'N','','',52),(13489,'2023-08-15 11:10:08.000000',63,'Y','','',52),(13490,'2023-04-20 00:28:39.000000',28,'Y','','',52),(13491,'2023-05-21 12:02:15.000000',18,'Y','','',52),(13492,'2023-10-31 10:31:08.000000',68,'Y','','',52),(13493,'2023-09-22 19:13:25.000000',26,'N','','',52),(13494,'2023-03-20 10:02:43.000000',35,'Y','','',52),(13495,'2023-07-30 20:51:48.000000',44,'N','','',52),(13496,'2023-10-21 06:59:41.000000',18,'N','','',52),(13497,'2023-11-12 15:27:21.000000',86,'N','','',52),(13498,'2023-06-05 03:33:23.000000',6,'Y','','',52),(13499,'2023-07-31 23:10:39.000000',81,'N','','',52),(13500,'2023-11-28 13:50:07.000000',64,'Y','','',52),(13501,'2023-11-14 09:42:03.000000',9,'Y','','',52),(13502,'2023-07-18 15:28:08.000000',79,'Y','','',52),(13503,'2023-05-20 08:52:49.000000',19,'N','','',52),(13504,'2023-09-13 02:39:48.000000',86,'Y','','',52),(13505,'2023-01-25 16:00:41.000000',76,'N','','',52),(13506,'2023-09-22 07:08:16.000000',23,'N','','',52),(13507,'2023-02-19 20:34:27.000000',14,'N','','',52),(13508,'2023-08-19 08:02:47.000000',73,'Y','','',52),(13509,'2023-09-16 10:44:48.000000',62,'Y','','',52),(13510,'2023-11-05 16:47:08.000000',22,'N','','',52),(13511,'2023-07-16 02:15:31.000000',38,'N','','',52),(13512,'2023-01-11 04:00:20.000000',32,'N','','',52),(13513,'2023-07-29 09:08:10.000000',80,'N','','',52),(13514,'2023-11-15 10:26:29.000000',57,'N','','',52),(13515,'2023-11-10 22:46:16.000000',56,'N','','',52),(13516,'2023-02-26 01:42:37.000000',39,'N','','',52),(13517,'2023-03-05 04:17:54.000000',29,'N','','',52),(13518,'2023-10-03 18:54:36.000000',46,'N','','',52),(13519,'2023-02-04 02:34:38.000000',40,'Y','','',52),(13520,'2023-10-13 01:13:22.000000',21,'N','','',52),(13521,'2023-05-14 17:03:04.000000',27,'Y','','',52),(13522,'2023-06-17 16:24:17.000000',12,'N','','',52),(13523,'2023-12-17 09:24:17.000000',89,'N','','',52),(13524,'2023-06-08 21:27:08.000000',75,'Y','','',52),(13525,'2023-01-09 23:08:50.000000',56,'N','','',52),(13526,'2023-01-12 03:44:36.000000',3,'N','','',52),(13527,'2023-10-29 13:34:16.000000',67,'N','','',52),(13528,'2023-02-19 19:45:40.000000',73,'N','','',52),(13529,'2023-03-02 12:59:23.000000',80,'N','','',52),(13530,'2023-05-16 21:38:30.000000',95,'Y','','',52),(13531,'2023-05-13 15:09:54.000000',43,'N','','',52),(13532,'2023-07-10 08:50:22.000000',51,'N','','',52),(13533,'2023-06-19 10:26:27.000000',84,'N','','',52),(13534,'2023-11-17 12:24:38.000000',86,'Y','','',52),(13535,'2023-10-21 00:31:50.000000',14,'N','','',52),(13536,'2023-08-21 23:50:48.000000',91,'N','','',52),(13537,'2023-01-10 07:44:08.000000',56,'N','','',52),(13538,'2023-03-09 15:34:03.000000',86,'N','','',52),(13539,'2023-05-08 22:55:49.000000',6,'Y','','',52),(13540,'2023-09-29 14:19:22.000000',10,'N','','',52),(13541,'2023-06-23 13:16:49.000000',28,'Y','','',52),(13542,'2023-01-30 16:22:53.000000',68,'N','','',52),(13543,'2023-12-09 03:38:54.000000',67,'Y','','',52),(13544,'2023-06-12 18:10:25.000000',76,'Y','','',52),(13545,'2023-08-07 04:28:56.000000',31,'Y','','',52),(13546,'2023-09-22 16:13:55.000000',7,'Y','','',52),(13547,'2023-11-20 20:04:36.000000',36,'N','','',52),(13548,'2023-05-24 05:08:16.000000',14,'N','','',52),(13549,'2023-12-22 20:17:55.000000',89,'N','','',52),(13550,'2023-02-03 14:26:08.000000',62,'N','','',52),(13551,'2023-03-15 13:44:55.000000',21,'Y','','',52),(13552,'2023-02-01 07:36:41.000000',80,'N','','',52),(13553,'2023-10-04 14:51:01.000000',77,'N','','',52),(13554,'2023-08-02 22:54:37.000000',54,'Y','','',52),(13555,'2023-08-24 18:18:21.000000',3,'N','','',52),(13556,'2023-09-01 23:21:39.000000',39,'Y','','',52),(13557,'2023-11-29 11:53:06.000000',41,'Y','','',52),(13558,'2023-10-15 17:43:38.000000',34,'N','','',52),(13559,'2023-10-18 22:47:59.000000',44,'Y','','',52),(13560,'2023-05-28 09:31:32.000000',2,'Y','','',52),(13561,'2023-06-08 15:57:31.000000',88,'Y','','',52),(13562,'2023-02-01 20:41:33.000000',41,'Y','','',52),(13563,'2023-02-04 17:04:37.000000',13,'Y','','',52),(13564,'2023-08-22 18:59:22.000000',59,'Y','','',52),(13565,'2023-03-30 01:12:34.000000',70,'Y','','',52),(13566,'2023-08-03 04:27:28.000000',67,'Y','','',52),(13567,'2023-06-29 20:18:29.000000',69,'Y','','',52),(13568,'2023-05-02 12:31:06.000000',65,'N','','',52),(13569,'2023-05-19 22:50:13.000000',56,'Y','','',52),(13570,'2023-01-10 04:31:48.000000',73,'N','','',52),(13571,'2023-12-14 23:53:24.000000',26,'N','','',52),(13572,'2023-08-06 15:03:43.000000',34,'N','','',52),(13573,'2023-11-22 14:59:26.000000',78,'Y','','',52),(13574,'2023-03-22 15:37:04.000000',14,'Y','','',52),(13575,'2023-08-05 16:26:53.000000',89,'Y','','',52),(13576,'2023-07-20 01:02:23.000000',3,'N','','',52),(13577,'2023-11-23 01:37:30.000000',59,'N','','',52),(13578,'2023-05-01 19:31:01.000000',2,'N','','',52),(13579,'2023-04-10 02:05:35.000000',82,'Y','','',52),(13580,'2023-10-25 04:32:17.000000',77,'Y','','',52),(13581,'2023-05-08 06:48:03.000000',9,'Y','','',52),(13582,'2023-09-12 21:32:21.000000',55,'N','','',52),(13583,'2023-12-06 05:59:55.000000',80,'N','','',52),(13584,'2023-02-22 01:31:19.000000',21,'N','','',52),(13585,'2023-05-06 03:46:11.000000',62,'N','','',52),(13586,'2023-09-10 15:59:09.000000',24,'Y','','',52),(13587,'2023-03-19 01:20:59.000000',42,'N','','',52),(13588,'2023-01-01 21:26:02.000000',42,'N','','',52),(13589,'2023-06-18 20:56:10.000000',50,'N','','',52),(13590,'2023-09-26 14:28:19.000000',94,'Y','','',52),(13591,'2023-10-12 19:51:32.000000',51,'N','','',52),(13592,'2023-09-02 16:58:56.000000',2,'N','','',52),(13593,'2023-07-23 08:14:47.000000',57,'N','','',52),(13594,'2023-12-05 18:14:05.000000',31,'N','','',52),(13595,'2023-01-21 01:03:16.000000',14,'Y','','',52),(13596,'2023-09-10 18:32:01.000000',78,'Y','','',52),(13597,'2023-06-02 10:24:50.000000',98,'N','','',52),(13598,'2023-03-20 16:22:17.000000',73,'Y','','',52),(13599,'2023-09-16 12:28:22.000000',12,'N','','',52),(13600,'2023-11-10 22:46:40.000000',54,'N','','',52),(13601,'2023-12-22 22:25:55.000000',58,'Y','','',52),(13602,'2023-04-23 00:23:27.000000',71,'N','','',52),(13603,'2023-08-06 22:32:58.000000',95,'N','','',52),(13604,'2023-08-07 23:53:41.000000',60,'N','','',52),(13605,'2023-11-22 13:37:54.000000',45,'N','','',52),(13606,'2023-03-07 06:54:13.000000',56,'Y','','',52),(13607,'2023-06-21 10:26:59.000000',21,'Y','','',52),(13608,'2023-10-25 00:16:12.000000',25,'N','','',52),(13609,'2023-01-17 19:49:36.000000',88,'N','','',52),(13610,'2023-09-20 03:26:34.000000',86,'Y','','',52),(13611,'2023-08-11 00:56:47.000000',41,'N','','',52),(13612,'2023-08-14 15:17:52.000000',78,'Y','','',52),(13613,'2023-09-02 13:36:48.000000',28,'Y','','',52),(13614,'2023-05-13 06:44:28.000000',78,'Y','','',52),(13615,'2023-05-02 04:12:00.000000',79,'N','','',52),(13616,'2023-01-20 14:15:16.000000',63,'Y','','',52),(13617,'2023-07-06 21:09:53.000000',63,'N','','',52),(13618,'2023-10-21 01:54:39.000000',68,'Y','','',52),(13619,'2023-02-13 06:00:50.000000',31,'Y','','',52),(13620,'2023-01-18 06:06:25.000000',99,'N','','',52),(13621,'2023-04-20 16:25:11.000000',5,'N','','',52),(13622,'2023-07-06 06:55:50.000000',74,'N','','',52),(13623,'2023-04-06 03:39:07.000000',2,'Y','','',52),(13624,'2023-06-29 04:48:56.000000',16,'Y','','',52),(13625,'2023-11-06 16:00:58.000000',78,'N','','',52),(13626,'2023-01-30 23:35:32.000000',77,'N','','',52),(13627,'2023-10-12 17:38:54.000000',32,'N','','',52),(13628,'2023-01-28 05:36:17.000000',63,'Y','','',52),(13629,'2023-09-25 02:27:07.000000',73,'Y','','',52),(13630,'2023-03-04 02:28:07.000000',54,'Y','','',52),(13631,'2023-04-21 21:54:57.000000',60,'Y','','',52),(13632,'2023-01-03 06:00:38.000000',24,'N','','',52),(13633,'2023-03-29 15:58:40.000000',39,'Y','','',52),(13634,'2023-05-06 18:22:59.000000',79,'N','','',52),(13635,'2023-05-17 21:38:42.000000',9,'Y','','',52),(13636,'2023-09-07 07:30:55.000000',86,'Y','','',52),(13637,'2023-07-05 22:35:11.000000',38,'Y','','',52),(13638,'2023-04-30 17:29:10.000000',43,'Y','','',52),(13639,'2023-02-17 00:00:08.000000',45,'N','','',52),(13640,'2023-06-27 02:24:17.000000',90,'Y','','',52),(13641,'2023-01-30 06:05:14.000000',57,'N','','',52),(13642,'2023-06-26 13:07:53.000000',59,'N','','',52),(13643,'2023-12-25 14:37:36.000000',74,'N','','',52),(13644,'2023-01-31 16:22:01.000000',45,'Y','','',52),(13645,'2023-03-16 17:48:07.000000',86,'N','','',52),(13646,'2023-10-15 12:00:54.000000',12,'Y','','',52),(13647,'2023-10-06 08:16:23.000000',38,'Y','','',52),(13648,'2023-03-23 11:52:20.000000',73,'Y','','',52),(13649,'2023-01-31 20:48:23.000000',1,'N','','',52),(13650,'2023-08-27 10:03:12.000000',65,'N','','',52),(13651,'2023-11-10 05:54:44.000000',96,'N','','',52),(13652,'2023-11-03 14:29:16.000000',30,'N','','',52),(13653,'2023-11-20 21:29:51.000000',96,'Y','','',52),(13654,'2023-12-29 21:41:02.000000',11,'Y','','',52),(13655,'2023-02-21 06:10:36.000000',85,'Y','','',52),(13656,'2023-08-03 22:36:34.000000',55,'Y','','',52),(13657,'2023-01-16 00:58:54.000000',13,'Y','','',52),(13658,'2023-09-15 01:24:45.000000',93,'Y','','',52),(13659,'2023-08-03 08:46:15.000000',41,'N','','',52),(13660,'2023-01-09 15:13:26.000000',24,'Y','','',52),(13661,'2023-10-13 12:31:56.000000',49,'Y','','',52),(13662,'2023-08-13 21:30:28.000000',26,'N','','',52),(13663,'2023-11-20 15:21:33.000000',6,'Y','','',52),(13664,'2023-01-12 08:11:59.000000',39,'Y','','',52),(13665,'2023-02-14 06:57:44.000000',14,'N','','',52),(13666,'2023-01-13 00:42:19.000000',51,'N','','',52),(13667,'2023-09-16 11:14:14.000000',41,'Y','','',52),(13668,'2023-02-10 08:41:04.000000',89,'Y','','',52),(13669,'2023-07-24 06:13:53.000000',74,'Y','','',52),(13670,'2023-01-08 07:43:03.000000',95,'N','','',52),(13671,'2023-05-21 02:17:38.000000',76,'N','','',52),(13672,'2023-11-22 03:00:42.000000',55,'N','','',52),(13673,'2023-06-02 01:53:07.000000',55,'Y','','',52),(13674,'2023-02-08 09:49:03.000000',74,'N','','',52),(13675,'2023-07-21 19:26:57.000000',24,'N','','',52),(13676,'2023-02-23 16:39:26.000000',44,'N','','',52),(13677,'2023-01-17 01:02:28.000000',57,'Y','','',52),(13678,'2023-12-29 11:07:47.000000',2,'N','','',52),(13679,'2023-05-11 01:21:51.000000',75,'N','','',52),(13680,'2023-12-27 11:05:26.000000',57,'N','','',52),(13681,'2023-08-07 21:27:53.000000',54,'N','','',52),(13682,'2023-04-14 05:23:16.000000',23,'N','','',52),(13683,'2023-02-04 07:26:58.000000',85,'N','','',52),(13684,'2023-03-30 11:04:25.000000',93,'N','','',52),(13685,'2023-07-10 01:22:43.000000',83,'Y','','',52),(13686,'2023-04-20 19:21:45.000000',73,'N','','',52),(13687,'2023-01-02 23:43:44.000000',5,'N','','',52),(13688,'2023-07-07 09:29:42.000000',26,'N','','',52),(13689,'2023-03-16 00:30:06.000000',32,'N','','',52),(13690,'2023-08-27 07:50:40.000000',4,'Y','','',52),(13691,'2023-10-21 07:15:44.000000',43,'Y','','',52),(13692,'2023-06-14 00:23:46.000000',13,'Y','','',52),(13693,'2023-06-09 17:10:38.000000',8,'Y','','',52),(13694,'2023-05-19 16:22:22.000000',70,'Y','','',52),(13695,'2023-04-25 00:13:16.000000',90,'Y','','',52),(13696,'2023-01-13 22:00:18.000000',22,'N','','',52),(13697,'2023-08-09 16:24:15.000000',23,'Y','','',52),(13698,'2023-03-25 06:01:05.000000',5,'Y','','',52),(13699,'2023-06-29 10:44:57.000000',72,'Y','','',52),(13700,'2023-11-11 17:06:01.000000',12,'N','','',52),(13701,'2023-04-18 05:17:21.000000',72,'Y','','',52),(13702,'2023-10-19 15:57:46.000000',50,'Y','','',52),(13703,'2023-04-22 03:59:39.000000',3,'N','','',52),(13704,'2023-02-23 06:49:07.000000',17,'Y','','',52),(13705,'2023-04-20 15:24:51.000000',51,'N','','',52),(13706,'2023-09-23 06:44:12.000000',49,'N','','',52),(13707,'2023-06-07 15:10:02.000000',19,'N','','',52),(13708,'2023-02-02 17:49:25.000000',57,'N','','',52),(13709,'2023-07-20 18:56:04.000000',10,'Y','','',52),(13710,'2023-11-08 06:24:07.000000',86,'N','','',52),(13711,'2023-10-14 19:55:34.000000',75,'N','','',52),(13712,'2023-04-10 14:28:36.000000',1,'Y','','',52),(13713,'2023-05-01 23:35:54.000000',17,'N','','',52),(13714,'2023-04-03 07:34:14.000000',20,'Y','','',52),(13715,'2023-04-21 11:12:33.000000',7,'N','','',52),(13716,'2023-09-15 16:41:15.000000',19,'N','','',52),(13717,'2023-05-15 07:51:19.000000',3,'N','','',52),(13718,'2023-08-14 02:56:45.000000',52,'N','','',52),(13719,'2023-01-18 10:05:13.000000',79,'Y','','',52),(13720,'2023-01-26 11:51:00.000000',75,'N','','',52),(13721,'2023-03-07 03:16:49.000000',76,'Y','','',52),(13722,'2023-08-04 20:33:23.000000',84,'Y','','',52),(13723,'2023-01-05 14:53:09.000000',94,'Y','','',52),(13724,'2023-05-02 20:04:00.000000',63,'Y','','',52),(13725,'2023-06-05 06:48:04.000000',80,'N','','',52),(13726,'2023-01-21 01:14:06.000000',20,'N','','',52),(13727,'2023-05-09 15:30:38.000000',19,'Y','','',52),(13728,'2023-12-17 21:50:23.000000',11,'N','','',52),(13729,'2023-03-22 17:31:17.000000',75,'Y','','',52),(13730,'2023-01-19 09:07:19.000000',84,'N','','',52),(13731,'2023-11-16 18:26:57.000000',65,'Y','','',52),(13732,'2023-06-18 13:48:36.000000',72,'Y','','',52),(13733,'2023-04-10 19:44:06.000000',50,'Y','','',52),(13734,'2023-11-09 20:25:14.000000',75,'Y','','',52),(13735,'2023-03-18 08:28:02.000000',36,'N','','',52),(13736,'2023-03-20 19:15:47.000000',36,'N','','',52),(13737,'2023-12-10 00:08:27.000000',42,'Y','','',52),(13738,'2023-04-12 12:47:56.000000',73,'N','','',52),(13739,'2023-10-28 17:49:21.000000',99,'Y','','',52),(13740,'2023-08-10 01:30:41.000000',15,'N','','',52),(13741,'2023-01-15 19:36:03.000000',51,'Y','','',52),(13742,'2023-05-19 19:37:25.000000',8,'N','','',52),(13743,'2023-07-23 07:17:02.000000',69,'Y','','',52),(13744,'2023-11-18 09:43:47.000000',7,'N','','',52),(13745,'2023-05-19 14:12:46.000000',55,'Y','','',52),(13746,'2023-12-25 12:06:58.000000',66,'N','','',52),(13747,'2023-08-26 06:41:19.000000',2,'Y','','',52),(13748,'2023-04-20 07:59:32.000000',24,'Y','','',52),(13749,'2023-04-12 04:20:53.000000',89,'N','','',52),(13750,'2023-02-20 11:19:25.000000',3,'Y','','',52),(13751,'2023-06-25 09:14:39.000000',5,'Y','','',52),(13752,'2023-09-13 15:01:23.000000',88,'N','','',52),(13753,'2023-04-09 02:02:19.000000',65,'Y','','',52),(13754,'2023-12-11 19:11:34.000000',87,'Y','','',52),(13755,'2023-06-21 20:29:53.000000',47,'Y','','',52),(13756,'2023-08-04 04:37:40.000000',38,'Y','','',52),(13757,'2023-09-09 20:55:10.000000',50,'Y','','',52),(13758,'2023-10-14 17:38:32.000000',53,'Y','','',52),(13759,'2023-01-31 16:50:21.000000',35,'Y','','',52),(13760,'2023-08-02 09:13:11.000000',14,'N','','',52),(13761,'2023-04-09 16:36:19.000000',84,'Y','','',52),(13762,'2023-04-06 15:06:30.000000',85,'Y','','',52),(13763,'2023-08-30 11:08:05.000000',60,'N','','',52),(13764,'2023-03-01 23:45:56.000000',15,'Y','','',52),(13765,'2023-11-02 08:17:07.000000',16,'Y','','',52),(13766,'2023-08-16 15:48:55.000000',16,'N','','',52),(13767,'2023-06-29 05:54:37.000000',92,'N','','',52),(13768,'2023-02-10 21:44:41.000000',88,'Y','','',52),(13769,'2023-09-19 19:39:01.000000',43,'Y','','',52),(13770,'2023-06-09 19:06:46.000000',95,'N','','',52),(13771,'2023-12-28 01:36:43.000000',9,'N','','',52),(13772,'2023-01-18 04:24:40.000000',71,'N','','',52),(13773,'2023-08-24 10:02:57.000000',85,'N','','',52),(13774,'2023-05-23 11:05:15.000000',54,'N','','',52),(13775,'2023-01-09 01:02:57.000000',25,'N','','',52),(13776,'2023-08-13 21:41:56.000000',45,'Y','','',52),(13777,'2023-02-19 13:23:01.000000',15,'Y','','',52),(13778,'2023-04-09 04:08:19.000000',66,'Y','','',52),(13779,'2023-04-14 18:18:16.000000',89,'Y','','',52),(13780,'2023-11-15 23:25:58.000000',32,'N','','',52),(13781,'2023-08-28 18:17:21.000000',47,'N','','',52),(13782,'2023-04-06 19:14:24.000000',16,'Y','','',52),(13783,'2023-09-24 21:42:56.000000',38,'Y','','',52),(13784,'2023-06-26 02:04:48.000000',58,'N','','',52),(13785,'2023-06-21 22:16:33.000000',62,'Y','','',52),(13786,'2023-12-15 06:18:08.000000',34,'N','','',52),(13787,'2023-06-12 23:05:30.000000',60,'Y','','',52),(13788,'2023-06-29 18:54:54.000000',9,'Y','','',52),(13789,'2023-05-13 16:25:12.000000',30,'N','','',52),(13790,'2023-07-01 14:41:29.000000',37,'N','','',52),(13791,'2023-04-18 16:32:58.000000',53,'N','','',52),(13792,'2023-01-03 06:57:12.000000',8,'N','','',52),(13793,'2023-02-24 00:24:35.000000',45,'Y','','',52),(13794,'2023-08-31 21:48:13.000000',83,'Y','','',52),(13795,'2023-06-08 12:46:02.000000',91,'N','','',52),(13796,'2023-04-22 09:23:44.000000',65,'N','','',52),(13797,'2023-12-18 08:45:38.000000',86,'Y','','',52),(13798,'2023-03-16 08:56:44.000000',74,'Y','','',52),(13799,'2023-01-27 06:45:56.000000',13,'Y','','',52),(13800,'2023-04-19 04:10:35.000000',6,'N','','',52),(13801,'2023-06-20 14:25:33.000000',48,'Y','','',52),(13802,'2023-03-28 22:52:25.000000',60,'Y','','',52),(13803,'2023-02-18 19:02:50.000000',48,'N','','',52),(13804,'2023-03-24 18:37:17.000000',97,'Y','','',52),(13805,'2023-03-14 15:35:50.000000',82,'Y','','',52),(13806,'2023-12-07 09:15:39.000000',71,'Y','','',52),(13807,'2023-08-10 11:06:26.000000',75,'Y','','',52),(13808,'2023-12-08 04:26:29.000000',24,'N','','',52),(13809,'2023-08-08 15:54:26.000000',85,'Y','','',52),(13810,'2023-10-18 19:54:05.000000',15,'Y','','',52),(13811,'2023-09-03 03:19:20.000000',77,'Y','','',52),(13812,'2023-12-02 01:48:28.000000',68,'N','','',52),(13813,'2023-04-28 16:29:47.000000',16,'N','','',52),(13814,'2023-09-23 04:21:15.000000',78,'Y','','',52),(13815,'2023-12-13 21:35:11.000000',9,'N','','',52),(13816,'2023-08-02 05:25:46.000000',22,'N','','',52),(13817,'2023-09-01 21:48:11.000000',9,'Y','','',52),(13818,'2023-04-21 07:21:06.000000',33,'Y','','',52),(13819,'2023-10-25 09:46:41.000000',94,'Y','','',52),(13820,'2023-02-10 16:45:00.000000',8,'Y','','',52),(13821,'2023-12-15 08:06:51.000000',23,'Y','','',52),(13822,'2023-10-11 08:05:56.000000',5,'Y','','',52),(13823,'2023-04-10 01:43:58.000000',25,'N','','',52),(13824,'2023-11-01 16:34:07.000000',14,'N','','',52),(13825,'2023-01-29 01:12:35.000000',23,'Y','','',52),(13826,'2023-08-19 00:06:51.000000',13,'Y','','',52),(13827,'2022-12-31 22:03:16.000000',86,'Y','','',52),(13828,'2023-03-20 09:29:46.000000',61,'N','','',52),(13829,'2023-02-26 13:16:36.000000',46,'Y','','',52),(13830,'2023-06-10 09:32:35.000000',91,'Y','','',52),(13831,'2023-02-09 15:21:17.000000',33,'Y','','',52),(13832,'2023-12-04 19:20:20.000000',92,'N','','',52),(13833,'2023-03-03 05:46:14.000000',42,'Y','','',52),(13834,'2023-04-06 02:27:37.000000',43,'N','','',52),(13835,'2023-10-28 02:35:07.000000',3,'N','','',52),(13836,'2023-11-28 19:57:09.000000',58,'N','','',52),(13837,'2023-10-10 20:12:38.000000',99,'N','','',52),(13838,'2023-06-09 00:29:43.000000',14,'N','','',52),(13839,'2023-09-03 01:46:40.000000',24,'N','','',52),(13840,'2023-06-21 07:07:38.000000',25,'N','','',52),(13841,'2023-01-27 20:54:25.000000',89,'N','','',52),(13842,'2023-01-24 02:43:31.000000',2,'Y','','',52),(13843,'2023-10-29 07:50:50.000000',2,'Y','','',52),(13844,'2023-05-16 01:53:35.000000',58,'Y','','',52),(13845,'2023-12-17 02:36:27.000000',83,'N','','',52),(13846,'2023-10-24 04:30:56.000000',85,'N','','',52),(13847,'2023-04-14 23:06:34.000000',84,'N','','',52),(13848,'2023-06-16 11:45:11.000000',77,'Y','','',52),(13849,'2023-11-06 01:50:41.000000',48,'N','','',52),(13850,'2023-08-01 13:38:02.000000',50,'N','','',52),(13851,'2023-11-26 10:13:02.000000',53,'N','','',52),(13852,'2023-09-11 17:31:19.000000',48,'Y','','',52),(13853,'2023-08-30 08:07:35.000000',73,'Y','','',52),(13854,'2023-03-30 07:20:05.000000',97,'N','','',52),(13855,'2023-08-26 02:35:05.000000',91,'Y','','',52),(13856,'2023-03-06 01:48:40.000000',49,'Y','','',52),(13857,'2023-09-09 04:43:40.000000',27,'Y','','',52),(13858,'2023-08-06 19:45:10.000000',20,'N','','',52),(13859,'2023-06-29 10:11:02.000000',21,'Y','','',52),(13860,'2023-11-09 20:20:09.000000',18,'N','','',52),(13861,'2023-10-16 09:19:38.000000',4,'Y','','',52),(13862,'2023-06-27 20:30:36.000000',85,'Y','','',52),(13863,'2023-02-22 12:00:43.000000',94,'Y','','',52),(13864,'2023-09-06 07:41:20.000000',55,'N','','',52),(13865,'2023-10-04 09:19:16.000000',69,'Y','','',52),(13866,'2023-09-05 06:30:01.000000',36,'Y','','',52),(13867,'2023-06-15 02:36:41.000000',76,'N','','',52),(13868,'2023-11-30 02:53:23.000000',19,'Y','','',52),(13869,'2023-09-28 16:08:50.000000',43,'Y','','',52),(13870,'2023-10-20 05:47:10.000000',92,'Y','','',52),(13871,'2023-11-02 22:44:18.000000',15,'Y','','',52),(13872,'2023-10-08 00:53:51.000000',66,'Y','','',52),(13873,'2023-03-27 18:45:33.000000',98,'Y','','',52),(13874,'2023-05-12 08:20:52.000000',78,'N','','',52),(13875,'2023-01-06 15:23:25.000000',54,'N','','',52),(13876,'2023-03-16 06:07:18.000000',95,'N','','',52),(13877,'2023-12-28 08:53:22.000000',97,'N','','',52),(13878,'2023-07-12 17:02:21.000000',43,'Y','','',52),(13879,'2023-11-27 01:06:14.000000',53,'N','','',52),(13880,'2023-08-15 14:33:40.000000',83,'N','','',52),(13881,'2023-03-23 17:06:55.000000',81,'Y','','',52),(13882,'2023-12-04 02:13:11.000000',99,'Y','','',52),(13883,'2023-04-28 00:48:11.000000',10,'Y','','',52),(13884,'2023-03-17 15:33:59.000000',74,'N','','',52),(13885,'2023-04-13 00:14:49.000000',51,'Y','','',52),(13886,'2023-11-14 10:48:34.000000',33,'Y','','',52),(13887,'2023-11-05 02:26:33.000000',64,'Y','','',52),(13888,'2023-10-29 20:16:14.000000',98,'Y','','',52),(13889,'2023-05-19 03:46:03.000000',80,'N','','',52),(13890,'2023-07-29 11:58:14.000000',67,'N','','',52),(13891,'2023-08-22 02:34:16.000000',54,'N','','',52),(13892,'2023-12-19 20:23:29.000000',26,'N','','',52),(13893,'2023-07-11 06:19:48.000000',58,'Y','','',52),(13894,'2023-03-31 19:59:33.000000',38,'N','','',52),(13895,'2023-12-11 04:26:59.000000',79,'N','','',52),(13896,'2023-05-24 12:51:34.000000',84,'N','','',52),(13897,'2023-02-08 17:21:23.000000',26,'N','','',52),(13898,'2023-05-07 16:53:02.000000',47,'N','','',52),(13899,'2023-11-13 14:49:49.000000',86,'Y','','',52),(13900,'2023-05-23 09:34:19.000000',95,'N','','',52),(13901,'2023-09-28 13:24:57.000000',99,'N','','',52),(13902,'2023-11-24 01:35:32.000000',93,'Y','','',52),(13903,'2023-09-26 05:20:37.000000',86,'N','','',52),(13904,'2023-05-02 02:08:01.000000',28,'Y','','',52),(13905,'2023-04-18 19:26:13.000000',30,'N','','',52),(13906,'2023-10-19 11:04:06.000000',35,'N','','',52),(13907,'2023-05-17 17:30:50.000000',68,'Y','','',52),(13908,'2023-03-22 20:41:27.000000',62,'Y','','',52),(13909,'2023-11-11 13:47:01.000000',1,'Y','','',52),(13910,'2023-01-01 09:15:25.000000',62,'Y','','',52),(13911,'2023-08-11 07:51:46.000000',52,'N','','',52),(13912,'2023-12-31 03:30:12.000000',40,'N','','',52),(13913,'2023-07-12 02:09:25.000000',50,'Y','','',52),(13914,'2023-02-04 19:14:38.000000',6,'Y','','',52),(13915,'2023-08-29 21:11:55.000000',84,'Y','','',52),(13916,'2023-01-21 11:32:19.000000',50,'Y','','',52),(13917,'2023-11-07 01:13:36.000000',96,'N','','',52),(13918,'2023-03-14 13:10:06.000000',18,'Y','','',52),(13919,'2023-07-02 16:47:13.000000',97,'N','','',52),(13920,'2023-03-26 14:51:54.000000',94,'N','','',52),(13921,'2023-08-25 17:16:26.000000',36,'N','','',52),(13922,'2023-06-06 13:08:39.000000',43,'N','','',52),(13923,'2023-10-08 13:21:54.000000',57,'N','','',52),(13924,'2023-03-07 04:04:13.000000',41,'N','','',52),(13925,'2023-01-24 16:02:25.000000',24,'N','','',52),(13926,'2023-06-29 07:47:32.000000',21,'Y','','',52),(13927,'2023-03-20 05:14:55.000000',72,'N','','',52),(13928,'2023-10-22 21:50:33.000000',15,'N','','',52),(13929,'2023-12-19 00:05:15.000000',35,'Y','','',52),(13930,'2023-10-09 14:11:38.000000',63,'N','','',52),(13931,'2023-09-20 15:16:58.000000',41,'Y','','',52),(13932,'2023-12-27 17:08:13.000000',47,'N','','',52),(13933,'2023-07-04 02:28:31.000000',80,'Y','','',52),(13934,'2023-09-20 10:46:33.000000',59,'N','','',52),(13935,'2023-06-02 05:00:57.000000',75,'N','','',52),(13936,'2023-01-08 05:49:51.000000',76,'Y','','',52),(13937,'2023-07-26 03:25:04.000000',64,'Y','','',52),(13938,'2023-05-13 00:24:35.000000',75,'Y','','',52),(13939,'2023-09-11 18:53:24.000000',53,'Y','','',52),(13940,'2023-09-02 11:00:06.000000',75,'Y','','',52),(13941,'2023-12-19 04:36:16.000000',50,'Y','','',52),(13942,'2023-04-15 08:49:10.000000',39,'N','','',52),(13943,'2023-06-06 07:16:14.000000',19,'N','','',52),(13944,'2023-06-16 20:26:52.000000',82,'N','','',52),(13945,'2023-10-25 00:56:45.000000',92,'N','','',52),(13946,'2023-11-27 13:51:19.000000',3,'N','','',52),(13947,'2023-08-08 23:50:21.000000',13,'Y','','',52),(13948,'2023-02-07 12:44:30.000000',56,'N','','',52),(13949,'2023-10-05 18:09:38.000000',49,'Y','','',52),(13950,'2023-05-05 20:39:39.000000',44,'Y','','',52),(13951,'2023-03-05 03:26:19.000000',61,'N','','',52),(13952,'2023-06-04 18:56:59.000000',63,'N','','',52),(13953,'2023-02-23 18:40:11.000000',74,'N','','',52),(13954,'2023-04-30 01:47:17.000000',71,'N','','',52),(13955,'2023-02-10 09:31:27.000000',60,'Y','','',52),(13956,'2023-11-25 23:52:38.000000',72,'N','','',52),(13957,'2023-06-02 06:03:29.000000',25,'Y','','',52),(13958,'2023-10-23 09:35:22.000000',21,'N','','',52),(13959,'2023-08-20 15:07:18.000000',47,'Y','','',52),(13960,'2023-02-02 08:57:40.000000',97,'Y','','',52),(13961,'2023-02-22 08:57:34.000000',70,'N','','',52),(13962,'2023-07-09 16:38:47.000000',67,'N','','',52),(13963,'2023-12-16 11:51:14.000000',9,'Y','','',52),(13964,'2023-03-07 14:41:57.000000',55,'N','','',52),(13965,'2023-04-19 23:57:23.000000',5,'Y','','',52),(13966,'2023-05-26 09:58:54.000000',24,'N','','',52),(13967,'2023-11-14 05:03:32.000000',38,'N','','',52),(13968,'2023-04-22 06:40:22.000000',99,'N','','',52),(13969,'2023-06-04 21:11:05.000000',78,'Y','','',52),(13970,'2023-08-13 20:41:12.000000',27,'N','','',52),(13971,'2023-07-09 19:32:05.000000',7,'Y','','',52),(13972,'2023-09-06 19:55:07.000000',65,'N','','',52),(13973,'2023-03-15 05:11:14.000000',66,'N','','',52),(13974,'2023-02-11 17:08:24.000000',25,'Y','','',52),(13975,'2023-01-26 16:41:30.000000',58,'N','','',52),(13976,'2023-02-02 23:51:46.000000',97,'Y','','',52),(13977,'2023-01-29 13:39:25.000000',11,'Y','','',52),(13978,'2023-02-14 09:48:44.000000',85,'Y','','',52),(13979,'2023-10-29 10:55:29.000000',91,'N','','',52),(13980,'2023-08-08 17:15:42.000000',58,'N','','',52),(13981,'2023-02-06 17:37:34.000000',36,'N','','',52),(13982,'2023-09-02 02:18:02.000000',11,'Y','','',52),(13983,'2023-11-26 00:27:30.000000',36,'Y','','',52),(13984,'2023-07-20 16:45:48.000000',96,'N','','',52),(13985,'2023-10-03 21:03:18.000000',82,'N','','',52),(13986,'2023-02-11 17:31:59.000000',78,'Y','','',52),(13987,'2023-05-17 18:20:51.000000',86,'Y','','',52),(13988,'2023-06-11 04:12:09.000000',10,'Y','','',52),(13989,'2023-01-21 13:52:08.000000',68,'N','','',52),(13990,'2023-02-19 13:09:08.000000',95,'N','','',52),(13991,'2023-01-22 14:21:39.000000',63,'N','','',52),(13992,'2023-12-24 21:53:04.000000',59,'N','','',52),(13993,'2023-12-24 14:03:39.000000',87,'Y','','',52),(13994,'2023-08-06 14:23:54.000000',53,'Y','','',52),(13995,'2023-07-21 18:36:56.000000',92,'Y','','',52),(13996,'2023-07-02 22:16:48.000000',66,'Y','','',52),(13997,'2023-01-31 22:20:11.000000',75,'N','','',52),(13998,'2023-04-16 04:57:05.000000',27,'N','','',52),(13999,'2023-08-15 03:41:44.000000',88,'N','','',52),(14000,'2023-07-23 01:55:52.000000',77,'Y','','',52),(14001,'2023-05-10 11:03:09.000000',26,'N','','',52),(14002,'2023-08-26 23:07:40.000000',68,'N','','',52),(14003,'2023-11-25 12:27:37.000000',85,'Y','','',52),(14004,'2023-05-07 02:13:17.000000',50,'Y','','',52),(14005,'2023-01-13 17:55:23.000000',24,'Y','','',52),(14006,'2023-05-31 13:03:56.000000',36,'N','','',52),(14007,'2023-01-15 19:11:54.000000',55,'Y','','',52),(14008,'2023-07-28 09:57:41.000000',97,'N','','',52),(14009,'2023-02-19 03:20:40.000000',59,'N','','',52),(14010,'2023-06-19 08:31:42.000000',54,'Y','','',52),(14011,'2023-12-25 00:39:50.000000',78,'N','','',52),(14012,'2023-11-14 21:10:17.000000',20,'Y','','',52),(14013,'2023-06-08 20:26:50.000000',38,'Y','','',52),(14014,'2023-12-03 19:11:19.000000',81,'Y','','',52),(14015,'2023-08-18 12:19:27.000000',12,'N','','',52),(14016,'2023-11-23 11:56:47.000000',29,'N','','',52),(14017,'2023-12-25 17:22:54.000000',50,'N','','',52),(14018,'2023-09-16 10:09:04.000000',50,'N','','',52),(14019,'2023-04-11 05:15:37.000000',37,'Y','','',52),(14020,'2023-06-25 03:18:36.000000',3,'Y','','',52),(14021,'2023-10-01 08:15:36.000000',47,'N','','',52),(14022,'2023-05-11 20:08:58.000000',57,'N','','',52),(14023,'2023-06-11 04:35:58.000000',88,'N','','',52),(14024,'2023-03-30 21:50:34.000000',58,'N','','',52),(14025,'2023-07-15 04:10:23.000000',13,'N','','',52),(14026,'2023-02-26 06:02:43.000000',90,'N','','',52),(14027,'2023-03-11 18:49:36.000000',20,'N','','',52),(14028,'2023-05-14 03:42:05.000000',96,'Y','','',52),(14029,'2023-10-16 08:51:50.000000',5,'Y','','',52),(14030,'2023-04-08 20:02:34.000000',13,'N','','',52),(14031,'2023-01-16 06:10:06.000000',39,'Y','','',52),(14032,'2023-07-17 19:10:10.000000',98,'N','','',52),(14033,'2023-04-21 14:22:26.000000',67,'N','','',52),(14034,'2023-07-09 18:24:28.000000',3,'Y','','',52),(14035,'2023-08-09 00:30:14.000000',3,'N','','',52),(14036,'2023-08-29 06:48:09.000000',7,'Y','','',52),(14037,'2023-07-22 01:28:34.000000',66,'Y','','',52),(14038,'2023-07-18 14:57:57.000000',44,'N','','',52),(14039,'2023-05-09 03:18:14.000000',12,'Y','','',52),(14040,'2023-08-15 08:12:30.000000',12,'Y','','',52),(14041,'2023-05-13 23:25:16.000000',84,'Y','','',52),(14042,'2023-06-01 23:21:47.000000',93,'N','','',52),(14043,'2023-08-08 06:00:38.000000',54,'Y','','',52),(14044,'2023-08-21 21:15:44.000000',46,'N','','',52),(14045,'2023-04-13 07:45:57.000000',42,'Y','','',52),(14046,'2023-09-22 20:40:04.000000',31,'N','','',52),(14047,'2023-02-18 14:10:13.000000',7,'Y','','',52),(14048,'2023-01-17 04:30:28.000000',30,'Y','','',52),(14049,'2023-12-15 07:14:51.000000',74,'N','','',52),(14050,'2023-07-14 17:01:44.000000',5,'N','','',52),(14051,'2023-07-28 12:26:20.000000',26,'N','','',52),(14052,'2023-06-28 20:27:04.000000',44,'N','','',52),(14053,'2023-08-08 21:56:48.000000',42,'N','','',52),(14054,'2023-09-04 22:56:51.000000',72,'Y','','',52),(14055,'2023-08-28 09:40:55.000000',27,'N','','',52),(14056,'2023-12-16 18:42:18.000000',53,'N','','',52),(14057,'2023-02-06 10:27:47.000000',60,'N','','',52),(14058,'2023-07-24 08:53:19.000000',12,'Y','','',52),(14059,'2023-06-26 14:49:36.000000',97,'N','','',52),(14060,'2023-04-06 16:24:28.000000',67,'Y','','',52),(14061,'2023-10-08 13:19:25.000000',16,'Y','','',52),(14062,'2023-04-17 07:31:52.000000',16,'Y','','',52),(14063,'2023-11-24 23:27:45.000000',28,'N','','',52),(14064,'2023-04-08 10:01:08.000000',62,'N','','',52),(14065,'2023-05-25 08:29:25.000000',92,'N','','',52),(14066,'2023-05-18 04:07:12.000000',51,'N','','',52),(14067,'2023-07-14 23:41:09.000000',33,'N','','',52),(14068,'2023-07-11 10:53:08.000000',38,'Y','','',52),(14069,'2023-11-05 06:58:58.000000',15,'N','','',52),(14070,'2023-12-22 10:02:41.000000',91,'Y','','',52),(14071,'2023-06-26 10:19:39.000000',25,'Y','','',52),(14072,'2023-10-29 09:26:54.000000',10,'N','','',52),(14073,'2023-07-15 12:24:12.000000',74,'N','','',52),(14074,'2023-12-14 00:15:13.000000',80,'Y','','',52),(14075,'2023-12-02 11:03:20.000000',51,'N','','',52),(14076,'2023-02-02 05:37:40.000000',49,'Y','','',52),(14077,'2023-10-01 02:30:19.000000',79,'N','','',52),(14078,'2023-04-18 19:40:04.000000',72,'Y','','',52),(14079,'2023-05-11 23:42:22.000000',70,'N','','',52),(14080,'2023-06-11 15:00:56.000000',9,'Y','','',52),(14081,'2023-09-20 19:19:29.000000',93,'Y','','',52),(14082,'2023-12-12 17:44:34.000000',68,'N','','',52),(14083,'2023-11-11 21:40:20.000000',38,'N','','',52),(14084,'2023-07-07 06:56:46.000000',81,'Y','','',52),(14085,'2023-02-01 16:26:12.000000',87,'Y','','',52),(14086,'2023-06-09 13:06:17.000000',76,'Y','','',52),(14087,'2023-11-28 23:09:12.000000',94,'Y','','',52),(14088,'2023-01-12 01:34:32.000000',14,'Y','','',52),(14089,'2023-12-12 00:42:46.000000',43,'N','','',52),(14090,'2023-03-22 07:53:27.000000',49,'Y','','',52),(14091,'2023-10-03 02:25:57.000000',8,'Y','','',52),(14092,'2023-09-20 00:35:06.000000',10,'Y','','',52),(14093,'2023-04-02 09:30:08.000000',27,'Y','','',52),(14094,'2023-09-29 22:29:53.000000',67,'Y','','',52),(14095,'2023-07-11 04:43:53.000000',79,'N','','',52),(14096,'2023-10-06 10:02:41.000000',13,'Y','','',52),(14097,'2023-06-12 06:12:20.000000',54,'Y','','',52),(14098,'2023-05-27 19:21:48.000000',10,'Y','','',52),(14099,'2023-04-27 18:54:51.000000',96,'Y','','',52),(14100,'2023-06-08 23:26:31.000000',87,'Y','','',52),(14101,'2023-05-06 11:18:57.000000',13,'N','','',52),(14102,'2023-04-09 11:42:11.000000',25,'N','','',52),(14103,'2023-07-10 09:57:15.000000',81,'N','','',52),(14104,'2023-01-23 08:11:24.000000',45,'N','','',52),(14105,'2023-12-06 03:09:16.000000',30,'Y','','',52),(14106,'2023-06-21 20:35:04.000000',34,'Y','','',52),(14107,'2023-07-22 21:20:37.000000',17,'N','','',52),(14108,'2023-11-01 23:34:56.000000',45,'Y','','',52),(14109,'2023-07-07 16:11:17.000000',67,'Y','','',52),(14110,'2023-09-15 21:03:04.000000',79,'Y','','',52),(14111,'2023-04-26 01:49:11.000000',75,'N','','',52),(14112,'2023-05-19 05:32:19.000000',72,'Y','','',52),(14113,'2023-07-25 18:01:55.000000',80,'N','','',52),(14114,'2023-04-18 00:59:46.000000',99,'Y','','',52),(14115,'2023-02-14 12:52:45.000000',98,'N','','',52),(14116,'2023-10-09 09:10:20.000000',50,'Y','','',52),(14117,'2023-03-17 14:39:15.000000',74,'N','','',52),(14118,'2023-11-20 19:04:47.000000',92,'N','','',52),(14119,'2023-02-20 02:41:06.000000',4,'N','','',52),(14120,'2023-10-14 22:35:01.000000',44,'Y','','',52),(14121,'2023-10-25 02:44:55.000000',61,'N','','',52),(14122,'2023-09-02 19:02:42.000000',35,'Y','','',52),(14123,'2023-09-24 07:32:04.000000',12,'N','','',52),(14124,'2023-03-21 09:42:52.000000',61,'N','','',52),(14125,'2023-01-31 23:04:12.000000',35,'N','','',52),(14126,'2023-11-27 14:11:23.000000',66,'Y','','',52),(14127,'2023-05-05 01:13:57.000000',78,'Y','','',52),(14128,'2023-07-04 00:11:09.000000',48,'Y','','',52),(14129,'2023-05-30 18:16:34.000000',90,'Y','','',52),(14130,'2023-12-13 05:21:03.000000',81,'N','','',52),(14131,'2023-09-03 14:44:37.000000',67,'Y','','',52),(14132,'2023-07-24 08:21:31.000000',3,'N','','',52),(14133,'2023-03-26 09:35:10.000000',69,'Y','','',52),(14134,'2023-11-19 20:32:48.000000',10,'Y','','',52),(14135,'2023-08-01 10:41:55.000000',89,'N','','',52),(14136,'2023-06-10 15:42:13.000000',68,'N','','',52),(14137,'2023-08-02 00:01:07.000000',56,'Y','','',52),(14138,'2023-03-11 09:02:25.000000',30,'N','','',52),(14139,'2023-02-18 20:25:39.000000',16,'N','','',52),(14140,'2023-08-24 06:54:20.000000',74,'Y','','',52),(14141,'2023-10-10 10:19:11.000000',75,'Y','','',52),(14142,'2023-06-02 07:39:47.000000',34,'Y','','',52),(14143,'2023-11-06 21:46:22.000000',67,'Y','','',52),(14144,'2023-03-09 06:34:55.000000',45,'N','','',52),(14145,'2023-04-12 05:53:22.000000',96,'Y','','',52),(14146,'2023-03-10 18:42:47.000000',97,'N','','',52),(14147,'2023-03-01 12:06:02.000000',74,'Y','','',52),(14148,'2023-07-27 11:53:47.000000',4,'Y','','',52),(14149,'2023-12-18 07:41:20.000000',48,'Y','','',52),(14150,'2023-02-04 12:30:15.000000',95,'Y','','',52),(14151,'2023-05-19 03:04:35.000000',16,'Y','','',52),(14152,'2023-06-14 10:19:40.000000',13,'Y','','',52),(14153,'2023-08-23 09:11:02.000000',70,'Y','','',52),(14154,'2023-06-07 10:09:06.000000',69,'N','','',52),(14155,'2023-05-01 13:49:12.000000',75,'Y','','',52),(14156,'2023-11-29 21:01:36.000000',5,'Y','','',52),(14157,'2023-03-13 11:55:43.000000',59,'Y','','',52),(14158,'2023-10-15 23:31:07.000000',44,'N','','',52),(14159,'2023-11-16 06:13:08.000000',73,'N','','',52),(14160,'2023-07-19 17:31:31.000000',90,'Y','','',52),(14161,'2023-11-19 05:06:19.000000',79,'Y','','',52),(14162,'2023-12-20 03:32:49.000000',1,'N','','',52),(14163,'2023-03-18 15:58:31.000000',54,'Y','','',52),(14164,'2023-11-04 12:21:30.000000',97,'Y','','',52),(14165,'2023-02-19 19:27:15.000000',97,'Y','','',52),(14166,'2023-11-16 00:56:40.000000',43,'Y','','',52),(14167,'2023-09-23 12:33:13.000000',99,'N','','',52),(14168,'2023-10-18 21:47:47.000000',77,'N','','',52),(14169,'2023-03-01 05:57:57.000000',3,'N','','',52),(14170,'2023-08-11 11:55:47.000000',47,'N','','',52),(14171,'2023-11-09 23:02:01.000000',25,'Y','','',52),(14172,'2023-03-25 03:01:37.000000',62,'Y','','',52),(14173,'2023-06-07 15:38:18.000000',60,'N','','',52),(14174,'2023-05-25 15:59:32.000000',85,'N','','',52),(14175,'2023-08-29 10:15:07.000000',91,'Y','','',52),(14176,'2023-08-04 10:56:40.000000',7,'Y','','',52),(14177,'2023-12-09 09:29:50.000000',75,'N','','',52),(14178,'2023-08-22 01:21:08.000000',41,'N','','',52),(14179,'2023-09-22 19:41:16.000000',74,'N','','',52),(14180,'2023-10-19 09:26:29.000000',13,'Y','','',52),(14181,'2023-03-21 22:43:51.000000',78,'N','','',52),(14182,'2023-06-18 23:55:07.000000',9,'Y','','',52),(14183,'2023-06-19 09:16:43.000000',90,'Y','','',52),(14184,'2023-04-12 04:26:36.000000',89,'N','','',52),(14185,'2023-09-20 19:53:10.000000',75,'Y','','',52),(14186,'2023-10-04 06:32:24.000000',75,'Y','','',52),(14187,'2023-12-30 15:05:41.000000',87,'N','','',52),(14188,'2023-03-06 21:27:56.000000',16,'Y','','',52),(14189,'2023-01-30 15:58:40.000000',59,'N','','',52),(14190,'2023-07-06 07:49:40.000000',6,'N','','',52),(14191,'2023-10-23 20:21:16.000000',97,'N','','',52),(14192,'2023-07-01 09:16:30.000000',14,'N','','',52),(14193,'2023-07-20 20:06:26.000000',8,'N','','',52),(14194,'2023-02-28 10:39:49.000000',35,'Y','','',52),(14195,'2023-03-23 00:05:13.000000',80,'N','','',52),(14196,'2023-03-21 19:58:47.000000',68,'N','','',52),(14197,'2023-11-11 12:04:59.000000',44,'N','','',52),(14198,'2023-12-17 22:41:34.000000',90,'N','','',52),(14199,'2023-08-28 03:12:56.000000',57,'N','','',52),(14200,'2023-01-08 19:42:31.000000',27,'Y','','',52),(14201,'2023-04-13 11:34:16.000000',1,'Y','','',52),(14202,'2023-11-27 14:47:35.000000',58,'Y','','',52),(14203,'2023-12-29 04:35:30.000000',63,'N','','',52),(14204,'2023-03-14 19:39:12.000000',98,'N','','',52),(14205,'2023-09-18 13:17:01.000000',24,'Y','','',52),(14206,'2023-01-07 04:43:08.000000',10,'Y','','',52),(14207,'2023-07-23 17:52:58.000000',22,'Y','','',52),(14208,'2023-02-12 01:25:11.000000',90,'N','','',52),(14209,'2023-04-23 09:19:30.000000',23,'Y','','',52),(14210,'2023-02-26 04:46:56.000000',92,'Y','','',52),(14211,'2023-06-27 00:17:36.000000',64,'N','','',52),(14212,'2023-10-08 22:40:06.000000',46,'Y','','',52),(14213,'2023-11-30 09:21:52.000000',5,'Y','','',52),(14214,'2023-01-03 06:10:28.000000',88,'Y','','',52),(14215,'2023-09-11 16:35:14.000000',33,'Y','','',52),(14216,'2023-07-30 15:57:05.000000',19,'Y','','',52),(14217,'2023-05-26 23:47:30.000000',7,'Y','','',52),(14218,'2023-09-22 15:15:38.000000',6,'N','','',52),(14219,'2023-05-19 06:54:13.000000',86,'N','','',52),(14220,'2023-05-17 17:50:39.000000',68,'Y','','',52),(14221,'2023-12-17 12:13:03.000000',82,'Y','','',52),(14222,'2023-09-21 05:22:14.000000',80,'Y','','',52),(14223,'2023-06-05 00:34:09.000000',94,'Y','','',52),(14224,'2023-01-27 01:40:22.000000',7,'N','','',52),(14225,'2023-05-13 19:34:04.000000',79,'Y','','',52),(14226,'2023-02-09 15:21:18.000000',22,'Y','','',52),(14227,'2023-07-12 13:07:59.000000',44,'Y','','',52),(14228,'2023-10-22 14:50:23.000000',49,'Y','','',52),(14229,'2023-04-09 09:59:19.000000',96,'Y','','',52),(14230,'2023-09-17 16:40:24.000000',69,'N','','',52),(14231,'2023-12-05 20:25:23.000000',73,'Y','','',52),(14232,'2023-08-25 12:43:04.000000',85,'N','','',52),(14233,'2023-02-22 21:58:37.000000',46,'Y','','',52),(14234,'2023-07-25 16:16:04.000000',3,'Y','','',52),(14235,'2023-07-06 21:37:19.000000',68,'N','','',52),(14236,'2023-05-06 10:47:46.000000',42,'N','','',52),(14237,'2023-06-25 04:02:47.000000',37,'N','','',52),(14238,'2023-06-21 20:40:04.000000',9,'Y','','',52),(14239,'2023-02-11 19:00:09.000000',64,'N','','',52),(14240,'2023-04-22 20:36:49.000000',58,'N','','',52),(14241,'2023-12-02 14:43:51.000000',70,'N','','',52),(14242,'2023-04-19 19:16:39.000000',25,'Y','','',52),(14243,'2023-03-31 20:40:03.000000',20,'N','','',52),(14244,'2023-01-01 10:42:18.000000',24,'Y','','',52),(14245,'2023-03-03 10:15:15.000000',35,'Y','','',52),(14246,'2023-03-03 03:25:26.000000',40,'Y','','',52),(14247,'2023-07-06 16:45:10.000000',41,'Y','','',52),(14248,'2023-02-01 10:53:22.000000',75,'Y','','',52),(14249,'2023-09-01 22:44:27.000000',26,'Y','','',52),(14250,'2023-04-06 07:03:47.000000',59,'Y','','',52),(14251,'2023-03-18 06:51:00.000000',53,'Y','','',52),(14252,'2023-12-29 19:46:33.000000',32,'N','','',52),(14253,'2023-11-11 15:11:34.000000',96,'Y','','',52),(14254,'2023-03-07 19:16:51.000000',1,'N','','',52),(14255,'2023-06-27 11:23:25.000000',82,'N','','',52),(14256,'2023-09-29 05:47:01.000000',2,'N','','',52),(14257,'2023-11-14 04:04:36.000000',38,'Y','','',52),(14258,'2023-01-15 05:53:40.000000',97,'Y','','',52),(14259,'2023-06-13 04:19:14.000000',11,'N','','',52),(14260,'2023-05-15 18:53:40.000000',74,'N','','',52),(14261,'2023-01-12 06:24:24.000000',63,'N','','',52),(14262,'2023-07-15 00:13:20.000000',63,'N','','',52),(14263,'2023-12-19 05:18:06.000000',64,'N','','',52),(14264,'2023-03-17 18:39:36.000000',65,'N','','',52),(14265,'2023-09-25 23:02:49.000000',84,'N','','',52),(14266,'2023-04-25 14:05:44.000000',8,'N','','',52),(14267,'2023-01-19 16:10:54.000000',72,'N','','',52),(14268,'2023-08-30 04:05:33.000000',61,'Y','','',52),(14269,'2023-02-18 21:31:10.000000',11,'N','','',52),(14270,'2023-05-28 00:26:27.000000',16,'N','','',52),(14271,'2023-09-02 10:32:17.000000',32,'N','','',52),(14272,'2023-02-01 17:23:49.000000',88,'Y','','',52),(14273,'2023-05-17 15:49:55.000000',63,'Y','','',52),(14274,'2023-08-09 15:55:37.000000',21,'N','','',52),(14275,'2023-09-15 03:48:23.000000',2,'N','','',52),(14276,'2023-11-14 00:57:23.000000',83,'Y','','',52),(14277,'2023-05-31 22:47:41.000000',55,'N','','',52),(14278,'2023-03-08 06:36:47.000000',96,'Y','','',52),(14279,'2023-01-12 01:46:07.000000',57,'N','','',52),(14280,'2023-08-10 14:26:22.000000',93,'N','','',52),(14281,'2023-12-01 15:29:42.000000',9,'N','','',52),(14282,'2023-06-09 12:14:09.000000',84,'Y','','',52),(14283,'2023-01-13 08:57:49.000000',74,'Y','','',52),(14284,'2023-07-12 00:52:24.000000',78,'Y','','',52),(14285,'2023-03-17 23:38:31.000000',73,'N','','',52),(14286,'2023-01-05 21:04:31.000000',12,'N','','',52),(14287,'2023-07-01 10:39:34.000000',25,'N','','',52),(14288,'2023-10-20 03:00:48.000000',32,'N','','',52),(14289,'2023-11-21 20:05:21.000000',7,'Y','','',52),(14290,'2023-12-26 14:59:09.000000',28,'N','','',52),(14291,'2023-05-14 21:36:55.000000',16,'Y','','',52),(14292,'2023-04-20 17:56:50.000000',31,'Y','','',52),(14293,'2023-03-22 04:39:48.000000',68,'N','','',52),(14294,'2023-08-23 14:24:56.000000',47,'Y','','',52),(14295,'2023-01-14 11:38:19.000000',10,'N','','',52),(14296,'2023-01-14 10:17:13.000000',56,'N','','',52),(14297,'2023-11-15 19:27:10.000000',96,'Y','','',52),(14298,'2023-01-19 17:19:03.000000',75,'Y','','',52),(14299,'2023-05-08 22:15:30.000000',94,'Y','','',52),(14300,'2023-11-10 03:24:17.000000',56,'N','','',52),(14301,'2023-01-22 10:45:35.000000',52,'N','','',52),(14302,'2023-03-17 22:45:11.000000',65,'Y','','',52),(14303,'2023-02-04 05:08:59.000000',41,'N','','',52),(14304,'2023-07-19 15:25:46.000000',68,'N','','',52),(14305,'2023-12-06 14:24:24.000000',92,'Y','','',52),(14306,'2023-08-26 00:43:12.000000',91,'Y','','',52),(14307,'2023-07-11 20:43:05.000000',38,'Y','','',52),(14308,'2023-12-26 04:24:08.000000',12,'N','','',52),(14309,'2023-06-05 22:08:43.000000',25,'Y','','',52),(14310,'2023-02-17 23:01:47.000000',87,'N','','',52),(14311,'2023-09-17 04:50:51.000000',68,'Y','','',52),(14312,'2023-09-21 10:45:50.000000',43,'N','','',52),(14313,'2023-10-24 22:28:11.000000',34,'Y','','',52),(14314,'2023-12-07 21:48:41.000000',39,'Y','','',52),(14315,'2023-10-08 07:51:48.000000',48,'Y','','',52),(14316,'2023-12-01 05:28:20.000000',27,'Y','','',52),(14317,'2023-02-04 04:52:51.000000',85,'Y','','',52),(14318,'2023-09-04 09:17:26.000000',64,'N','','',52),(14319,'2023-09-24 16:39:56.000000',19,'Y','','',52),(14320,'2023-03-04 19:11:16.000000',50,'N','','',52),(14321,'2023-08-06 15:32:02.000000',57,'N','','',52),(14322,'2023-04-03 14:44:47.000000',67,'Y','','',52),(14323,'2023-10-05 22:45:57.000000',86,'Y','','',52),(14324,'2023-10-26 06:57:07.000000',58,'N','','',52),(14325,'2023-05-02 20:26:01.000000',89,'Y','','',52),(14326,'2023-08-12 21:51:10.000000',34,'Y','','',52),(14327,'2023-08-09 04:35:25.000000',84,'Y','','',52),(14328,'2023-05-20 06:46:48.000000',19,'Y','','',52),(14329,'2023-12-10 13:32:43.000000',97,'Y','','',52),(14330,'2023-09-11 19:46:20.000000',1,'Y','','',52),(14331,'2023-06-26 10:29:49.000000',90,'N','','',52),(14332,'2023-06-24 13:37:40.000000',83,'N','','',52),(14333,'2023-07-11 05:20:49.000000',25,'N','','',52),(14334,'2023-01-23 02:32:44.000000',68,'Y','','',52),(14335,'2023-06-22 18:41:28.000000',27,'N','','',52),(14336,'2023-06-01 22:45:15.000000',91,'Y','','',52),(14337,'2023-09-23 07:59:39.000000',70,'N','','',52),(14338,'2023-10-12 13:26:28.000000',26,'N','','',52),(14339,'2023-06-20 00:29:48.000000',59,'N','','',52),(14340,'2023-02-18 05:08:04.000000',46,'N','','',52),(14341,'2023-10-30 23:15:12.000000',85,'N','','',52),(14342,'2023-01-23 06:46:03.000000',88,'N','','',52),(14343,'2023-09-02 16:10:47.000000',70,'N','','',52),(14344,'2023-04-12 02:09:58.000000',54,'Y','','',52),(14345,'2023-03-15 03:44:37.000000',9,'N','','',52),(14346,'2023-08-04 03:34:00.000000',21,'N','','',52),(14347,'2023-07-03 05:27:06.000000',30,'Y','','',52),(14348,'2023-03-30 23:40:14.000000',1,'N','','',52),(14349,'2023-05-17 23:26:12.000000',25,'N','','',52),(14350,'2023-03-06 05:06:39.000000',4,'N','','',52),(14351,'2023-12-15 00:48:36.000000',70,'N','','',52),(14352,'2023-02-26 13:33:49.000000',30,'Y','','',52),(14353,'2023-08-05 21:20:52.000000',93,'Y','','',52),(14354,'2023-05-04 13:21:55.000000',43,'N','','',52),(14355,'2023-02-28 23:22:27.000000',80,'N','','',52),(14356,'2023-03-05 15:04:44.000000',21,'N','','',52),(14357,'2023-12-13 10:45:33.000000',15,'N','','',52),(14358,'2023-06-05 22:27:03.000000',89,'N','','',52),(14359,'2023-04-07 20:00:15.000000',37,'N','','',52),(14360,'2023-07-06 18:07:42.000000',36,'N','','',52),(14361,'2023-02-26 10:40:41.000000',20,'N','','',52),(14362,'2023-11-03 02:49:05.000000',18,'N','','',52),(14363,'2023-03-29 02:47:02.000000',91,'N','','',52),(14364,'2023-10-07 19:43:40.000000',2,'Y','','',52),(14365,'2023-03-14 14:42:55.000000',14,'Y','','',52),(14366,'2023-08-02 22:17:43.000000',77,'N','','',52),(14367,'2023-04-07 04:20:03.000000',67,'N','','',52),(14368,'2023-08-06 00:22:30.000000',22,'N','','',52),(14369,'2023-11-22 19:36:11.000000',76,'Y','','',52),(14370,'2023-05-14 05:02:03.000000',43,'N','','',52),(14371,'2023-04-15 17:30:22.000000',94,'Y','','',52),(14372,'2023-03-03 16:21:07.000000',46,'N','','',52),(14373,'2023-02-19 04:50:02.000000',95,'N','','',52),(14374,'2023-02-25 23:17:22.000000',37,'Y','','',52),(14375,'2023-07-16 20:14:54.000000',10,'N','','',52),(14376,'2023-04-30 20:19:07.000000',24,'Y','','',52),(14377,'2023-01-05 04:33:35.000000',93,'N','','',52),(14378,'2023-11-17 14:35:15.000000',19,'N','','',52),(14379,'2023-02-02 15:39:45.000000',93,'N','','',52),(14380,'2023-11-13 15:56:59.000000',22,'Y','','',52),(14381,'2023-12-04 16:53:20.000000',9,'N','','',52),(14382,'2023-02-17 03:19:31.000000',12,'Y','','',52),(14383,'2023-06-15 01:10:26.000000',33,'Y','','',52),(14384,'2023-06-12 02:17:46.000000',16,'Y','','',52),(14385,'2023-08-11 16:43:39.000000',99,'Y','','',52),(14386,'2023-06-02 18:19:49.000000',87,'N','','',52),(14387,'2023-06-17 04:53:52.000000',74,'Y','','',52),(14388,'2023-06-04 01:29:06.000000',21,'N','','',52),(14389,'2023-08-31 05:36:34.000000',13,'N','','',52),(14390,'2023-04-24 05:03:11.000000',7,'Y','','',52),(14391,'2023-03-01 10:06:09.000000',62,'Y','','',52),(14392,'2023-11-06 16:18:02.000000',47,'Y','','',52),(14393,'2023-03-05 04:05:23.000000',81,'N','','',52),(14394,'2023-07-16 22:21:19.000000',65,'Y','','',52),(14395,'2023-11-03 03:46:50.000000',58,'Y','','',52),(14396,'2023-04-20 07:22:10.000000',65,'N','','',52),(14397,'2023-03-31 17:11:57.000000',57,'Y','','',52),(14398,'2023-12-31 11:09:28.000000',39,'N','','',52),(14399,'2023-06-28 21:46:07.000000',40,'Y','','',52),(14400,'2023-08-31 06:29:57.000000',27,'Y','','',52),(14401,'2023-10-28 04:25:07.000000',49,'N','','',52),(14402,'2023-01-28 14:09:01.000000',2,'N','','',52),(14403,'2023-03-25 01:43:37.000000',89,'Y','','',52),(14404,'2023-08-04 04:43:24.000000',56,'N','','',52),(14405,'2023-04-07 12:03:33.000000',65,'Y','','',52),(14406,'2023-08-14 01:05:27.000000',92,'N','','',52),(14407,'2023-12-27 04:11:55.000000',98,'N','','',52),(14408,'2023-12-04 12:39:36.000000',75,'N','','',52),(14409,'2023-10-04 07:21:51.000000',10,'Y','','',52),(14410,'2023-04-25 15:58:29.000000',63,'Y','','',52),(14411,'2023-02-23 07:16:17.000000',83,'N','','',52),(14412,'2023-01-26 00:44:30.000000',50,'Y','','',52),(14413,'2023-07-05 13:30:05.000000',91,'N','','',52),(14414,'2023-07-23 09:21:43.000000',62,'Y','','',52),(14415,'2023-09-02 23:25:50.000000',83,'N','','',52),(14416,'2023-02-04 00:20:42.000000',32,'Y','','',52),(14417,'2023-02-05 07:07:56.000000',17,'N','','',52),(14418,'2023-12-26 16:13:42.000000',93,'N','','',52),(14419,'2023-01-19 13:43:23.000000',93,'Y','','',52),(14420,'2023-07-08 23:04:53.000000',19,'N','','',52),(14421,'2023-03-30 01:16:07.000000',40,'Y','','',52),(14422,'2023-03-09 11:03:27.000000',10,'Y','','',52),(14423,'2023-05-07 02:09:45.000000',43,'N','','',52),(14424,'2023-06-23 18:18:21.000000',2,'N','','',52),(14425,'2023-09-16 11:32:18.000000',60,'Y','','',52),(14426,'2023-02-03 01:58:15.000000',93,'Y','','',52),(14427,'2023-10-28 23:55:01.000000',44,'N','','',52),(14428,'2023-02-26 06:06:15.000000',91,'N','','',52),(14429,'2023-03-12 02:06:55.000000',74,'Y','','',52),(14430,'2023-01-29 08:37:58.000000',9,'N','','',52),(14431,'2023-07-03 07:02:03.000000',68,'Y','','',52),(14432,'2023-01-05 14:26:38.000000',68,'N','','',52),(14433,'2023-03-17 01:04:41.000000',19,'N','','',52),(14434,'2023-06-18 00:57:21.000000',5,'Y','','',52),(14435,'2023-08-05 19:52:39.000000',28,'Y','','',52),(14436,'2023-06-19 16:21:39.000000',60,'Y','','',52),(14437,'2023-03-04 13:18:48.000000',66,'Y','','',52),(14438,'2023-08-07 02:23:26.000000',49,'N','','',52),(14439,'2023-08-27 12:41:05.000000',34,'N','','',52),(14440,'2023-06-09 14:33:01.000000',81,'N','','',52),(14441,'2023-10-26 14:34:35.000000',2,'Y','','',52),(14442,'2023-09-29 00:08:33.000000',8,'Y','','',52),(14443,'2023-11-25 14:35:37.000000',80,'Y','','',52),(14444,'2023-01-05 00:09:24.000000',60,'N','','',52),(14445,'2023-02-27 04:48:26.000000',21,'N','','',52),(14446,'2023-11-10 07:24:27.000000',23,'Y','','',52),(14447,'2023-10-05 10:28:27.000000',5,'N','','',52),(14448,'2023-07-02 22:52:45.000000',23,'Y','','',52),(14449,'2023-02-22 13:06:10.000000',5,'N','','',52),(14450,'2023-08-20 19:24:50.000000',35,'N','','',52),(14451,'2023-03-16 03:18:12.000000',45,'Y','','',52),(14452,'2023-11-04 10:59:57.000000',80,'Y','','',52),(14453,'2023-03-15 21:37:15.000000',53,'N','','',52),(14454,'2023-10-21 15:45:10.000000',44,'Y','','',52),(14455,'2023-11-26 04:47:09.000000',44,'Y','','',52),(14456,'2023-02-10 03:02:28.000000',14,'Y','','',52),(14457,'2023-02-04 23:44:57.000000',2,'N','','',52),(14458,'2023-09-25 02:33:04.000000',36,'N','','',52),(14459,'2023-08-05 15:02:10.000000',26,'Y','','',52),(14460,'2023-11-28 11:21:06.000000',15,'Y','','',52),(14461,'2023-04-28 17:25:04.000000',95,'N','','',52),(14462,'2023-11-12 17:35:39.000000',50,'N','','',52),(14463,'2023-03-11 01:33:55.000000',75,'Y','','',52),(14464,'2023-03-02 22:32:34.000000',46,'N','','',52),(14465,'2023-06-11 14:09:44.000000',46,'N','','',52),(14466,'2023-06-07 04:44:54.000000',49,'N','','',52),(14467,'2023-06-13 23:18:18.000000',14,'Y','','',52),(14468,'2023-01-06 17:10:44.000000',74,'Y','','',52),(14469,'2023-09-08 21:27:43.000000',9,'Y','','',52),(14470,'2023-04-17 21:13:14.000000',27,'Y','','',52),(14471,'2023-10-09 22:43:25.000000',11,'Y','','',52),(14472,'2023-09-21 11:49:15.000000',29,'Y','','',52),(14473,'2023-10-21 03:10:23.000000',38,'N','','',52),(14474,'2023-07-15 15:09:08.000000',88,'N','','',52),(14475,'2023-04-14 00:24:26.000000',11,'Y','','',52),(14476,'2023-01-18 00:24:11.000000',75,'N','','',52),(14477,'2023-09-09 23:40:40.000000',5,'Y','','',52),(14478,'2023-07-27 10:15:03.000000',44,'N','','',52),(14479,'2023-12-18 11:37:52.000000',6,'Y','','',52),(14480,'2023-11-02 20:51:04.000000',47,'N','','',52),(14481,'2023-06-15 21:48:52.000000',99,'N','','',52),(14482,'2023-12-17 14:59:08.000000',3,'Y','','',52),(14483,'2023-10-07 04:17:15.000000',63,'Y','','',52),(14484,'2023-04-25 04:16:10.000000',15,'Y','','',52),(14485,'2023-08-20 07:18:12.000000',6,'N','','',52),(14486,'2023-05-10 20:03:32.000000',20,'Y','','',52),(14487,'2023-01-08 08:24:47.000000',43,'N','','',52),(14488,'2023-07-14 02:02:36.000000',73,'N','','',52),(14489,'2023-09-14 05:11:52.000000',49,'N','','',52),(14490,'2023-08-01 05:12:09.000000',66,'N','','',52),(14491,'2023-12-02 06:03:36.000000',50,'Y','','',52),(14492,'2023-07-15 00:40:46.000000',60,'Y','','',52),(14493,'2023-02-28 07:37:08.000000',84,'Y','','',52),(14494,'2023-01-22 09:00:05.000000',84,'Y','','',52),(14495,'2023-01-28 18:29:48.000000',1,'Y','','',52),(14496,'2024-01-05 17:06:00.000000',2,'N','','',52),(14497,'2024-01-05 17:16:00.000000',3,'N','','',52),(14498,'2024-01-09 17:07:00.000000',2,'N','','',52),(14499,'2024-01-10 17:07:00.000000',2,'N','','',52),(14500,'2024-01-11 17:07:00.000000',2,'N','','',52),(14501,'2024-01-11 17:12:00.000000',2,'N','','',52),(14502,'2024-01-15 17:08:00.000000',2,'N','','',52),(14503,'2024-01-15 17:13:00.000000',2,'N','','',52),(14504,'2024-01-15 17:18:00.000000',2,'N','','',52),(14505,'2022-12-28 03:32:00.000000',2,'Y','','',6),(14506,'2023-12-14 14:28:00.000000',2,'Y','','',38),(14507,'2023-12-15 14:28:00.000000',2,'Y','','',38),(14508,'2024-01-31 20:01:00.000000',2,'Y','','',36),(14509,'2024-02-07 23:55:00.000000',2,'Y','','',36),(14510,'2024-02-17 18:37:56.000000',4,'Y','','',53),(14511,'2024-01-26 18:33:00.000000',6,'N','','',53),(14512,'2024-01-11 18:33:00.000000',8,'Y','','',54),(14513,'2019-02-07 20:09:00.000000',8,'N','','',53),(14514,'2024-02-13 15:30:00.000000',5,'N','','',53),(14515,'2024-02-20 23:17:00.000000',2,'Y','','',56),(14516,'2023-02-19 17:09:00.000000',3,'N','','',56),(14517,'2022-02-24 17:04:00.000000',2,'Y','','',56),(14518,'2023-02-10 17:05:00.000000',2,'Y','','',53),(14519,'2020-02-21 17:06:00.000000',2,'Y','','',53);
/*!40000 ALTER TABLE `dogs_app_observation` ENABLE KEYS */;
UNLOCK TABLES;

--
-- Table structure for table `dogs_app_observes`
--

DROP TABLE IF EXISTS `dogs_app_observes`;
/*!40101 SET @saved_cs_client     = @@character_set_client */;
/*!50503 SET character_set_client = utf8mb4 */;
CREATE TABLE `dogs_app_observes` (
  `id` bigint NOT NULL AUTO_INCREMENT,
  `sessionDate` date NOT NULL,
  `comments` varchar(200) DEFAULT NULL,
  `camera_id` bigint DEFAULT NULL,
  `dog_id` int DEFAULT NULL,
  PRIMARY KEY (`id`),
  UNIQUE KEY `dogs_app_observes_dog_id_camera_id_sessionDate_90083ae1_uniq` (`dog_id`,`camera_id`,`sessionDate`),
  KEY `dogs_app_observes_camera_id_5cb8b9e0_fk_dogs_app_camera_id` (`camera_id`),
  CONSTRAINT `dogs_app_observes_camera_id_5cb8b9e0_fk_dogs_app_camera_id` FOREIGN KEY (`camera_id`) REFERENCES `dogs_app_camera` (`id`),
  CONSTRAINT `dogs_app_observes_dog_id_5b836e9e_fk_dogs_app_dog_dogID` FOREIGN KEY (`dog_id`) REFERENCES `dogs_app_dog` (`dogID`)
) ENGINE=InnoDB AUTO_INCREMENT=57 DEFAULT CHARSET=utf8mb3;
/*!40101 SET character_set_client = @saved_cs_client */;

--
-- Dumping data for table `dogs_app_observes`
--

LOCK TABLES `dogs_app_observes` WRITE;
/*!40000 ALTER TABLE `dogs_app_observes` DISABLE KEYS */;
INSERT INTO `dogs_app_observes` VALUES (1,'2023-09-16','Our first attempt!',1,4),(2,'2023-09-16',NULL,7,4),(3,'2023-09-16',NULL,6,5),(4,'2023-09-16',NULL,6,18),(5,'2023-09-16',NULL,5,10),(6,'2023-09-16',NULL,4,9),(7,'2023-09-16',NULL,4,6),(9,'2023-09-16',NULL,7,NULL),(10,'2023-09-16',NULL,6,8),(11,'2023-09-13','Nothing to Say',4,1),(12,'2024-01-12','Nothing',3,1),(13,'2023-09-11','Wall',2,1),(17,'2024-01-12','aa',1,1),(18,'2024-01-13','aa',3,1),(19,'2024-01-09','aa',5,1),(20,'2024-01-08',NULL,2,1),(21,'2024-01-10','aa',7,1),(22,'2023-09-07',NULL,3,1),(23,'2024-01-14','3245',2,1),(24,'2023-09-18',NULL,3,1),(28,'2023-09-19',NULL,1,NULL),(29,'2023-09-13','Nothing to Say',4,NULL),(31,'2023-09-13','Nothing to Say',4,NULL),(35,'2023-09-13','Nothing to Say',4,NULL),(36,'2024-01-21','We don\'t do comments around here.',1,1),(37,'2024-01-18','56',7,1),(38,'2024-01-18','56',2,1),(39,'2024-01-11','',6,1),(40,'2024-01-26','w',1,7),(42,'2024-01-08','test',3,15),(43,'2023-09-16',NULL,7,NULL),(44,'2023-09-16',NULL,7,NULL),(46,'2023-09-16',NULL,7,NULL),(47,'2023-09-16',NULL,7,NULL),(52,'2023-09-16',NULL,7,563),(53,'2024-02-17','First attempt.',16,566),(54,'2024-01-01','',15,566),(55,'2024-02-18',NULL,16,566),(56,'2024-02-21',NULL,15,565);
/*!40000 ALTER TABLE `dogs_app_observes` ENABLE KEYS */;
UNLOCK TABLES;

--
-- Table structure for table `dogs_app_owner`
--

DROP TABLE IF EXISTS `dogs_app_owner`;
/*!40101 SET @saved_cs_client     = @@character_set_client */;
/*!50503 SET character_set_client = utf8mb4 */;
CREATE TABLE `dogs_app_owner` (
  `ownerSerialNum` int NOT NULL AUTO_INCREMENT,
  `firstName` varchar(50) NOT NULL,
  `lastName` varchar(50) DEFAULT NULL,
  `ownerID` varchar(9) DEFAULT NULL,
  `ownerAddress` varchar(100) DEFAULT NULL,
  `city` varchar(50) DEFAULT NULL,
  `phoneNum` varchar(9) DEFAULT NULL,
  `cellphoneNum` varchar(10) DEFAULT NULL,
  `comments` varchar(250) DEFAULT NULL,
  `branch_id` bigint NOT NULL,
  PRIMARY KEY (`ownerSerialNum`),
  UNIQUE KEY `dogs_app_owner_ownerID_d36d18b2_uniq` (`ownerID`),
  KEY `dogs_app_owner_branch_id_ea991f73_fk_dogs_app_branch_id` (`branch_id`),
  CONSTRAINT `dogs_app_owner_branch_id_ea991f73_fk_dogs_app_branch_id` FOREIGN KEY (`branch_id`) REFERENCES `dogs_app_branch` (`id`)
) ENGINE=InnoDB AUTO_INCREMENT=38 DEFAULT CHARSET=utf8mb3;
/*!40101 SET character_set_client = @saved_cs_client */;

--
-- Dumping data for table `dogs_app_owner`
--

LOCK TABLES `dogs_app_owner` WRITE;
/*!40000 ALTER TABLE `dogs_app_owner` DISABLE KEYS */;
INSERT INTO `dogs_app_owner` VALUES (1,'Brans','Starks','308657322','George Weisz 16','Tel Aviv','049918254','0545213120','Seemed like he had a great story',1),(2,'Johny','Mortsen','305040448','Volsfon Street, 17th','Tel Aviv','049913567','0546789234','No Comments Whatsoever',1),(3,'Jimmys',NULL,NULL,NULL,'Eilat',NULL,NULL,'Ran off like crazy',1),(4,'Genes',NULL,NULL,NULL,'Haifa',NULL,NULL,'Red Haired',1),(5,'Zacharia','Beck','541571832','83165 Shepard Prairie Apt. 464, New Patrickborough, ND 24949','Kyliebury','357491510','0546789234','Generated by Faker',1),(6,'Emily','Sullivan','933579643','67911 Miller Trail, West Pamela, PW 22143','Francesstad','121457308','0546789234','Generated by Faker',1),(7,'Matthews','Davis','128831127','PSC 9072, Box 2627, APO AA 12466','Port Amy','261585733','0546789234','Generated by Faker',1),(8,'Derek','Gay','709680994','09533 Cheryl Walk, Campbellshire, MP 25720','Matthewstad','829605505','0546789234','Generated by Faker',1),(9,'Davids','Moore','110378399','Unit 9763 Box 9198, DPO AE 22270','New Kayla','357866692','0546789234','Generated by Faker',1),(10,'Zacharia','King','933471964','270 Michael Ford Suite 885, Sheltonshire, TX 81436','North Brandonland','918343364','0546789234','Generated by Faker',1),(11,'Logan','Buckley','360873700','30716 James Village, Chaseville, PA 62544','Khanborough','332109889','0546789234','Generated by Faker',1),(12,'Elizabeth','Keith','827935545','9827 Ruiz Harbor Suite 739, Danielhaven, OH 03839','Johnsonshire','997818852','0546789234','Generated by Faker',1),(13,'Brittany','Thomas','606762744','6165 Tina Springs Suite 301, Hurleyport, KY 97699','New Aaronville','577561512','0546789234','Generated by Faker',1),(14,'Stacy','Larson','505609341','Unit 9575 Box 5765, DPO AP 27546','West Anthonyton','620867684','0546789234','Generated by Faker',1),(15,'Rebecca','Logans','143353081','804 Sherry Loaf Apt. 416, North Brian, AS 91403','Larryport','970530556','0546789234','Generated by Faker',1),(16,'Thorman','Peters','776871977','39200 Jones Road, West Julie, AZ 01606','South Michaelchester','317632142','0546789234','Generated by Faker',1),(17,'Bradly','Cooper','308657369','George Weisz 16','Tel Aviv','049914669','0545213123','Looked like he had a great story',1),(18,'Bradly22','Cooper','308657361','George Weisz 16','Tel Aviv','049914669','0545213123','Looked like he had a great story',1),(19,'John','Tucker','308657368','George Weisz 16','Tel Aviv','049914669','0545213123','Looked like he had a great story',1),(35,'Israa','Mirage','123123124',NULL,NULL,NULL,NULL,NULL,1),(36,'Larry','David','456456','California','Los Angeles',NULL,NULL,NULL,2),(37,'Chip','Chop','1305',NULL,NULL,NULL,NULL,NULL,2);
/*!40000 ALTER TABLE `dogs_app_owner` ENABLE KEYS */;
UNLOCK TABLES;

--
-- Table structure for table `dogs_app_profile`
--

DROP TABLE IF EXISTS `dogs_app_profile`;
/*!40101 SET @saved_cs_client     = @@character_set_client */;
/*!50503 SET character_set_client = utf8mb4 */;
CREATE TABLE `dogs_app_profile` (
  `id` bigint NOT NULL AUTO_INCREMENT,
  `phone_number` varchar(15) DEFAULT NULL,
  `address` varchar(255) DEFAULT NULL,
  `image` varchar(100) NOT NULL,
  `user_id` int NOT NULL,
  PRIMARY KEY (`id`),
  UNIQUE KEY `user_id` (`user_id`),
  CONSTRAINT `dogs_app_profile_user_id_775c32e2_fk_auth_user_id` FOREIGN KEY (`user_id`) REFERENCES `auth_user` (`id`)
) ENGINE=InnoDB AUTO_INCREMENT=7 DEFAULT CHARSET=utf8mb3;
/*!40101 SET character_set_client = @saved_cs_client */;

--
-- Dumping data for table `dogs_app_profile`
--

LOCK TABLES `dogs_app_profile` WRITE;
/*!40000 ALTER TABLE `dogs_app_profile` DISABLE KEYS */;
INSERT INTO `dogs_app_profile` VALUES (1,'0545234562','Saladin','profile_pictures/1666170550315.jpeg',1),(2,NULL,NULL,'profile_pictures/regularjoe.jpg',2),(3,'0548-123-220','HaHistadrut 12, Tel Aviv','/profile_pictures/default.jpg',3),(6,'123123123123',NULL,'profile_pictures/default.jpg',6);
/*!40000 ALTER TABLE `dogs_app_profile` ENABLE KEYS */;
UNLOCK TABLES;

--
-- Table structure for table `dogs_app_treatment`
--

DROP TABLE IF EXISTS `dogs_app_treatment`;
/*!40101 SET @saved_cs_client     = @@character_set_client */;
/*!50503 SET character_set_client = utf8mb4 */;
CREATE TABLE `dogs_app_treatment` (
  `treatmentID` int NOT NULL AUTO_INCREMENT,
  `treatmentName` varchar(50) NOT NULL,
  `treatmentDate` date DEFAULT NULL,
  `treatedBy` varchar(50) NOT NULL,
  `comments` varchar(250) DEFAULT NULL,
  `dog_id` int NOT NULL,
  PRIMARY KEY (`treatmentID`),
  KEY `dogs_app_treatment_dog_id_1b7891c2_fk_dogs_app_dog_dogID` (`dog_id`),
  CONSTRAINT `dogs_app_treatment_dog_id_1b7891c2_fk_dogs_app_dog_dogID` FOREIGN KEY (`dog_id`) REFERENCES `dogs_app_dog` (`dogID`)
) ENGINE=InnoDB AUTO_INCREMENT=141 DEFAULT CHARSET=utf8mb3;
/*!40101 SET character_set_client = @saved_cs_client */;

--
-- Dumping data for table `dogs_app_treatment`
--

LOCK TABLES `dogs_app_treatment` WRITE;
/*!40000 ALTER TABLE `dogs_app_treatment` DISABLE KEYS */;
INSERT INTO `dogs_app_treatment` VALUES (2,'Rash Treatment','2023-05-01','Roey','All good!',5),(4,'Fatigue','2018-12-12','Shelly','Everything looking good',13),(5,'Rash Treatment','2022-05-20','Meirav','Improvement noted',14),(6,'Fatigue','2022-08-15','Meirav','Further treatment required',15),(7,'Coughing','2021-10-10','Ali','Had to tranquilize the dog',16),(8,'Fleas','2020-08-09','Rob','Had to tranquilize the dog',17),(9,'High Fever','2022-10-05','Mac','Needs to be rechecked',18),(11,'Sneezing','2023-01-15','Rob','Had to tranquilize the dog',10),(12,'Sneezing','2023-05-24','Samantha','Everything looking good',9),(13,'Rash Treatment','2020-07-07','Charlie','All good!',8),(14,'Rash Treatment','2021-08-29','Charlie','All good!',7),(15,'Coughing','2022-10-16','Charlie','All good!',6),(16,'Underweight','2022-11-23','Anastasia','Had to tranquilize the dog',5),(17,'Coughing','2022-02-23','Meirav','Had to tranquilize the dog',4),(24,'Heart Check','2024-02-02','Junior','Healthy rhythm.',1),(25,'Ears Cleaning','2024-01-28','Dvora','Sometimes the dog would shake when touched too quickly. Longtail is naturally very gentle but has ear sensitivity and must be monitored for further changes. I advice future endearers to tread carefully, he may not be into biting but tread lightly....',1),(46,'hddfs','2024-01-03','sdfsdf','sdfsdfsdf',1),(109,'sd','2024-01-13','asdsa','sss',1),(110,'testsss','2024-01-17','ana','sssss/aa222',1),(112,'asdasd','2024-01-03','asd','ss',1),(113,'asdasdss','2024-01-03','asd','ss',1),(115,'ttt','2024-01-10','sss',NULL,1),(116,'testt','2024-01-04','Samu','',5),(120,'testeds','2024-01-31','tester','aaa',1),(121,'testeds','2024-01-31','testers','aaa',1),(125,'General checkup','2024-01-27','abs',NULL,1),(135,'Infection','2021-09-04','Meirav','Needs to be rechecked',563),(136,'Flu',NULL,'James',NULL,566),(137,'Nose Surgery','2024-02-07','Yael','',566),(138,'Nosebleed','2024-02-18','Jane','Randomly chosen!',566);
/*!40000 ALTER TABLE `dogs_app_treatment` ENABLE KEYS */;
UNLOCK TABLES;
/*!40103 SET TIME_ZONE=@OLD_TIME_ZONE */;

/*!40101 SET SQL_MODE=@OLD_SQL_MODE */;
/*!40014 SET FOREIGN_KEY_CHECKS=@OLD_FOREIGN_KEY_CHECKS */;
/*!40014 SET UNIQUE_CHECKS=@OLD_UNIQUE_CHECKS */;
/*!40101 SET CHARACTER_SET_CLIENT=@OLD_CHARACTER_SET_CLIENT */;
/*!40101 SET CHARACTER_SET_RESULTS=@OLD_CHARACTER_SET_RESULTS */;
/*!40101 SET COLLATION_CONNECTION=@OLD_COLLATION_CONNECTION */;
/*!40111 SET SQL_NOTES=@OLD_SQL_NOTES */;

-- Dump completed on 2024-02-22 19:03:38
